sSourceId,sSpectralType,fVmag,fTeffK,fRadiusRsun,fMassMsun,fLuminosityLsun,fDistancePc,sName,sHip,fEeidAu,fEeidMas,fEarthZoneInnerAu,fEarthZoneInnerMas,fEarthZoneInnerLamD550,fEarthZoneInnerLamD1000,fEarthZoneOuterAu,fEarthZoneOuterMas,fEarthZoneOuterLamD550,fEarthZoneOuterLamD1000,fClassicHzInnerAu,fClassicHzInnerMas,fClassicHzInnerLamD550,fClassicHzInnerLamD1000,fClassicHzOuterAu,fClassicHzOuterMas,fClassicHzOuterLamD550,fClassicHzOuterLamD1000,fCompClassicHz,fCompAlbedoClassicHz,fObservedFractionClassicHz,fTimeDaysClassicHz,fCharDaysClassicHz,fYieldClassicHz,fCompMaxReachableClassicHz,fCompEarthZone,fCompAlbedoEarthZone,fObservedFractionEarthZone,fTimeDaysEarthZone,fCharDaysEarthZone,fYieldEarthZone,fCompMaxReachableEarthZone
TIC 353969903,M2+V,7.52,3469.1,0.427837,0.404274,0.0238846,2.5461,HD  95735,54035,0.154547,60.6993,0.148365,58.2714,3.0819,1.69505,0.185456,72.8392,3.85238,2.11881,0.146819,57.6644,3.0498,1.67739,0.258093,101.368,5.36122,2.94867,0.983992,0.966877,1,1.95321,1.01537,0.246606,1,0.998067,0.993731,1,1.97829,0.701546,0.0517134,1
TIC 231698181,K5V,4.69,4641,0.728493,0.739232,0.221815,3.63848,eps Ind,108870,0.470973,129.442,0.452134,124.264,6.5722,3.61471,0.565167,155.331,8.21524,4.51838,0.447424,122.97,6.50374,3.57705,0.786525,216.168,11.4329,6.28809,0.981782,0.965374,1,2.01936,1.20497,0.246223,1,0.998087,0.993925,1,1.79579,0.586658,0.0517235,1
TIC 419015728,G8V,3.5,5356,0.837177,0.92,0.519627,3.65217,tau Cet,8102,0.720852,197.376,0.692017,189.481,10.0214,5.51179,0.865022,236.852,12.5268,6.88973,0.684809,187.508,9.91704,5.45437,1.20382,329.618,17.4331,9.58821,0.98293,0.964555,1,2.06326,1.12018,0.246014,0.999667,0.998303,0.994147,1,1.54481,0.469496,0.051735,1
TIC 165602000,K5V,5.21,4441,0.670885,0.679527,0.15773,3.49625,61 Cyg A,104214,0.397152,113.594,0.381266,109.05,5.76753,3.17214,0.476583,136.313,7.20941,3.96518,0.377295,107.914,5.70745,3.1391,0.663244,189.702,10.0331,5.5182,0.980081,0.961718,1,2.23025,1.53429,0.24529,1,0.998317,0.992911,1,1.91411,0.740185,0.0516707,1
TIC 165602023,K7V,6.03,4107,0.637918,0.61,0.104309,3.49607,61 Cyg B,104217,0.32297,92.3809,0.310051,88.6856,4.69047,2.57976,0.387564,110.857,5.86309,3.2247,0.306821,87.7618,4.64161,2.55289,0.53936,154.276,8.15947,4.48771,0.977345,0.95684,1,2.33171,1.65933,0.244046,1,0.997791,0.991476,1,2.08688,0.901632,0.051596,1
TIC 155315739,M2V,7.39,3676.3,0.501104,0.459793,0.0413233,3.28773,HD 217987,114046,0.203281,61.8304,0.19515,59.3571,3.13933,1.72663,0.243937,74.1964,3.92416,2.15829,0.193117,58.7388,3.10662,1.70864,0.33948,103.257,5.46112,3.00362,0.971761,0.946249,1,2.9558,2.72635,0.241345,1,0.996801,0.989232,1,2.88747,1.9579,0.0514793,1
TIC 1674663309,K0V,4.208,5298,0.85114,0.825646,0.514215,5.11236,70 Oph A,,0.717088,140.265,0.688404,134.655,7.12173,3.91695,0.860505,168.319,8.90216,4.89619,0.681233,133.252,7.04755,3.87615,1.19754,234.243,12.3888,6.81386,0.956296,0.927168,1,2.85926,3.0779,0.236478,0.999,0.99575,0.987295,1,2.49049,1.98437,0.0513785,0.999667
TIC 159746875,M1V,6.68,3599,0.831705,0.581428,0.104559,3.96915,V* AX Mic,105090,0.323356,81.4672,0.310421,78.2085,4.13635,2.27499,0.388027,97.7607,5.17044,2.84374,0.307188,77.3939,4.09327,2.2513,0.540004,136.05,7.19553,3.95754,0.956299,0.924456,1,3.31905,2.69617,0.235786,1,0.995558,0.983263,1,3.15869,1.83787,0.0511686,1
TIC 262143945,F7(V)+G0(V),4.49,6299,0.431981,1.33,0.264674,4.5079,del Equ,104858,0.514465,114.125,0.493886,109.56,5.7945,3.18697,0.617358,136.95,7.24312,3.98372,0.488741,108.419,5.73414,3.15378,0.859156,190.589,10.08,5.54401,0.954469,0.923191,1,2.9857,4.36278,0.235464,0.999333,0.996389,0.988479,1,2.31999,2.88211,0.0514401,1
TIC 67772871,K0V,4.43,5133,0.827479,0.85,0.428247,5.00925,omi02 Eri,19849,0.654405,130.64,0.628229,125.414,6.63299,3.64814,0.785287,156.767,8.29123,4.56018,0.621685,124.108,6.56389,3.61014,1.09286,218.168,11.5386,6.34625,0.955094,0.918286,1,2.95551,3.32518,0.234213,1,0.99672,0.988513,1,2.63038,2.0738,0.0514419,1
TIC 118572803,K2V,3.73,5098,0.749618,0.811199,0.341959,3.21978,eps Eri,16537,0.584773,181.619,0.561382,174.354,9.22138,5.07176,0.701727,217.943,11.5267,6.3397,0.555534,172.538,9.12532,5.01893,0.97657,303.304,16.0414,8.82274,0.958017,0.91676,1,4.71731,4.32109,0.233823,0.999667,0.994935,0.979784,1,3.046,1.76616,0.0509876,1
TIC 1674663308,K4V,6.07,4348.38,0.708943,0.679663,0.161892,5.10433,70 Oph B,,0.402358,78.8269,0.386264,75.6738,4.00229,2.20126,0.48283,94.5923,5.00287,2.75158,0.38224,74.8855,3.9606,2.17833,0.671939,131.641,6.96232,3.82928,0.921484,0.888708,1,3.45587,5.13917,0.226669,1,0.992021,0.977249,1,3.5045,4.85136,0.0508556,1
TIC 301051051,G6V,4.27,5432,0.919128,0.885996,0.662652,6.04108,e Eri,15510,0.814034,134.75,0.781473,129.36,6.84168,3.76292,0.976841,161.7,8.5521,4.70365,0.773333,128.012,6.77041,3.72373,1.35944,225.032,11.9017,6.54592,0.914195,0.869631,1,3.62979,5.29347,0.221803,0.999667,0.990771,0.977164,1,3.64096,4.39143,0.0508513,0.999667
TIC 79454735,K2V+K1V,4.33,5132,0.731434,0.809493,0.334343,5.9522,36 Oph,84405,0.578224,97.1446,0.555095,93.2588,4.93234,2.71279,0.693868,116.574,6.16543,3.39099,0.549312,92.2874,4.88097,2.68453,0.965634,162.231,8.58022,4.71912,0.905644,0.864307,1,3.61042,6.14542,0.220445,1,0.978392,0.965997,1,3.71447,5.75512,0.0502701,1
TIC 259237827,K0V,4.68,5298,0.78104,0.828676,0.433002,5.76369,sig Dra,96100,0.658028,114.168,0.631707,109.601,5.79667,3.18817,0.789634,137.001,7.24583,3.98521,0.625127,108.459,5.73629,3.15496,1.09891,190.66,10.0838,5.54608,0.902744,0.863775,1,3.64785,6.16781,0.220309,0.999333,0.989407,0.975942,1,3.69061,5.38552,0.0507876,1
TIC 389198736,,5.32,4980,0.684631,0.714,0.259732,6.011,IRAS 20079-3614,99461,0.509639,84.7843,0.489253,81.393,4.30477,2.36763,0.611566,101.741,5.38097,2.95953,0.484157,80.5451,4.25993,2.34296,0.851097,141.59,7.48851,4.11868,0.892172,0.856168,1,3.5467,6.87819,0.218369,1,0.960477,0.945601,1,3.90434,6.81554,0.0492087,1
TIC 371520835,K6VeFe-1,6.61,4097,0.680285,0.666,0.117474,4.8699,HD  88230,49908,0.342744,70.3802,0.329034,67.565,3.57343,1.96539,0.411293,84.4562,4.46679,2.45673,0.325607,66.8612,3.5362,1.94491,0.572383,117.535,6.21628,3.41895,0.895851,0.849888,1,3.91522,6.83585,0.216767,1,0.986058,0.96469,1,4.52067,7.13679,0.0502021,1
TIC 287157634,K4V,5.72,4632,0.732989,0.75,0.222825,5.88503,HD 131977,73184,0.472043,80.2109,0.453161,77.0025,4.07256,2.23991,0.566452,96.2531,5.09071,2.79989,0.448441,76.2003,4.03014,2.21658,0.788312,133.952,7.08457,3.89651,0.882929,0.844757,1,3.79507,7.14579,0.215459,0.999667,0.957934,0.944968,1,4.23696,7.24411,0.0491757,1
TIC 1277142190,K1V,5.03,5144,0.724389,0.814581,0.33101,5.94705,36 Oph B,,0.575335,96.7429,0.552322,92.8732,4.91195,2.70157,0.690402,116.091,6.13993,3.37696,0.546568,91.9057,4.86078,2.67343,0.96081,161.561,8.54474,4.69961,0.88465,0.84243,1,3.93824,7.43759,0.214865,1,0.973867,0.955845,1,3.89602,7.10374,0.0497418,1
TIC 445258206,F9V,3.44,5907,1.07443,0.960048,1.26624,5.92225,eta Cas,3821,1.12527,190.008,1.08026,182.408,9.64732,5.30602,1.35033,228.01,12.0591,6.63253,1.06901,180.508,9.54682,5.25075,1.87921,317.313,16.7823,9.23027,0.890024,0.835697,1,3.90243,5.17234,0.213148,0.988667,0.989872,0.970579,1,3.44486,4.04636,0.0505086,0.999
TIC 440109725,M2V,8.09,3437,0.435691,0.398713,0.0238654,3.562,V* GX And,1475,0.154484,43.3701,0.148305,41.6353,2.20204,1.21112,0.185381,52.0441,2.75255,1.5139,0.14676,41.2016,2.1791,1.19851,0.257989,72.4281,3.83063,2.10685,0.87383,0.831016,1,4.46276,9.39175,0.211954,1,0.906184,0.894178,1,4.75307,12.5753,0.0465327,1
TIC 311180437,G7Ve+K5Ve,4.593,5620,0.785225,0.903705,0.554151,6.75119,ksi Boo,72659,0.744413,110.264,0.714637,105.853,5.59845,3.07915,0.893296,132.317,6.99807,3.84894,0.707193,104.751,5.54014,3.04708,1.24317,184.141,9.73898,5.35644,0.870212,0.830323,1,3.71512,7.77946,0.211777,0.999333,0.943269,0.92733,1,3.45645,7.28986,0.0482579,0.999667
TIC 409891396,G8IV,3.56,5576,1.19886,0.99,1.25176,6.09927,del Pav,99240,1.11882,183.435,1.07407,176.098,9.31358,5.12247,1.34258,220.122,11.642,6.40309,1.06288,174.263,9.21656,5.06911,1.86843,306.336,16.2017,8.91096,0.879701,0.822337,1,3.94322,5.5882,0.20974,0.988667,0.988637,0.966668,1,3.85863,4.5206,0.050305,0.998667
TIC 283722336,K3V,5.57,4874,0.754778,0.8,0.289651,6.54001,HD 219134,114622,0.538192,82.2923,0.516665,79.0006,4.17824,2.29803,0.645831,98.7507,5.2228,2.87254,0.511283,78.1777,4.13472,2.2741,0.898781,137.428,7.2684,3.99762,0.85426,0.819612,1,3.72858,8.48091,0.209045,1,0.911969,0.897656,1,4.08779,8.81734,0.0467137,1
TIC 79841001,K5V,6.34,4476,0.660382,0.68191,0.157705,5.95277,V* V2215 Oph,84478,0.397121,66.7119,0.381236,64.0435,3.38718,1.86295,0.476545,80.0543,4.23397,2.32869,0.377265,63.3763,3.3519,1.84354,0.663192,111.409,5.89228,3.24075,0.849072,0.807746,1,3.93383,9.41216,0.206019,1,0.896629,0.879252,1,4.05979,10.3076,0.0457559,1
TIC 113710966,K1V,5.24,5204,0.832589,0.812799,0.458041,7.64139,107 Psc,7981,0.676788,88.5686,0.649716,85.0259,4.49691,2.4733,0.812145,106.282,5.62114,3.09163,0.642948,84.1402,4.45007,2.44754,1.13024,147.91,7.82276,4.30252,0.836006,0.794398,1,4.39561,10.521,0.202615,0.999,0.883013,0.870105,1,3.7079,9.81461,0.0452799,1
TIC 252191219,G5Vb,5.17,5342,0.808143,0.78,0.479167,7.6753,mu. Cas,5336,0.692219,90.1879,0.66453,86.5803,4.57913,2.51852,0.830663,108.225,5.72391,3.14815,0.657608,85.6785,4.53143,2.49229,1.15601,150.614,7.96577,4.38118,0.794237,0.754172,0.995,4.21441,12.1885,0.192355,0.997667,0.838145,0.820616,1,3.46455,11.3626,0.0427045,0.999333
TIC 359676790,M3V,8.94,3282,0.391692,0.331462,0.0160376,3.52285,HD 173739,91768,0.12664,35.948,0.121574,34.5101,1.8252,1.00386,0.151967,43.1376,2.2815,1.25482,0.120308,34.1506,1.80618,0.993402,0.211488,60.0332,3.17508,1.7463,0.797023,0.753755,1,5.91268,18.5416,0.192248,0.975667,0.76643,0.759836,0.91,4.7935,25.0731,0.0395416,0.960333
TIC 422478973,G6.5V,4.74,5552,0.991054,0.98,0.84079,8.53191,61 Vir,64924,0.916946,107.472,0.880268,103.174,5.45672,3.0012,1.10033,128.967,6.82091,3.7515,0.871098,102.099,5.39988,2.96994,1.5313,179.479,9.49243,5.22083,0.789818,0.746067,0.995,4.56348,12.0749,0.190287,0.981333,0.847673,0.829635,0.995,3.79721,10.8572,0.0431739,0.999667
TIC 278962915,K3V,5.826,4870,0.746306,0.78,0.282257,7.22807,HD  16160,12114,0.531278,73.5021,0.510027,70.562,3.73194,2.05257,0.637534,88.2025,4.66492,2.56571,0.504714,69.827,3.69306,2.03119,0.887235,122.749,6.49202,3.57061,0.779078,0.742484,0.995,4.34364,13.6824,0.189374,0.999333,0.809799,0.79978,0.995,3.89616,14.2334,0.0416203,1
TIC 458445966,G0V,4.25,5878,1.06443,0.977349,1.21856,8.47174,bet CVn,61317,1.10388,130.302,1.05973,125.09,6.61584,3.63871,1.32466,156.362,8.2698,4.54839,1.04869,123.787,6.54693,3.60081,1.84348,217.604,11.5088,6.32984,0.785269,0.741427,1,4.46115,10.8232,0.189104,0.973667,0.860885,0.842785,1,4.24213,10.1683,0.0438582,0.999333
TIC 154385728,K3V+K5V,5.89,4886,0.612109,0.798059,0.192383,6.97107,HD 156384,84709,0.438615,62.9193,0.42107,60.4025,3.19461,1.75704,0.526338,75.5031,3.99327,2.1963,0.416684,59.7733,3.16134,1.73874,0.732487,105.075,5.5573,3.05651,0.752917,0.712781,0.89,4.49454,13.9079,0.181798,0.998333,0.775033,0.766104,0.88,3.50665,14.5291,0.0398678,1
TIC 257393898,K2.5V,5.74,5007,0.728119,0.761506,0.3002,7.43315,HD   4628,3765,0.547905,73.711,0.525989,70.7626,3.74254,2.0584,0.657486,88.4532,4.67818,2.573,0.520509,70.0255,3.70356,2.03696,0.915001,123.097,6.51047,3.58076,0.736095,0.697031,0.96,4.27624,14.8874,0.177781,0.998333,0.76584,0.753473,0.91,3.60399,11.7427,0.0392104,0.999667
TIC 114776214,G0V,4.4,5943,0.992835,1.0001,1.10783,8.70367,chi01 Ori,27913,1.05253,120.93,1.01043,116.093,6.14,3.377,1.26304,145.116,7.675,4.22125,0.999907,114.883,6.07604,3.34182,1.75773,201.953,10.681,5.87457,0.741109,0.695736,0.94,4.6026,12.3168,0.17745,0.966333,0.806894,0.792526,1,3.92908,13.3891,0.0412428,0.998667
TIC 206686962,K4Ve,6.48,4601,0.696737,0.725449,0.195994,7.59959,V* TW PsA,113283,0.442712,58.2546,0.425003,55.9245,2.95778,1.62678,0.531254,69.9056,3.69722,2.03347,0.420576,55.3419,2.92697,1.60983,0.739328,97.2853,5.1453,2.82991,0.739526,0.694632,0.81,5.76336,16.1706,0.177169,0.982,0.793015,0.785991,0.81,4.69948,17.6472,0.0409027,0.999667
TIC 231005905,K2V,5.685,5025,0.775159,0.848425,0.34516,8.18861,p Eri A,7751,0.587503,71.7464,0.564003,68.8765,3.6428,2.00354,0.705004,86.0957,4.55349,2.50442,0.558128,68.1591,3.60485,1.98267,0.98113,119.816,6.33695,3.48532,0.729749,0.689724,0.87,4.6139,14.4551,0.175917,0.988333,0.770681,0.761223,0.87,3.44706,11.5558,0.0396138,0.999667
TIC 144294174,F8.5:V+G2V,3.79,5686,0.919188,1.01165,0.795667,8.7327,ksi UMa,55203,0.892002,102.145,0.856321,98.0592,5.18623,2.85243,1.0704,122.574,6.48279,3.56553,0.847401,97.0377,5.13221,2.82271,1.48964,170.582,9.02188,4.96203,0.720818,0.683602,0.89,4.33372,12.4537,0.174356,0.975333,0.775195,0.760798,0.895,3.35702,10.6337,0.0395916,0.999333
TIC 326096771,K2+V,5.723,5087,0.819456,0.815798,0.405129,8.80886,HD 192310,99825,0.636497,72.2565,0.611038,69.3663,3.6687,2.01778,0.763797,86.7078,4.58587,2.52223,0.604673,68.6437,3.63048,1.99676,1.06295,120.668,6.382,3.5101,0.728131,0.68217,0.81,5.38159,14.19,0.17399,0.955667,0.793038,0.781688,0.805,3.98531,12.6724,0.0406788,1
TIC 900080356,F8.5:V,4.25,5929,1.06301,1.08126,1.25805,8.7327,ksi UMa A,,1.12163,128.44,1.07676,123.303,6.52132,3.58673,1.34596,154.128,8.15165,4.48341,1.06555,122.018,6.45339,3.54936,1.87312,214.495,11.3444,6.23941,0.727622,0.681163,0.99,4.52809,13.4277,0.173733,0.965667,0.811039,0.78648,0.995,4.03025,12.8371,0.0409281,0.999333
TIC 1101124559,K5Ve,6.816,4300.36,0.643121,0.67,0.127439,6.7467,ksi Boo B,,0.356986,52.9126,0.342706,50.7961,2.68654,1.4776,0.428383,63.4951,3.35818,1.847,0.339136,50.267,2.65856,1.46221,0.596166,88.3641,4.67347,2.57041,0.716926,0.680335,0.84,5.23433,17.9769,0.173522,0.997,0.749746,0.740226,0.76,3.27821,17.334,0.0385211,1
TIC 231005052,K2V,5.797,5111,0.70394,0.772891,0.304642,8.19605,p Eri B,7751,0.551943,67.3426,0.529866,64.6489,3.4192,1.88056,0.662332,80.8111,4.274,2.3507,0.524346,63.9755,3.38358,1.86097,0.921746,112.462,5.94798,3.27139,0.720451,0.680324,0.795,4.77642,14.0394,0.173519,0.977667,0.765624,0.75628,0.775,3.43741,12.4592,0.0393565,0.999667
TIC 287157635,M1.5V,8.065,4077,0.538981,0.606,0.072311,5.9,HD 131976,73182,0.268907,45.5775,0.258151,43.7544,2.31411,1.27276,0.322688,54.693,2.89264,1.59095,0.255462,43.2986,2.29001,1.2595,0.449075,76.1144,4.02559,2.21408,0.718491,0.678534,0.825,6.07102,19.3191,0.173063,0.957667,0.735854,0.728375,0.8,4.53144,24.7913,0.0379043,0.941
TIC 425935521,F9.5V,4.23,5932,1.07274,1.01274,1.28377,8.60639,zet Tuc,1599,1.13304,131.651,1.08771,126.385,6.68432,3.67638,1.35964,157.981,8.3554,4.59547,1.07638,125.068,6.61469,3.63808,1.89217,219.856,11.6279,6.39536,0.712252,0.670081,0.995,4.40348,13.8085,0.170907,0.97,0.782039,0.760972,0.995,3.97358,14.0507,0.0396007,0.999
TIC 343813545,G5V,4.85,5709,0.959713,1.02,0.881491,9.27156,kap01 Cet,15457,0.938878,101.264,0.901322,97.2137,5.14151,2.82783,1.12665,121.517,6.42689,3.53479,0.891934,96.201,5.08795,2.79837,1.56793,169.111,8.94409,4.91925,0.703811,0.652901,0.87,4.57956,13.5161,0.166525,0.954667,0.768876,0.755536,0.87,3.57247,11.4228,0.0393178,1
TIC 217157387,G9V,5.48,5235,0.825159,0.828724,0.46072,8.78894,41 Ara,84720,0.678763,77.2293,0.651613,74.1401,3.92118,2.15665,0.814516,92.6751,4.90147,2.69581,0.644825,73.3678,3.88033,2.13418,1.13353,128.973,6.82122,3.75167,0.700438,0.651065,0.8,4.88281,13.6403,0.166057,0.965,0.756258,0.741547,0.765,3.32011,10.0479,0.0385898,0.999667
TIC 454082369,G2V,4.88,5618,0.972757,0.889921,0.84924,9.31814,HD 102365,57443,0.921542,98.8977,0.884681,94.9418,5.02135,2.76174,1.10585,118.677,6.27669,3.45218,0.875465,93.9528,4.96905,2.73298,1.53898,165.159,8.73506,4.80428,0.696735,0.647895,0.875,4.66404,14.2535,0.165248,0.953,0.770726,0.756843,0.88,3.78344,9.69708,0.0393858,0.999667
TIC 445070560,F9.5V,4.25,5996,1.10382,1.02936,1.41884,9.19577,bet Com,64394,1.19115,129.533,1.14351,124.351,6.57679,3.61723,1.42938,155.439,8.22099,4.52154,1.13159,123.056,6.50828,3.57956,1.98922,216.32,11.4409,6.29248,0.693491,0.645485,0.92,4.47724,13.0294,0.164634,0.936667,0.770905,0.749775,0.93,3.65438,12.4819,0.039018,0.998667
TIC 341873045,F7V,3.58,6101,1.32582,1.08,2.19417,8.3,chi Dra,89937,1.48127,178.466,1.42202,171.328,9.06132,4.98372,1.77753,214.16,11.3266,6.22965,1.40721,169.543,8.96693,4.93181,2.47372,298.039,15.7629,8.6696,0.696646,0.640252,0.995,4.53699,10.8201,0.163299,0.904,0.851758,0.812335,1,5.06332,11.1638,0.0422736,0.994667
TIC 101641846,G8V,5.34,5491,0.873274,0.872112,0.6246,9.57052,61 UMa,56997,0.790316,82.5782,0.758704,79.2751,4.19276,2.30602,0.94838,99.0939,5.24095,2.88252,0.750801,78.4493,4.14909,2.282,1.31983,137.906,7.29366,4.01151,0.689177,0.637417,0.785,5.1905,14.0468,0.162576,0.93,0.768169,0.75453,0.785,3.70929,11.7952,0.0392654,1
TIC 265488188,F9VFe-1.4CH-0.7,4.22,6095,1.08394,1.12366,1.46084,9.25532,gam Pav,105858,1.20865,130.59,1.1603,125.366,6.63047,3.64676,1.45038,156.708,8.28808,4.55845,1.14822,124.06,6.5614,3.60877,2.01845,218.085,11.5342,6.34384,0.677718,0.626357,0.87,4.35484,12.1692,0.159755,0.935667,0.768611,0.750339,0.895,4.18249,11.5588,0.0390474,0.999667
TIC 399665349,F6V,3.19,6443,1.35587,1.20807,2.85419,8.02446,pi.03 Ori,22449,1.68944,210.536,1.62186,202.114,10.6896,5.87927,2.02732,252.643,13.362,7.34909,1.60496,200.009,10.5782,5.81803,2.82136,351.595,18.5954,10.2275,0.681923,0.612878,1,4.52874,9.35027,0.156317,0.848333,0.881458,0.830073,1,5.96733,9.23283,0.0431967,0.993
TIC 460067868,G5IV,3.42,5513,1.79298,0.967985,2.67546,8.33481,mu.01 Her,86974,1.63568,196.247,1.57026,188.397,9.96409,5.48025,1.96282,235.496,12.4551,6.85031,1.5539,186.435,9.8603,5.42317,2.73159,327.733,17.3334,9.53335,0.678959,0.610961,1,4.76768,9.50401,0.155828,0.870667,0.878589,0.832211,1,6.8178,9.70258,0.0433079,0.992
TIC 93280676,F6V,3.6,6313,1.2833,1.1714,2.35666,8.90144,gam Lep,27072,1.53514,172.46,1.47373,165.561,8.75634,4.81598,1.84217,206.952,10.9454,6.01998,1.45838,163.837,8.66512,4.76582,2.56368,288.008,15.2324,8.37781,0.66748,0.606598,1,4.70409,12.5084,0.154715,0.878333,0.810849,0.775923,1,5.26958,12.5104,0.0403788,0.994333
TIC 63782132,G0.5VFe-0.5,4.872,5668,1.13929,0.99,1.20693,10.9149,del Tri,10644,1.0986,100.652,1.05466,96.6261,5.11044,2.81074,1.31832,120.783,6.38804,3.51342,1.04367,95.6196,5.0572,2.78146,1.83467,168.089,8.89003,4.88952,0.662054,0.601954,0.84,5.81825,15.9787,0.153531,0.841,0.813771,0.790879,0.84,4.8486,13.1752,0.0411571,0.999333
TIC 141810080,G7V,5.069,5594,0.990495,0.875239,0.865545,10.2117,alf Men,29271,0.930347,91.1062,0.893133,87.462,4.62576,2.54417,1.11642,109.327,5.78219,3.18021,0.883829,86.5509,4.57757,2.51766,1.55368,152.147,8.04689,4.42579,0.657955,0.600044,0.76,5.02001,13.9085,0.153044,0.904333,0.742227,0.724291,0.765,3.6361,11.0817,0.0376918,0.999667
TIC 251078595,K7V,7.64,4120,0.55963,0.573,0.081299,6.33228,HD  79210,45343,0.28513,45.028,0.273725,43.2269,2.28622,1.25742,0.342156,54.0336,2.85777,1.57177,0.270873,42.7766,2.2624,1.24432,0.476167,75.1968,3.97706,2.18739,0.633385,0.594496,0.785,5.93933,21.1034,0.151629,0.832,0.623353,0.616511,0.785,4.41803,30.3667,0.032083,0.814667
TIC 213041474,K3+V,6.21,4810,0.775506,0.81,0.290032,8.84238,HD  32147,23311,0.538546,60.9051,0.517004,58.4689,3.09235,1.70079,0.646255,73.0861,3.86543,2.12599,0.511619,57.8598,3.06014,1.68307,0.899372,101.712,5.3794,2.95867,0.635249,0.589121,0.76,5.83744,20.3247,0.150258,0.867667,0.715064,0.697888,0.76,4.04906,24.4526,0.0363178,0.992667
TIC 267211065,G0V,2.79,5806,1.86769,1.2,3.57119,7.4783,bet Hyi,2021,1.88976,252.699,1.81417,242.591,12.8303,7.05669,2.26771,303.239,16.0379,8.82086,1.79527,240.064,12.6967,6.98318,3.1559,422.007,22.3195,12.2757,0.647896,0.585361,1,3.99967,5.58005,0.149299,0.769333,0.92851,0.85605,1,5.8705,5.57265,0.0445485,0.98
TIC 373694425,K0V,5.63,5358,0.849578,0.8266,0.535936,10.0385,HD  10780,8362,0.732076,72.9266,0.702793,70.0095,3.70272,2.03649,0.878491,87.5119,4.62839,2.54562,0.695472,69.2802,3.66415,2.01528,1.22257,121.787,6.44118,3.54265,0.640674,0.582334,0.79,5.78364,19.5382,0.148527,0.853333,0.759552,0.740412,0.79,4.54688,20.4183,0.0385308,0.999667
TIC 93279196,K3,6.15,5027,0.696815,0.800145,0.279361,8.89022,V* AK Lep,,0.528546,59.4525,0.507404,57.0744,3.0186,1.66023,0.634255,71.343,3.77325,2.07528,0.502119,56.4799,2.98715,1.64293,0.882672,99.2857,5.2511,2.8881,0.623689,0.573871,0.82,6.17588,22.4806,0.146368,0.787333,0.718249,0.70834,0.82,4.97881,28.6163,0.0368617,0.926
TIC 58092025,K1V,5.77,5262,0.815794,0.822172,0.459684,9.8901,12 Oph,81300,0.678,68.5534,0.65088,65.8113,3.48068,1.91437,0.8136,82.2641,4.35085,2.39297,0.6441,65.1257,3.44442,1.89443,1.13226,114.484,6.05493,3.33021,0.629823,0.571671,0.82,5.91388,21.3364,0.145807,0.815333,0.750551,0.733941,0.82,4.96012,24.4854,0.038194,0.994333
TIC 302158903,F8V,4.11,6263,1.29491,1.18803,2.32435,11.1437,tet Per,12777,1.52458,136.811,1.4636,131.339,6.94635,3.82049,1.8295,164.174,8.68294,4.77562,1.44835,129.971,6.874,3.7807,2.54605,228.475,12.0838,6.64607,0.625637,0.553963,0.845,5.02984,12.5772,0.141291,0.794333,0.822791,0.773526,0.845,4.69933,10.2925,0.040254,0.993333
TIC 116988032,G0V,4.056,5952,1.41331,1.05673,2.25849,10.5712,iot Per,14632,1.50283,142.163,1.44272,136.476,7.21806,3.96993,1.80339,170.595,9.02257,4.96241,1.42769,135.055,7.14287,3.92858,2.50972,237.412,12.5564,6.90603,0.619032,0.55083,0.845,4.91929,11.6917,0.140491,0.825667,0.785596,0.749656,0.88,5.17065,9.23973,0.0390118,0.992333
TIC 50726077,M1.5Ve,7.968,3967,0.516013,0.558494,0.0594107,5.70333,HD  36395,25878,0.243743,42.737,0.233993,41.0275,2.16989,1.19344,0.292492,51.2844,2.71237,1.4918,0.231556,40.6001,2.14729,1.18101,0.407051,71.3708,3.77471,2.07609,0.58338,0.549592,0.725,5.31965,20.985,0.140176,0.875333,0.561341,0.555743,0.725,4.19881,30.6616,0.0289207,0.822
TIC 38511251,K0+IV,3.54,5045,2.37524,0.841034,3.29273,9.08822,del Eri,17378,1.81459,199.664,1.742,191.677,10.1376,5.57566,2.1775,239.596,12.672,6.96958,1.72386,189.68,10.032,5.51758,3.03036,333.438,17.6351,9.69933,0.591909,0.528444,0.995,4.84894,9.49105,0.134782,0.791333,0.842079,0.777489,1,8.46035,10.4377,0.0404603,0.984667
TIC 8915802,G8Va,5.34,5518,0.979404,0.866047,0.801207,11.2316,11 LMi,47080,0.895102,79.6949,0.859298,76.5071,4.04637,2.2255,1.07412,95.6339,5.05796,2.78188,0.850347,75.7102,4.00422,2.20232,1.49482,133.09,7.03899,3.87145,0.578277,0.51631,0.79,5.85182,21.4706,0.131687,0.771,0.735376,0.713962,0.79,5.14588,22.8565,0.0371543,0.994667
TIC 57611256,K0V,5.98,5196,0.751789,0.867444,0.371162,9.55639,20 Crt,56452,0.609231,63.7512,0.584861,61.2011,3.23685,1.78027,0.731077,76.5014,4.04606,2.22534,0.578769,60.5636,3.20313,1.76172,1.01742,106.464,5.63077,3.09692,0.546732,0.50174,0.75,5.63311,23.3128,0.127971,0.765667,0.643467,0.632832,0.75,4.61597,28.5465,0.0329323,0.939
TIC 381949122,F9VFe-0.5,4.708,6158,1.07055,1.08884,1.4848,11.6944,zet Dor,23693,1.21852,104.197,1.16978,100.029,5.29043,2.90974,1.46223,125.037,6.61303,3.63717,1.1576,98.9874,5.23532,2.87943,2.03493,174.009,9.20314,5.06173,0.559515,0.497696,0.77,5.2552,17.9365,0.126939,0.769667,0.739349,0.706079,0.77,4.55827,16.6395,0.0367441,0.995
TIC 471011144,K1V,1.33,5244,0.899855,0.895919,0.551684,1.34749,alf Cen B,71681,0.742755,551.213,0.713044,529.165,27.9869,15.3928,0.891306,661.456,34.9836,19.241,0.705617,523.652,27.6953,15.2324,1.2404,920.526,48.6855,26.777,0.494136,0.493302,1,1.19161,0.0147462,0.125819,0.505667,0.646808,0.650358,1,2.41964,0.00659252,0.0338444,0.656667
TIC 362747897,F9V,4.899,6040,1.05604,1.05948,1.33723,12.0656,zet TrA,80686,1.15639,95.8415,1.11013,92.0079,4.86618,2.6764,1.38766,115.01,6.08273,3.3455,1.09857,91.0494,4.81549,2.64852,1.93116,160.055,8.46513,4.65582,0.549674,0.487003,0.79,5.56896,20.3369,0.124212,0.727667,0.736001,0.709653,0.79,5.18638,20.4906,0.0369301,0.990333
TIC 296740796,G0-V,4.42,5898,1.36594,1.07,2.03413,11.9047,lam Ser,77257,1.42623,119.804,1.36918,115.012,6.08282,3.34555,1.71147,143.765,7.60353,4.18194,1.35492,113.814,6.01946,3.3107,2.3818,200.072,10.5816,5.81987,0.555412,0.485433,0.785,5.36858,16.0964,0.123812,0.769,0.747182,0.709288,0.785,5.2314,14.7092,0.0369111,0.990333
TIC 282210766,K3.5V,6.57,4767,0.686715,0.739075,0.219396,8.74264,HD  50281,32984,0.468397,53.5762,0.449661,51.4332,2.72024,1.49613,0.562077,64.2914,3.40029,1.87016,0.444977,50.8974,2.6919,1.48055,0.782223,89.4723,4.73208,2.60264,0.522142,0.478831,0.82,5.81753,24.722,0.122128,0.665,0.533736,0.524637,0.815,4.60032,34.3668,0.0273019,0.654667
TIC 124279525,M1V,8.125,3928,0.490092,0.542272,0.0515152,5.76067,HD  42581,29295,0.22697,39.3999,0.217891,37.8239,2.00046,1.10025,0.272364,47.2798,2.50057,1.37531,0.215621,37.4299,1.97962,1.08879,0.379039,65.7978,3.47996,1.91398,0.511173,0.478125,0.835,5.51868,24.5675,0.121948,0.646,0.30653,0.29933,0.835,3.11164,38.3095,0.015577,0.380333
TIC 251078597,M0V,7.7,4097,0.527794,0.576,0.0707111,6.33266,HD  79211,120005,0.265916,41.9911,0.255279,40.3115,2.13202,1.17261,0.319099,50.3893,2.66503,1.46577,0.25262,39.8916,2.10982,1.1604,0.444079,70.1252,3.70883,2.03986,0.508651,0.473785,0.785,5.53533,24.6001,0.120841,0.665,0.36589,0.359085,0.785,3.7602,37.3282,0.0186867,0.462333
TIC 409104974,G1.5IV-VFe-1,4.71,5854,1.29874,0.997929,1.78463,12.5573,lam Aur,24813,1.3359,106.384,1.28246,102.129,5.40148,2.97081,1.60308,127.661,6.75185,3.71351,1.26911,101.065,5.34521,2.93987,2.23095,177.662,9.39632,5.16798,0.529418,0.465472,0.795,5.57408,19.4899,0.118721,0.717,0.745551,0.708571,0.795,5.89627,19.7183,0.0368738,0.990667
TIC 279649049,G1V,5.228,5847,0.982517,0.996526,1.0165,12.039,zet02 Ret,15371,1.00822,83.746,0.967888,80.3961,4.25205,2.33863,1.20986,100.495,5.31506,2.92329,0.957805,79.5587,4.20776,2.31427,1.68372,139.856,7.3968,4.06824,0.511257,0.450551,0.81,5.73663,24.267,0.114915,0.684667,0.688491,0.661056,0.81,5.08213,26.6554,0.0344011,0.973
TIC 377415363,F6V,3.84,6285,1.45206,1.22853,2.96404,11.1594,gam Ser,78072,1.72164,154.276,1.65277,148.105,7.83311,4.30821,2.06597,185.132,9.79139,5.38527,1.63556,146.563,7.75152,4.26334,2.87514,257.642,13.6264,7.49449,0.50648,0.446469,0.735,4.39084,11.3421,0.113874,0.744,0.709632,0.656472,0.735,4.76616,9.39653,0.0341626,0.979333
TIC 279649057,G2.5VHdel1,5.54,5710,0.911372,0.969557,0.795483,12.0432,zet01 Ret,15330,0.891898,74.0584,0.856222,71.0961,3.76018,2.0681,1.07028,88.8701,4.70023,2.58513,0.847303,70.3555,3.72102,2.04656,1.48947,123.678,6.54115,3.59763,0.501111,0.443062,0.845,5.85556,25.6176,0.113005,0.576,0.646803,0.628094,0.845,5.55039,31.6984,0.0326858,0.717
TIC 416519065,F8V,4.82,6164,1.1184,1.09585,1.62682,12.942,36 UMa,51459,1.27547,98.5531,1.22445,94.611,5.00386,2.75212,1.53056,118.264,6.25482,3.44015,1.2117,93.6255,4.95174,2.72345,2.13004,164.584,8.70463,4.78755,0.501874,0.434693,0.8,5.53843,22.2709,0.11087,0.650333,0.713442,0.676379,0.8,5.36635,24.4423,0.0351985,0.948667
TIC 357336603,F5V,3.77,6470,1.50394,1.28544,3.57085,11.9011,iot Peg,109176,1.88967,158.782,1.81408,152.43,8.06185,4.43402,2.2676,190.538,10.0773,5.54252,1.79519,150.842,7.97787,4.38783,3.15575,265.165,14.0243,7.71334,0.491369,0.42466,0.815,5.10083,14.1042,0.108311,0.665333,0.757552,0.680218,0.815,6.0665,13.3684,0.0353983,0.959333
TIC 30016911,K1V,6.05,5199,0.780636,0.79807,0.401117,10.3576,HD  17925,13402,0.633338,61.1473,0.608004,58.7014,3.10464,1.70755,0.760005,73.3767,3.8808,2.13444,0.601671,58.0899,3.0723,1.68977,1.05767,102.116,5.40079,2.97043,0.466603,0.421047,0.82,5.51103,26.7867,0.10739,0.601667,0.492043,0.478512,0.81,4.35635,34.8828,0.0249016,0.615
TIC 366661076,F9V,3.6,6123,1.70593,1.17417,3.68532,10.997,bet Vir,57757,1.91972,174.567,1.84293,167.584,8.86332,4.87483,2.30366,209.48,11.0791,6.09353,1.82373,165.838,8.77099,4.82405,3.20593,291.527,15.4185,8.48017,0.487958,0.420509,0.795,4.56854,10.1455,0.107253,0.684,0.749877,0.677178,0.87,6.67223,12.2884,0.0352401,0.965
TIC 129276723,M0V,7.966,3957,0.528186,0.54719,0.0616215,6.16342,HD 191849,99701,0.248237,40.2758,0.238307,38.6648,2.04493,1.12471,0.297884,48.331,2.55616,1.40589,0.235825,38.262,2.02363,1.113,0.414555,67.2606,3.55733,1.95653,0.44101,0.405042,0.77,5.00744,25.0524,0.103308,0.609333,0.254615,0.248143,0.77,2.98801,40.0324,0.0129132,0.343667
TIC 434210589,K0.5V,5.88,5203,0.895084,0.9,0.528979,11.1027,54 Psc,3093,0.727309,65.5076,0.698217,62.8873,3.32603,1.82932,0.872771,78.6091,4.15754,2.28665,0.690944,62.2322,3.29138,1.81026,1.21461,109.398,5.78591,3.18225,0.437678,0.385658,0.8,5.33942,27.1219,0.0983638,0.568,0.502506,0.481531,0.785,4.44093,34.06,0.0250587,0.613333
TIC 327860248,K7V,7.56,4056,0.709343,0.63,0.122687,7.71103,HD 157881,85295,0.350267,45.4242,0.336257,43.6072,2.30633,1.26848,0.420321,54.5091,2.88292,1.5856,0.332754,43.153,2.28231,1.25527,0.584947,75.8584,4.01206,2.20663,0.407842,0.371554,0.805,5.24857,27.1025,0.0947664,0.546333,0.26083,0.248675,0.805,3.51471,40.0731,0.012941,0.334667
TIC 309599261,K1V_Fe-1.5,6.45,5057,0.631332,0.81,0.234845,9.16848,HD 103095,57939,0.484608,52.8559,0.465224,50.7417,2.68366,1.47601,0.58153,63.4271,3.35458,1.84502,0.460378,50.2131,2.65571,1.46064,0.809296,88.2693,4.66846,2.56765,0.406077,0.370268,0.765,4.83725,27.4984,0.0944384,0.536,0.338122,0.329397,0.76,3.18351,38.4625,0.0171417,0.425
TIC 189576919,F9V,4.1,6154,1.61826,1.25655,3.38393,13.4674,ups And,7513,1.83955,136.592,1.76596,131.129,6.93523,3.81437,2.20746,163.911,8.66903,4.76797,1.74757,129.763,6.86298,3.77464,3.07204,228.109,12.0644,6.63542,0.429756,0.36005,0.795,5.19388,18.2601,0.0918323,0.583333,0.705878,0.625851,0.8,7.07504,20.2542,0.032569,0.928333
TIC 21535479,G1-VFe-0.5,5.034,5880,1.21742,0.98635,1.59619,13.8809,47 UMa,53721,1.2634,91.0176,1.21287,87.3769,4.62126,2.54169,1.51609,109.221,5.77657,3.17711,1.20023,86.4667,4.57312,2.51522,2.10989,151.999,8.03906,4.42148,0.417497,0.346545,0.82,5.4859,26.7449,0.0883877,0.518,0.608454,0.5745,0.82,5.99108,30.5512,0.0298967,0.725667
TIC 445258198,K7Ve,7.51,5881.1,0.218154,1.06574,0.0512928,5.92591,eta Cas B,,0.226479,38.2185,0.21742,36.6898,1.94048,1.06726,0.271775,45.8622,2.42559,1.33408,0.215155,36.3076,1.92026,1.05614,0.37822,63.8249,3.37562,1.85659,0.35703,0.343167,0.835,4.03074,29.6224,0.0875262,0.441,0.113857,0.11256,0.805,1.70631,45.7284,0.00585758,0.120333
TIC 311092847,F9IV-V,4.3,5996,1.64758,1.12995,3.16109,13.9204,10 Tau,16852,1.77794,127.722,1.70683,122.613,6.48487,3.56668,2.13353,153.267,8.10608,4.45835,1.68905,121.336,6.41732,3.52952,2.96917,213.296,11.281,6.20453,0.39779,0.33771,0.78,5.01932,21.3357,0.0861344,0.577667,0.655511,0.588219,0.785,7.03564,24.1833,0.0306107,0.904
TIC 72465347,M2V,8.5,3435,0.562873,0.482604,0.0397396,5.43368,HD 119850,67155,0.199348,36.6874,0.191374,35.2199,1.86274,1.02451,0.239217,44.0249,2.32842,1.28063,0.18938,34.8531,1.84333,1.01383,0.332911,61.268,3.24039,1.78221,0.367541,0.337158,0.755,4.7854,26.5204,0.0859934,0.529,0.118827,0.109217,0.75,2.53362,41.9875,0.00568359,0.160333
TIC 326242565,F7V,4.46,6330,1.35816,1.21706,2.66815,14.2674,tau01 Eri,12843,1.63345,114.489,1.56811,109.909,5.81295,3.19712,1.96014,137.386,7.26619,3.9964,1.55178,108.764,5.7524,3.16382,2.72786,191.196,10.1121,5.56166,0.380953,0.330691,0.77,4.81342,24.0306,0.084344,0.535667,0.604556,0.556913,0.765,6.13176,27.9121,0.0289815,0.806
TIC 51735845,F1-F2V,2.74,7147,1.39154,1.3841,4.55178,12.0241,gam Vir,61941,2.13349,177.435,2.04815,170.337,9.00892,4.95491,2.56019,212.921,11.2612,6.19363,2.02682,168.563,8.91508,4.90329,3.56293,296.316,15.6718,8.61947,0.387453,0.32649,0.775,4.24506,14.1117,0.0832727,0.547667,0.668313,0.572311,0.775,6.81564,16.0168,0.0297828,0.887
TIC 152738837,G8IV,5.55,5548,1.02201,0.877915,0.891555,12.7588,HD 104304,58576,0.944222,74.0058,0.906453,71.0455,3.75751,2.06663,1.13307,88.8069,4.69689,2.58329,0.897011,70.3055,3.71837,2.0451,1.57685,123.59,6.5365,3.59508,0.372223,0.323779,0.775,4.93368,28.8596,0.0825811,0.490667,0.453657,0.432704,0.765,4.71133,35.3613,0.0225177,0.547333
TIC 419919445,F7V,4.12,6200,1.59533,1.27061,3.38816,13.6567,iot Psc,116771,1.8407,134.783,1.76707,129.392,6.84338,3.76386,2.20884,161.74,8.55423,4.70483,1.74866,128.044,6.7721,3.72465,3.07396,225.088,11.9046,6.54755,0.380985,0.319703,0.75,4.90625,20.8003,0.0815415,0.559667,0.6302,0.562582,0.75,6.5888,23.2535,0.0292765,0.901333
TIC 265344685,K3V,6.389,4721.5,0.944066,0.794256,0.399042,10.8931,HD 223778,117712,0.631698,57.9906,0.60643,55.671,2.94437,1.6194,0.758038,69.5887,3.68046,2.02425,0.600113,55.0911,2.9137,1.60253,1.05494,96.8443,5.12197,2.81709,0.356496,0.319544,0.75,4.77717,29.065,0.0815011,0.489667,0.296049,0.281422,0.74,3.6152,40.6128,0.0146451,0.371
TIC 267365256,K0.5V,6.009,5257,0.886708,0.85,0.541014,11.6259,V* DE Boo,72848,0.735536,63.2668,0.706115,60.7362,3.21226,1.76674,0.882644,75.9202,4.01533,2.20843,0.69876,60.1035,3.1788,1.74834,1.22835,105.656,5.588,3.0734,0.349301,0.311256,0.795,4.86398,30.4983,0.0793872,0.463333,0.318209,0.305785,0.78,3.8971,40.2089,0.015913,0.392667
TIC 350673608,G5V,5.376,5868,0.966809,0.971418,0.998474,12.8883,HD 147513,80337,0.999237,77.5304,0.959267,74.4292,3.93647,2.16506,1.19908,93.0364,4.92058,2.70632,0.949275,73.6539,3.89546,2.1425,1.66873,129.476,6.84781,3.7663,0.347454,0.305374,0.735,4.55794,28.64,0.0778868,0.486,0.457344,0.44368,0.715,4.89291,34.9511,0.0230889,0.583
TIC 220017951,K1.5V,6.117,5178,0.791985,0.863988,0.406234,10.7602,HD  13445,10138,0.637365,59.2334,0.61187,56.864,3.00747,1.65411,0.764838,71.08,3.75933,2.06763,0.605497,56.2717,2.97614,1.63688,1.0644,98.9197,5.23174,2.87746,0.334391,0.301244,0.695,4.19902,29.1727,0.0768334,0.504667,0.29717,0.288522,0.685,3.33312,39.1055,0.0150146,0.415333
TIC 202380743,K3V,6.497,4867,0.758073,0.81,0.290511,10.0648,HD 122064,68184,0.53899,53.5522,0.517431,51.4101,2.71902,1.49546,0.646788,64.2626,3.39877,1.86932,0.512041,50.8746,2.69069,1.47988,0.900114,89.4322,4.72996,2.60148,0.339361,0.300196,0.775,4.48942,30.1829,0.0765663,0.453333,0.227856,0.221139,0.76,3.21296,42.4965,0.011508,0.266667
TIC 88523071,F6V,3.98,6195,1.79609,1.33318,4.28071,13.9956,alf For,14879,2.06899,147.831,1.98623,141.918,7.50586,4.12823,2.48279,177.397,9.38233,5.16028,1.96554,140.44,7.42768,4.08522,3.45521,246.878,13.0571,7.18139,0.367982,0.299636,0.815,5.02347,18.9315,0.0764235,0.508333,0.643019,0.547668,0.815,7.53134,22.2468,0.0285004,0.821333
TIC 138128530,F5V+F6V,4.32,6386,1.41522,1.34,3.00094,14.3246,alf Com,64241,1.73232,120.933,1.66303,116.096,6.14017,3.3771,2.07879,145.12,7.67522,4.22137,1.64571,114.887,6.07621,3.34192,2.89298,201.959,10.6813,5.87474,0.354798,0.298317,0.75,4.63145,23.8755,0.0760869,0.513333,0.580291,0.524114,0.75,6.14056,28.2049,0.0272747,0.792667
TIC 117979951,G2.5IV-V,5.5,5833,0.962388,0.965681,0.965969,13.2344,58 Eri,22263,0.982837,74.2638,0.943524,71.2932,3.77061,2.07384,1.1794,89.1165,4.71326,2.59229,0.933695,70.5506,3.73133,2.05223,1.64134,124.02,6.55929,3.60761,0.33492,0.292744,0.77,4.65125,30.1906,0.0746655,0.421,0.377281,0.359124,0.77,4.10361,38.2839,0.0186887,0.423333
TIC 117956546,G5VbFe-2,5.75,5411,0.934054,0.84,0.673828,12.3187,85 Peg,171,0.82087,66.6363,0.788035,63.9708,3.38334,1.86084,0.985044,79.9635,4.22917,2.32604,0.779827,63.3044,3.34809,1.84145,1.37085,111.283,5.8856,3.23708,0.324183,0.278771,0.735,4.63079,30.2219,0.0711018,0.429333,0.314354,0.301054,0.73,3.90387,39.6318,0.0156667,0.378333
TIC 502564326,F0mF2V,3.49,7090,1.52134,1.57222,5.26902,12.7382,gam Vir B,,2.29543,180.201,2.20362,172.993,9.14937,5.03216,2.75452,216.241,11.4367,6.29019,2.18066,171.191,9.05407,4.97974,3.83337,300.935,15.9161,8.75385,0.334506,0.276069,0.805,4.44314,17.0868,0.0704126,0.472333,0.599653,0.505119,0.805,7.41471,20.7392,0.0262862,0.782
TIC 47346402,F8V,4.996,6131,1.18137,1.09565,1.7766,14.5746,111 Tau,25278,1.33289,91.453,1.27957,87.7949,4.64336,2.55385,1.59947,109.744,5.8042,3.19231,1.26625,86.8804,4.59499,2.52725,2.22593,152.727,8.07752,4.44263,0.314813,0.267804,0.75,4.4002,28.2504,0.0683045,0.416,0.449436,0.416057,0.75,4.66744,34.5293,0.0216515,0.531333
TIC 219777482,F9V+K3V,5.232,5921,1.15765,0.959192,1.484,14.4346,26 Dra,86036,1.21819,84.394,1.16947,81.0182,4.28496,2.35673,1.46183,101.273,5.35619,2.94591,1.15728,80.1743,4.24032,2.33218,2.03438,140.938,7.45404,4.09972,0.316594,0.265065,0.755,4.5149,29.5914,0.0676059,0.401667,0.420065,0.390377,0.75,4.63596,36.0401,0.0203151,0.486667
TIC 327507922,G1V,4.96,5877,1.32698,1.01011,1.89255,14.6748,HD  10307,7918,1.3757,93.7458,1.32067,89.996,4.75978,2.61788,1.65084,112.495,5.94972,3.27235,1.30692,89.0585,4.7102,2.59061,2.29742,156.556,8.28003,4.55402,0.31403,0.26423,0.76,4.39687,28.6337,0.0673929,0.430667,0.475916,0.441283,0.76,5.30291,33.9401,0.0229642,0.598333
TIC 269995013,F5V,4.122,6540.2,1.50307,1.35,3.72405,14.626,psi Cap,102485,1.92978,131.942,1.85259,126.664,6.69911,3.68451,2.31574,158.33,8.37388,4.60564,1.83329,125.345,6.62932,3.64613,3.22273,220.343,11.6537,6.40951,0.31943,0.262505,0.795,4.53192,23.622,0.0669529,0.442667,0.553633,0.483506,0.795,6.53627,28.8912,0.0251615,0.695667
TIC 231267777,G0V,5.39,5844,1.05616,0.982097,1.17217,14.0637,HD 211415,110109,1.08267,76.983,1.03936,73.9037,3.90867,2.14977,1.2992,92.3796,4.88584,2.68721,1.02854,73.1338,3.86796,2.12738,1.80806,128.562,6.79946,3.73971,0.3087,0.259556,0.81,4.65863,31.8716,0.0662009,0.374,0.342353,0.321835,0.8,4.37675,39.3485,0.0167482,0.369
TIC 157364190,F8VFe-2Hdel-1,4.62,5820,1.74956,1.12108,3.16407,15.8955,chi Her,77760,1.77878,111.905,1.70763,107.428,5.68175,3.12496,2.13454,134.285,7.10219,3.90621,1.68984,106.309,5.62257,3.09241,2.97057,186.881,9.88388,5.43614,0.300552,0.245696,0.775,4.53412,26.2294,0.0626657,0.404,0.493129,0.436145,0.775,6.54565,31.6254,0.0226968,0.582333
TIC 229092427,F9VFe+0.4,4.96,6110,1.27021,1.10189,2.02587,15.2546,nu. Phe,5862,1.42333,93.3052,1.3664,89.5729,4.7374,2.60557,1.708,111.966,5.92175,3.25696,1.35216,88.6399,4.68805,2.57843,2.37696,155.82,8.24111,4.53261,0.29308,0.243521,0.76,4.35529,30.0638,0.062111,0.380333,0.408354,0.369713,0.76,4.78666,36.1708,0.0192397,0.471333
TIC 359981217,G7IVHdel1,5.171,5593,1.38892,0.99,1.7007,14.9124,b Aql,95447,1.30411,87.4513,1.25194,83.9532,4.44018,2.4421,1.56493,104.942,5.55023,3.05263,1.2389,83.0787,4.39393,2.41666,2.17786,146.044,7.72407,4.24824,0.273946,0.228922,0.68,4.18815,29.9029,0.0583874,0.418,0.375806,0.335879,0.675,4.31207,36.153,0.017479,0.521667
TIC 11310083,F9V,4.94,6163,1.24453,1.11286,2.01313,14.9484,HD  84117,47592,1.41885,94.9165,1.36209,91.1198,4.81921,2.65057,1.70262,113.9,6.02402,3.31321,1.34791,90.1706,4.76901,2.62296,2.36948,158.511,8.38342,4.61088,0.266816,0.225371,0.675,3.85917,29.3187,0.0574817,0.403667,0.390996,0.364375,0.675,4.90249,35.5579,0.0189619,0.537
TIC 289622310,F8V,4.88,6298,1.26785,1.16235,2.27847,15.3304,h Dra,82860,1.50946,98.4618,1.44908,94.5234,4.99922,2.74957,1.81135,118.154,6.24903,3.43697,1.43399,93.5387,4.94715,2.72093,2.5208,164.431,8.69657,4.78311,0.266025,0.22097,0.745,4.01489,30.2517,0.0563593,0.377,0.392787,0.362173,0.74,5.0678,36.1112,0.0188474,0.492
TIC 421189312,F1V,4.01,6962.1,1.43189,1.40856,4.33986,14.9684,alf Crv,59199,2.08323,139.176,1.9999,133.609,7.0664,3.88652,2.49988,167.011,8.833,4.85815,1.97907,132.217,6.99279,3.84604,3.479,232.424,12.2926,6.76093,0.26672,0.218696,0.785,4.23354,24.7928,0.0557794,0.363,0.463593,0.396012,0.785,5.95577,30.5589,0.0206083,0.563
TIC 72506701,F7IV-V,4.49,6465,1.42191,1.24962,3.18211,15.6024,tau Boo,67275,1.78385,114.331,1.71249,109.758,5.80498,3.19274,2.14062,137.198,7.25622,3.99092,1.69466,108.615,5.74451,3.15948,2.97903,190.934,10.0982,5.55403,0.265375,0.217591,0.755,4.07668,27.8881,0.0554975,0.356,0.429294,0.377586,0.755,5.42051,33.7233,0.0196494,0.501333
TIC 43255143,G0IV,2.8,5759,2.70751,1.03063,7.26479,10.7956,zet Her,81693,2.69533,249.668,2.58751,239.681,12.6765,6.97205,3.23439,299.602,15.8456,8.71506,2.56056,237.185,12.5444,6.89942,4.5012,416.946,22.0517,12.1285,0.256266,0.215378,0.755,3.20126,6.2367,0.0549331,0.415333,0.503807,0.396885,0.87,9.38614,14.2228,0.0206537,0.695333
TIC 157966796,F4VkF2mF1,4.47,6782.2,1.2998,1.46,3.22053,15.7467,sig Boo,71284,1.79458,113.966,1.7228,109.407,5.78641,3.18252,2.1535,136.759,7.23301,3.97815,1.70485,108.267,5.72613,3.14937,2.99695,190.323,10.0659,5.53626,0.253131,0.211835,0.765,4.00708,29.1158,0.0540294,0.330667,0.387419,0.346829,0.765,5.13563,35.4672,0.0180488,0.460667
TIC 149672905,F9V,5.362,5754,1.26278,0.967128,1.5748,15.2676,171 Pup,37853,1.25491,82.1942,1.20472,78.9065,4.17326,2.2953,1.50589,98.6331,5.21658,2.86912,1.19217,78.0845,4.12979,2.27139,2.0957,137.264,7.25974,3.99286,0.244943,0.206065,0.74,3.93828,32.265,0.0525578,0.311667,0.29364,0.270329,0.73,4.26547,40.0785,0.0140678,0.301667
TIC 135656809,G2Va,5.5,5785,1.04179,0.946427,1.09515,14.1319,18 Sco,79672,1.04649,74.052,1.00463,71.09,3.75986,2.06792,1.25579,88.8624,4.69982,2.5849,0.994168,70.3494,3.72069,2.04638,1.74764,123.667,6.54059,3.59732,0.244202,0.205766,0.79,4.04906,33.9269,0.0524815,0.311333,0.235748,0.222618,0.74,3.84033,41.7864,0.0115849,0.239333
TIC 307624961,G8:V,5.95,5423,0.884094,0.868179,0.609046,12.5751,HD  69830,40693,0.780414,62.0604,0.749197,59.578,3.15101,1.73305,0.936497,74.4725,3.93876,2.16632,0.741393,58.9574,3.11818,1.715,1.30329,103.641,5.48144,3.01479,0.235259,0.20172,0.745,3.76459,34.4856,0.0514494,0.294667,0.127495,0.117557,0.69,2.41989,46.0841,0.00611764,0.102
TIC 349491678,K3-V,6.525,4912,0.78078,0.79,0.319731,10.7112,HD 160346,86400,0.565448,52.7904,0.54283,50.6787,2.68034,1.47418,0.678538,63.3484,3.35042,1.84273,0.537176,50.1508,2.65242,1.45883,0.944298,88.1599,4.66267,2.56447,0.223555,0.200678,0.74,3.63158,34.0775,0.0511837,0.318667,0.0792716,0.0732105,0.675,1.93328,46.213,0.00380985,0.0733333
TIC 362661163,G3IV-V,5.15,5761,1.38308,0.969961,1.89836,15.5963,mu. Ara,86796,1.37781,88.3421,1.3227,84.8085,4.48541,2.46698,1.65337,106.011,5.60677,3.08372,1.30892,83.925,4.43869,2.44128,2.30094,147.531,7.80275,4.29151,0.245115,0.200636,0.755,4.03547,31.7708,0.051173,0.325,0.326971,0.296606,0.755,4.94526,38.5519,0.0154352,0.369
TIC 332064670,K0IV-V,5.951,5292,0.947929,0.9,0.634929,12.5808,rho01 Cnc,43587,0.796825,63.3364,0.764952,60.8029,3.21579,1.76868,0.956189,76.0036,4.01974,2.21086,0.756983,60.1695,3.18229,1.75026,1.3307,105.772,5.59414,3.07677,0.225224,0.196795,0.74,3.73454,34.9805,0.0501934,0.332667,0.142534,0.132622,0.675,2.65852,44.4693,0.0069016,0.169333
TIC 317721019,F2V,3.72,6991.4,1.62113,1.45422,5.65698,14.952,eta Lep,28103,2.37844,159.072,2.2833,152.709,8.0766,4.44213,2.85413,190.887,10.0958,5.55267,2.25952,151.119,7.99247,4.39586,3.972,265.65,14.0499,7.72746,0.243758,0.195917,0.81,4.1634,22.7218,0.0499694,0.337,0.432606,0.346395,0.81,6.58641,28.6333,0.0180263,0.541
TIC 172954294,G3VaHdel1,5.38,5743,1.1822,0.975857,1.36972,14.9209,20 LMi,49081,1.17035,78.4369,1.12354,75.2995,3.9825,2.19037,1.40442,94.1243,4.97812,2.73797,1.11183,74.5151,3.94101,2.16756,1.95449,130.99,6.92788,3.81034,0.230376,0.194796,0.745,3.77846,33.3923,0.0496836,0.288,0.251123,0.235122,0.71,3.90643,41.2626,0.0122357,0.245
TIC 27136704,G4V,4.922,5691,1.59681,1.0375,2.40964,15.9069,m Tau,23835,1.5523,97.5866,1.49021,93.6831,4.95478,2.72513,1.86276,117.104,6.19348,3.40641,1.47469,92.7072,4.90317,2.69674,2.59235,162.97,8.61926,4.74059,0.245405,0.19465,0.73,4.09172,29.9547,0.0496463,0.356667,0.360731,0.317173,0.73,5.21628,36.4638,0.0165055,0.452333
TIC 22516402,F6V,5.13,5943,1.34032,1.05301,2.01901,15.7642,b Her,88745,1.42092,90.1356,1.36408,86.5301,4.57647,2.51706,1.7051,108.163,5.72059,3.14632,1.34987,85.6288,4.5288,2.49084,2.37293,150.526,7.96115,4.37863,0.232547,0.193631,0.79,3.82687,32.5559,0.0493865,0.319667,0.305685,0.270719,0.78,4.41091,39.0083,0.0140881,0.359667
TIC 20601206,F9V+K1V,5.218,5922,1.13159,1.02072,1.41888,14.8913,HD 176051,93017,1.19117,79.9907,1.14352,76.7911,4.06138,2.23376,1.4294,95.9888,5.07673,2.7922,1.13161,75.9911,4.01908,2.21049,1.98925,133.584,7.06512,3.88581,0.233533,0.192692,0.72,3.71079,33.4065,0.0491468,0.316333,0.253288,0.234146,0.655,3.3676,40.1328,0.0121849,0.293333
TIC 75946144,K2V,6.4,5028,0.794089,0.82,0.36309,11.0929,HD 166620,88972,0.602569,54.3202,0.578467,52.1474,2.75801,1.51691,0.723083,65.1842,3.44751,1.89613,0.572441,51.6042,2.72928,1.50111,1.00629,90.7147,4.79779,2.63878,0.215462,0.187145,0.725,3.40391,34.5628,0.047732,0.310333,0.0759383,0.0737565,0.655,2.01275,47.1631,0.00383826,0.0723333
TIC 60716322,F6V,4.2,6193,1.89514,1.18,4.75973,16.3932,ksi Peg,112447,2.18168,133.084,2.09441,127.761,6.75711,3.71641,2.61802,159.701,8.44639,4.64551,2.0726,126.43,6.68672,3.6777,3.64341,222.25,11.7546,6.465,0.217936,0.176487,0.72,3.75547,25.5151,0.0450137,0.331667,0.363804,0.301719,0.725,5.87588,32.0523,0.0157014,0.476667
TIC 471011145,G2V,0.01,5776,1.28625,1.03521,1.65904,1.34749,alf Cen A,71683,1.28804,955.878,1.23652,917.643,48.533,26.6931,1.54564,1147.05,60.6662,33.3664,1.22363,908.084,48.0274,26.4151,2.15102,1596.32,84.4272,46.4349,0.178423,0.174026,1,1.06228,0.0217706,0.0443859,0.181,0.235667,0.233667,1,1.05515,0.0077381,0.0121599,0.236333
TIC 150226696,F7V,3.18,6316,2.34736,1.52,7.8999,13.5314,tet UMa,46853,2.81068,207.715,2.69825,199.406,10.5464,5.8005,3.37281,249.258,13.1829,7.25062,2.67014,197.329,10.4365,5.74008,4.69383,346.884,18.3463,10.0904,0.182947,0.146647,0.78,3.21874,13.2528,0.0374029,0.298333,0.368182,0.270905,0.78,8.46692,20.1072,0.0140978,0.499333
TIC 1544160,G6V,5.86,5630,0.868169,1,0.68224,13.0223,HD 172051,91438,0.825978,63.4277,0.792939,60.8906,3.22043,1.77124,0.991174,76.1133,4.02554,2.21405,0.784679,60.2564,3.18688,1.75279,1.37938,105.924,5.60221,3.08121,0.168814,0.145162,0.7,2.9677,37.5348,0.0370241,0.254333,0.0696737,0.063398,0.565,1.7311,45.6346,0.00329921,0.045
TIC 283819432,G0Vn,4.735,5749,0.80558,0.97,0.638677,12.947,i Boo,73695,0.799172,61.7265,0.767206,59.2574,3.13405,1.72373,0.959007,74.0718,3.91756,2.15466,0.759214,58.6401,3.1014,1.70577,1.33462,103.083,5.45194,2.99857,0.166421,0.141096,0.645,2.88351,37.1095,0.0359872,0.234667,0.0497479,0.0459464,0.54,1.4899,45.4696,0.00239103,0.0176667
TIC 417762326,G0.5V,5.64,5893,0.945659,0.968836,0.971649,14.4333,pi.01 UMa,42438,0.985723,68.2952,0.946294,65.5634,3.46757,1.90716,1.18287,81.9543,4.33446,2.38395,0.936437,64.8805,3.43145,1.8873,1.64616,114.053,6.03212,3.31767,0.163386,0.1379,0.74,2.95168,39.1027,0.035172,0.194333,0.0660074,0.0587572,0.565,1.72933,46.5811,0.0030577,0.011
TIC 136916387,G3/5V,5.65,5685,1.04948,0.918819,1.03649,14.7358,nu.02 Lup,75181,1.01808,69.0891,0.977358,66.3256,3.50788,1.92933,1.2217,82.907,4.38485,2.41167,0.967178,65.6347,3.47134,1.90924,1.7002,115.379,6.10225,3.35624,0.163018,0.136965,0.725,3.07309,38.3528,0.0349335,0.193333,0.0706357,0.0599073,0.565,1.80871,47.1282,0.00311755,0.00766667
TIC 514062507,F8V,4.53,5997.54,1.45547,1.10567,2.46942,17.0298,gam CrA A,,1.57144,92.2757,1.50858,88.5847,4.68514,2.57682,1.88572,110.731,5.85642,3.22103,1.49287,87.662,4.63633,2.54998,2.6243,154.1,8.15018,4.4826,0.171091,0.136202,0.725,3.25854,34.9321,0.0347388,0.202333,0.204118,0.175943,0.7,3.63978,42.7854,0.00915598,0.165
TIC 367758676,G0IV,2.68,6054,2.69489,1.65,8.78916,11.3417,eta Boo,67927,2.96465,261.393,2.84607,250.938,13.2718,7.29948,3.55758,313.672,16.5897,9.12435,2.81642,248.324,13.1335,7.22344,4.95097,436.527,23.0874,12.6981,0.159698,0.135542,0.795,2.51192,6.6485,0.0345705,0.276333,0.338507,0.254807,0.895,8.14211,16.3205,0.0132601,0.453
TIC 246895813,K1V+G,5.57,5398,1.31171,0.96,1.31614,15.5328,HD   3443,2941,1.14723,73.8588,1.10134,70.9045,3.75005,2.06253,1.37668,88.6306,4.68756,2.57816,1.08987,70.1659,3.71099,2.04104,1.91588,123.344,6.52352,3.58794,0.164718,0.133895,0.705,3.05739,37.5252,0.0341505,0.222667,0.114941,0.0979838,0.525,2.2673,45.6648,0.00509904,0.0633333
TIC 241967968,K3VaCN1,6.213,4765,1.31481,0.73,0.802923,14.1373,HD 188088,97944,0.89606,63.3828,0.860217,60.8475,3.21815,1.76998,1.07527,76.0594,4.02269,2.21248,0.851257,60.2137,3.18463,1.75154,1.49642,105.849,5.59824,3.07903,0.157811,0.133856,0.725,3.20873,37.5958,0.0341406,0.202,0.0458228,0.0391243,0.545,1.78981,48.3505,0.00203601,0.004
TIC 453620177,F3V,4.01,6940.9,1.58503,1.43454,5.25328,16.2787,I Car,50954,2.292,140.798,2.20032,135.166,7.14876,3.93182,2.7504,168.957,8.93595,4.91477,2.1774,133.758,7.07429,3.89086,3.82764,235.132,12.4359,6.83972,0.161134,0.133262,0.675,2.87969,27.0295,0.033989,0.268667,0.278905,0.2385,0.69,5.4366,34.1954,0.0124115,0.392333
TIC 54137341,G0V,5.159,5816.8,1.37547,1.04,1.95135,16.6722,9 Pup,38382,1.39691,83.7866,1.34103,80.4351,4.25411,2.33976,1.67629,100.544,5.31764,2.9247,1.32706,79.5972,4.2098,2.31539,2.33284,139.924,7.40038,4.07021,0.159733,0.131075,0.715,3.02408,36.1133,0.0334313,0.196667,0.154384,0.136911,0.685,3.14616,42.526,0.00712478,0.100667
TIC 341149986,F1V,2.85,7107.5,1.94667,1.57863,8.71255,12.424,bet TrA,77952,2.9517,237.582,2.83363,228.078,12.0628,6.63453,3.54204,285.098,15.0785,8.29316,2.80412,225.703,11.9371,6.56542,4.92934,396.761,20.9842,11.5413,0.158981,0.128075,0.755,2.63513,11.3055,0.032666,0.267,0.311244,0.233306,0.755,6.47865,17.5093,0.0121412,0.433333
TIC 77549389,F5V,4.6,5161,2.51691,1.31589,4.04917,18.2357,tau01 Hya,46509,2.01225,110.347,1.93176,105.933,5.60266,3.08146,2.4147,132.416,7.00333,3.85183,1.91164,104.829,5.5443,3.04937,3.36046,184.279,9.7463,5.36046,0.155303,0.125382,0.705,3.30185,29.77,0.0319792,0.243,0.261657,0.212809,0.73,6.04195,38.4857,0.0110745,0.291333
TIC 3962869,F7V,5.19,6208,1.15675,1.12196,1.79054,15.9174,phi02 Cet,3909,1.33811,84.0658,1.28459,80.7032,4.26829,2.34756,1.60573,100.879,5.33537,2.93445,1.2712,79.8626,4.22383,2.32311,2.23464,140.39,7.42505,4.08378,0.151368,0.123944,0.69,2.76911,36.0545,0.0316124,0.200667,0.153963,0.136034,0.66,2.89703,42.2105,0.00707917,0.134667
TIC 280310048,F5IV-V+DQZ,0.37,6584,2.06336,1.53,7.2078,3.49736,alf CMi,37279,2.68473,767.646,2.57734,736.94,38.9759,21.4367,3.22168,921.175,48.7198,26.7959,2.5505,729.264,38.5699,21.2134,4.48351,1281.97,67.8017,37.291,0.145302,0.121928,1,1.57497,0.584175,0.0310982,0.162667,0.298532,0.247081,1,3.3298,0.642259,0.012858,0.307333
TIC 311063391,K1,6.23,5226,0.84227,0.813967,0.476733,12.2639,HD  37394,26779,0.690459,56.3,0.66284,54.048,2.85853,1.57219,0.82855,67.56,3.57316,1.96524,0.655936,53.485,2.82875,1.55581,1.15307,94.0209,4.97265,2.73496,0.142646,0.12105,0.705,2.72015,38.1765,0.0308743,0.202667,0.0186659,0.0150435,0.46,0.887273,49.9429,0.000782859,0.00133333
TIC 373765355,K2V,6.66,4843,0.780923,0.766017,0.302252,10.9825,HD 115404,64797,0.549774,50.0589,0.527783,48.0566,2.54165,1.39791,0.659729,60.0707,3.17707,1.74739,0.522286,47.556,2.51518,1.38335,0.918123,83.5984,4.42142,2.43178,0.134315,0.118416,0.71,2.58356,37.2767,0.0302026,0.188667,0.00649417,0.00511967,0.48,0.546364,51.4722,0.000266425,0
TIC 139298196,G2IV,5.46,5772,1.17395,0.942389,1.37815,15.5147,51 Peg,113357,1.17395,75.6668,1.12699,72.6401,3.84185,2.11302,1.40874,90.8001,4.80231,2.64127,1.11525,71.8835,3.80183,2.091,1.96049,126.364,6.68321,3.67577,0.137881,0.112995,0.71,2.71375,38.2702,0.0288199,0.188667,0.0964102,0.0852794,0.53,2.13665,46.514,0.00443791,0.05
TIC 181273463,K3V,6.56,4992,0.753867,0.780965,0.317967,11.1899,HD  74576,42808,0.563886,50.3923,0.54133,48.3766,2.55858,1.40722,0.676663,60.4708,3.19822,1.75902,0.535691,47.8727,2.53193,1.39256,0.941689,84.1551,4.45086,2.44797,0.130336,0.112599,0.7,2.51417,37.7363,0.0287189,0.174667,0.0029967,0.00250472,0.355,0.303827,52.143,0.000130345,0
TIC 95473936,G4Va,4.97,5539,1.91288,0.96,3.1031,18.0906,70 Vir,65721,1.76156,97.3743,1.6911,93.4793,4.944,2.7192,2.11387,116.849,6.18001,3.399,1.67348,92.5056,4.8925,2.69088,2.94181,162.615,8.60051,4.73028,0.135023,0.107248,0.69,2.84036,34.8569,0.027354,0.198333,0.175327,0.143201,0.67,4.12008,43.0187,0.00745213,0.171667
TIC 307754027,F9V,5.257,6066,1.22136,1.07964,1.81966,16.6082,psi05 Aur,32480,1.34895,81.222,1.29499,77.9731,4.1239,2.26814,1.61874,97.4663,5.15487,2.83518,1.2815,77.1609,4.08094,2.24452,2.25274,135.641,7.17387,3.94563,0.131356,0.106367,0.715,2.63423,38.9895,0.0271292,0.151333,0.0937045,0.0790569,0.55,2.22221,47.3229,0.00411409,0.00266667
TIC 254125171,F8V+F8V,4.21,6188,1.90622,1.34,4.8,17.8923,gam CrA,93825,2.19089,122.449,2.10325,117.551,6.21712,3.41941,2.62907,146.939,7.7714,4.27427,2.08135,116.326,6.15236,3.3838,3.65879,204.489,10.8152,5.94836,0.131582,0.105038,0.73,2.84352,31.3575,0.0267905,0.204667,0.199889,0.165918,0.73,5.1214,40.202,0.00863431,0.225667
TIC 254425584,F3/5V,4.633,6645,1.37738,1.31058,3.33259,17.3925,g Lup,76829,1.82554,104.961,1.75252,100.763,5.32921,2.93107,2.19065,125.953,6.66151,3.66383,1.73426,99.713,5.2737,2.90053,3.04865,175.285,9.27061,5.09883,0.132947,0.104841,0.695,2.7,34.795,0.02674,0.181,0.167373,0.143861,0.695,3.59751,42.883,0.00748645,0.151333
TIC 238115675,F5V,4.861,6404,1.33895,1.22141,2.71663,17.1673,58 Oph,86736,1.64822,96.0095,1.58229,92.1691,4.87471,2.68109,1.97786,115.211,6.09339,3.35136,1.56581,91.209,4.82393,2.65316,2.75253,160.336,8.47996,4.66398,0.127614,0.103864,0.725,2.61782,36.7223,0.0264909,0.182333,0.13417,0.116676,0.675,3.05003,45.5414,0.00607179,0.120333
TIC 403802333,K4+V,6.964,4563,0.737231,0.77,0.212277,10.1704,HD 103932,58345,0.460736,45.3018,0.442306,43.4897,2.30012,1.26506,0.552883,54.3622,2.87515,1.58133,0.437699,43.0367,2.27616,1.25189,0.769428,75.654,4.00125,2.20069,0.108555,0.0935979,0.715,2.20477,37.3107,0.0238725,0.153,0,0,0,0,0,0,0
TIC 121078878,F5IV-V,4.2,6685,1.69227,1.40568,5.15276,17.7775,tau06 Eri,17651,2.26997,127.687,2.17917,122.58,6.4831,3.56571,2.72396,153.225,8.10388,4.45713,2.15647,121.303,6.41557,3.52856,3.79085,213.238,11.2779,6.20284,0.115267,0.0928328,0.67,2.47482,31.6553,0.0236774,0.189,0.171283,0.140625,0.685,4.25996,39.9085,0.00731809,0.198667
TIC 228896480,F1IV-V(n),3.36,7087.4,1.90627,1.57126,8.26061,15.3728,del Aql,95501,2.87413,186.962,2.75916,179.484,9.49266,5.22096,3.44895,224.354,11.8658,6.5262,2.73042,177.614,9.39378,5.16658,4.79979,312.227,16.5133,9.0823,0.124068,0.0925307,0.8,2.59949,21.218,0.0236003,0.207,0.235291,0.169485,0.81,6.21723,30.314,0.00881991,0.303333
TIC 75899957,F2V,4.387,6756,1.52192,1.44,4.34748,17.4968,ksi Oph,84893,2.08506,119.168,2.00166,114.401,6.05055,3.3278,2.50207,143.002,7.56319,4.15975,1.98081,113.21,5.98752,3.29314,3.48205,199.011,10.5254,5.78899,0.113432,0.090989,0.73,2.44646,33.6537,0.0232071,0.166667,0.158502,0.133233,0.75,4.14697,42.2646,0.0069334,0.156
TIC 147407292,G2V,5.58,5935,1.03902,0.995612,1.20676,15.5528,HD 207129,107649,1.09853,70.6322,1.05459,67.8069,3.58622,1.97242,1.31823,84.7586,4.48278,2.46553,1.0436,67.1006,3.54887,1.95188,1.83454,117.956,6.23854,3.43119,0.105998,0.0881039,0.615,2.14979,40.9337,0.0224713,0.116667,0.0259187,0.0215842,0.415,1.06713,47.5696,0.00112323,0
TIC 419012256,K7+Vk,7.869,4098,0.629091,0.635424,0.100556,8.23059,HD 217357,113576,0.317106,38.5278,0.304422,36.9867,1.95618,1.0759,0.380528,46.2333,2.44522,1.34487,0.301251,36.6014,1.9358,1.06469,0.529568,64.3414,3.40294,1.87161,0.0963308,0.0810305,0.77,2.06948,36.0298,0.0206672,0.136333,0,0,0,0,0,0,0
TIC 285544488,F9V,4.8,6105,1.70018,1.17804,3.61765,18.8962,HD   5015,4151,1.90201,100.656,1.82593,96.6298,5.11063,2.81085,2.28242,120.787,6.38829,3.51356,1.80691,95.6233,5.0574,2.78157,3.17636,168.096,8.89037,4.8897,0.096567,0.0792435,0.705,2.09893,36.7599,0.0202114,0.127333,0.106511,0.0877001,0.635,2.75249,44.7264,0.00456388,0.0426667
TIC 27014182,F3+V,4.48,6680.8,1.54186,1.36439,4.26676,18.4197,tet Cyg,96441,2.06561,112.141,1.98299,107.656,5.69378,3.13158,2.47874,134.57,7.11723,3.91448,1.96233,106.534,5.63447,3.09896,3.44958,187.276,9.90481,5.44764,0.0937581,0.0751879,0.68,2.07447,35.4595,0.019177,0.144,0.113189,0.0924449,0.645,3.09069,44.7468,0.00481079,0.0843333
TIC 255854921,F6VFe-0.4,4.93,6238,1.47997,1.23096,2.988,18.2343,HD 114837,64583,1.72858,94.7983,1.65944,91.0063,4.81321,2.64727,2.0743,113.758,6.01652,3.30908,1.64215,90.0583,4.76307,2.61969,2.88673,158.313,8.37298,4.60514,0.0969125,0.0741624,0.665,2.06841,37.7979,0.0189154,0.111,0.0954007,0.0809298,0.56,2.65223,45.3553,0.00421156,0.0256667
TIC 239137207,F1V,4.18,6930.6,1.61764,1.46137,5.43932,17.8313,rho Gem,36366,2.33223,130.794,2.23894,125.562,6.64084,3.65246,2.79868,156.953,8.30104,4.56557,2.21562,124.254,6.57166,3.61441,3.89483,218.426,11.5523,6.35376,0.0953862,0.0724904,0.68,2.01752,32.8629,0.018489,0.154,0.129519,0.102007,0.665,3.47574,42.0909,0.00530841,0.141
TIC 393844873,K1V,6.38,5261,0.763736,0.89,0.402583,12.1625,HD  72673,41926,0.634494,52.1681,0.609114,50.0814,2.64874,1.45681,0.761393,62.6017,3.31093,1.82101,0.602769,49.5597,2.62115,1.44163,1.0596,87.1207,4.60771,2.53424,0.0776653,0.0685535,0.605,1.64098,40.542,0.0174849,0.102333,0,0,0,0,0,0,0
TIC 146438424,K7V,8.317,3322,1.00096,0.598876,0.109933,8.3619,HD  32450,23452,0.331561,39.6514,0.318299,38.0653,2.01323,1.10728,0.397873,47.5817,2.51654,1.38409,0.314983,37.6688,1.99226,1.09574,0.553707,66.2178,3.50218,1.9262,0.0770282,0.0649381,0.65,1.8542,35.93,0.0165627,0.159,0,0,0,0,0,0,0
TIC 1628071,F2V,4.294,6853.5,1.54974,1.41626,4.7738,18.2448,eta Crv,61174,2.1849,119.755,2.09751,114.964,6.08032,3.34418,2.62188,143.705,7.6004,4.18022,2.07566,113.767,6.01699,3.30934,3.64879,199.99,10.5772,5.81748,0.0844658,0.0640281,0.635,1.94943,35.0005,0.0163306,0.132,0.102366,0.0824935,0.615,3.03457,44.3821,0.00429293,0.083
TIC 397587084,G0V,5.188,6041,1.3502,1.06471,2.18738,17.5741,e Vir,64792,1.47898,84.1566,1.41982,80.7903,4.2729,2.35009,1.77478,100.988,5.34112,2.93762,1.40503,79.9487,4.22839,2.32561,2.4699,140.541,7.43306,4.08818,0.0797761,0.0632269,0.64,1.77032,40.3649,0.0161263,0.108667,0.0434826,0.0354681,0.49,1.62894,46.9721,0.00184574,0
TIC 21439835,F3V+G5V,3.96,6305,2.17378,1.47,6.72769,18.7933,10 UMa,44248,2.59378,138.016,2.49003,132.496,7.00753,3.85414,3.11254,165.619,8.75941,4.81768,2.46409,131.115,6.93453,3.81399,4.33161,230.487,12.1902,6.7046,0.0738764,0.0577859,0.69,1.89008,31.5242,0.0147385,0.140333,0.115844,0.0854639,0.715,4.27464,42.2078,0.00444751,0.117333
TIC 105999792,G7IV-V,5.738,5563,1.16123,0.98,1.1635,15.9939,HD 190360,98767,1.07866,67.4417,1.03551,64.744,3.42423,1.88333,1.29439,80.93,4.28029,2.35416,1.02473,64.0696,3.38856,1.86371,1.80136,112.628,5.95674,3.2762,0.0720957,0.0572426,0.55,1.65889,42.6023,0.0146,0.0603333,0.0030135,0.00208358,0.215,0.299612,51.2163,0.000108429,0
TIC 413356994,K3IV,6.66,4903,0.808831,0.8,0.340611,11.8177,HD 125072,69972,0.583619,49.3849,0.560274,47.4095,2.50743,1.37909,0.700342,59.2619,3.13429,1.72386,0.554438,46.9157,2.48131,1.36472,0.974643,82.4729,4.36189,2.39904,0.0684293,0.0571379,0.59,1.5288,40.9886,0.0145733,0.0856667,0,0,0,0,0,0,0
TIC 238432056,G8,6.07,5491,0.888012,0.87916,0.64586,13.7581,HD    166,544,0.803654,58.4132,0.771508,56.0767,2.96583,1.6312,0.964385,70.0958,3.70728,2.03901,0.763472,55.4925,2.93493,1.61421,1.3421,97.5501,5.1593,2.83762,0.0672517,0.0570063,0.56,1.5176,42.0459,0.0145397,0.0826667,0.000123075,9.23059e-05,0.065,0.0199924,37.4812,4.80356e-06,0
TIC 289673491,F8VFe-0.8CH-0.5,4.89,6190,1.5802,1.25433,3.30279,18.8773,6 Cet,910,1.81736,96.2724,1.74466,92.4215,4.88806,2.68843,2.18083,115.527,6.11007,3.36054,1.72649,91.4588,4.83714,2.66043,3.03499,160.775,8.50319,4.67675,0.0719074,0.0542212,0.67,1.72716,38.5584,0.0138293,0.0896667,0.0594626,0.0459799,0.52,2.05953,47.4628,0.00239278,0.000666667
TIC 23969522,G0.5Va,5.1,5893,1.59613,1.08682,2.76806,18.801,15 LMi,48113,1.66375,88.4924,1.5972,84.9527,4.49304,2.47117,1.9965,106.191,5.6163,3.08897,1.58056,84.0677,4.44624,2.44543,2.77846,147.782,7.81602,4.29881,0.0672945,0.0520459,0.55,1.6406,39.9171,0.0132745,0.0803333,0.0387554,0.02999,0.435,1.51659,49.8976,0.00156067,0
TIC 372914091,F9.5V,5.6,5997,1.05088,1.02801,1.28689,16.1723,HD  65907,38908,1.13441,70.1455,1.08903,67.3397,3.56151,1.95883,1.36129,84.1746,4.45189,2.44854,1.07769,66.6382,3.52441,1.93843,1.89447,117.143,6.19555,3.40755,0.0611156,0.0511182,0.49,1.38199,42.5265,0.0130379,0.0563333,0.00456918,0.0032987,0.205,0.339075,41.5414,0.000171663,0
TIC 458494003,G0+VaFe-1,5.408,5812,1.33013,0.989896,1.81881,17.4996,rho CrB,78459,1.34863,77.0665,1.29469,73.9838,3.91291,2.1521,1.61836,92.4798,4.89114,2.69013,1.2812,73.2131,3.87215,2.12968,2.25222,128.701,6.80684,3.74376,0.0634077,0.0490212,0.505,1.46815,41.9736,0.0125031,0.0656667,0.0146332,0.0118856,0.285,0.731918,45.4545,0.000618523,0
TIC 459427073,G2.5V,5.86,5682,0.958901,0.917333,0.86347,14.7848,psi Ser,77052,0.929231,62.8503,0.892062,60.3363,3.19111,1.75511,1.11508,75.4203,3.98889,2.19389,0.882769,59.7078,3.15787,1.73683,1.55182,104.96,5.5512,3.05316,0.06119,0.0479356,0.525,1.40357,42.491,0.0122262,0.0656667,0.000626235,0.00049818,0.1,0.099168,51.4346,2.59251e-05,0
TIC 97402436,F6V,4.92,6364,1.41323,1.23263,2.95149,18.4487,tau PsA,109422,1.71799,93.1227,1.64927,89.3978,4.72814,2.60048,2.06159,111.747,5.91017,3.2506,1.63209,88.4666,4.67889,2.57339,2.86904,155.515,8.22499,4.52375,0.0593926,0.047544,0.575,1.45637,40.2306,0.0121263,0.0763333,0.0401119,0.033761,0.49,1.62556,47.1776,0.00175691,0
TIC 80431620,G3V,5.794,5887,0.927084,0.96858,0.930055,15.0418,HD   4391,3583,0.964394,64.1142,0.925818,61.5496,3.25528,1.79041,1.15727,76.937,4.0691,2.23801,0.916174,60.9085,3.22137,1.77176,1.61054,107.071,5.66283,3.11456,0.0580289,0.0466401,0.495,1.34119,43.0748,0.0118957,0.0523333,0.00126957,0.000766978,0.125,0.153529,51.9493,3.99133e-05,0
TIC 30068122,F2V,4.23,6802.4,1.74464,1.46,5.87159,19.238,i Cen,67153,2.42314,125.956,2.32621,120.918,6.39518,3.51735,2.90776,151.147,7.99397,4.39669,2.30198,119.658,6.32856,3.48071,4.04664,210.346,11.1249,6.11872,0.0561958,0.0464153,0.62,1.42549,35.1585,0.0118384,0.094,0.060675,0.0466089,0.6,2.74451,45.6764,0.00242551,0.0266667
TIC 166853853,F8V,5.4,6157,1.16093,1.07732,1.74497,17.3567,iot Hor,12653,1.32097,76.1072,1.26813,73.0629,3.86421,2.12531,1.58517,91.3287,4.83026,2.65664,1.25492,72.3019,3.82396,2.10318,2.20602,127.099,6.72211,3.69716,0.0563676,0.046127,0.525,1.3656,43.4917,0.0117649,0.041,0.00451497,0.00384837,0.23,0.338073,41.4382,0.000200268,0
TIC 130645536,G1.5V,5.28,5790,1.21387,0.959461,1.49194,17.0574,HD  53705,34065,1.22145,71.6084,1.17259,68.744,3.63579,1.99968,1.46574,85.93,4.54473,2.4996,1.16038,68.0279,3.59791,1.97885,2.03982,119.586,6.32475,3.47861,0.0564736,0.044151,0.52,1.35154,44.2209,0.0112609,0.0336667,0.00117834,0.000747629,0.08,0.0944024,52.2562,3.89063e-05,0
TIC 156890613,F9V,5.559,5902,1.15562,0.984906,1.45989,16.8422,HD  55575,35136,1.20826,71.7399,1.15993,68.8703,3.64246,2.00336,1.44991,86.0879,4.55308,2.50419,1.14784,68.1529,3.60452,1.98249,2.01779,119.806,6.33637,3.485,0.0465996,0.0374581,0.48,1.12206,43.7916,0.00955384,0.0293333,0.00098663,0.000770779,0.115,0.110738,48.9439,4.0111e-05,0
TIC 150796339,F5VFe-0.5,5.01,6525,1.25137,1.23975,2.55733,18.3209,212 Pup,38423,1.59917,87.2863,1.5352,83.7949,4.43181,2.43749,1.919,104.744,5.53976,3.04687,1.51921,82.922,4.38564,2.4121,2.67061,145.768,7.7095,4.24022,0.0471617,0.0373316,0.49,1.13218,43.0501,0.00952158,0.0516667,0.0142868,0.0116055,0.225,0.614431,46.2304,0.000603948,0
TIC 185284200,F2V,3.88,6695.6,2.14394,1.42,8.32295,19.1283,mu. Vir,71957,2.88495,150.821,2.76955,144.788,7.65767,4.21172,3.46194,180.985,9.57209,5.26465,2.74071,143.28,7.5779,4.16785,4.81787,251.871,13.3212,7.32663,0.0428109,0.0370534,0.595,1.22999,30.7176,0.00945062,0.0953333,0.0544147,0.0409272,0.665,3.16965,44.0199,0.00212984,0.0456667
TIC 72748794,G8V,6.34,5401,0.762667,0.93,0.445925,12.8321,HD  14412,10798,0.667776,52.0396,0.641065,49.958,2.64222,1.45322,0.801331,62.4475,3.30277,1.81653,0.634387,49.4376,2.6147,1.43808,1.11519,86.9062,4.59636,2.528,0.0410736,0.0338567,0.52,1.04935,43.4504,0.00863528,0.0356667,0,0,0,0,0,0,0
TIC 30293512,G3V,4.85,5688,2.13306,1,4.29083,20.4465,HD 114613,64408,2.07143,101.31,1.98857,97.2576,5.14383,2.82911,2.48572,121.572,6.42979,3.53638,1.96786,96.2445,5.09025,2.79964,3.45929,169.188,8.94812,4.92147,0.0416156,0.0336605,0.465,1.1267,39.1297,0.00858525,0.0616667,0.0349613,0.0269171,0.46,1.93347,47.2903,0.00140075,0
TIC 302188141,F6V,5.132,6269,1.31961,1.18263,2.42315,18.2091,chi Cnc,40843,1.55665,85.4874,1.49438,82.0679,4.34047,2.38726,1.86798,102.585,5.42559,2.98407,1.47882,81.2131,4.29526,2.36239,2.5996,142.764,7.55061,4.15284,0.043571,0.0332029,0.5,1.09377,42.7349,0.00846854,0.05,0.01067,0.00837545,0.24,0.561438,49.8879,0.000435855,0
TIC 380353415,F2V,4.136,6914,1.7992,1.50979,6.66454,19.6738,eta Cru,59072,2.58158,131.219,2.47831,125.97,6.6624,3.66432,3.09789,157.462,8.328,4.5804,2.4525,124.658,6.593,3.62615,4.31123,219.135,11.5898,6.37439,0.0426023,0.0322542,0.59,1.22058,34.4604,0.00822656,0.0763333,0.0428402,0.0303232,0.555,2.1725,46.292,0.00157801,0.017
TIC 5295337,F3VFe-0.7,3.6,6938,2.17447,1.64,9.87048,18.5563,psi Vel,46651,3.14173,169.308,3.01606,162.536,8.59632,4.72798,3.77008,203.17,10.7454,5.90997,2.98465,160.843,8.50677,4.67873,5.24669,282.745,14.954,8.22471,0.0381047,0.0310272,0.665,1.17383,27.6164,0.00791362,0.0983333,0.0443838,0.0312017,0.715,3.23116,41.884,0.00162373,0.0546667
TIC 287532010,F5VFe-0.8,4.047,6736,1.95828,1.50508,7.11297,19.4778,alf Cha,40702,2.66702,136.926,2.56034,131.449,6.95217,3.8237,3.20042,164.311,8.69022,4.77962,2.53367,130.08,6.87976,3.78387,4.45392,228.666,12.0939,6.65164,0.0374237,0.0301222,0.51,1.06702,33.5616,0.0076828,0.088,0.0487913,0.035106,0.595,2.47111,45.3785,0.0018269,0.0316667
TIC 229902025,F5V,4.93,6528.2,1.42359,1.28403,3.31619,19.5255,c Boo,73996,1.82104,93.2649,1.7482,89.5343,4.73536,2.60445,2.18525,111.918,5.9192,3.25556,1.72999,88.6016,4.68603,2.57732,3.04114,155.752,8.23755,4.53065,0.0339262,0.0250061,0.485,0.928409,42.2664,0.0063779,0.0393333,0.00632791,0.00448388,0.175,0.387848,52.0775,0.00023334,0
TIC 303704858,G0V,5.49,5951,1.24159,1.00943,1.74184,17.7975,iot Pav,89042,1.31979,74.156,1.267,71.1897,3.76514,2.07082,1.58375,88.9871,4.70642,2.58853,1.2538,70.4482,3.72592,2.04925,2.20405,123.84,6.54977,3.60237,0.0303728,0.0247064,0.48,0.830903,46.2335,0.00630147,0.00633333,0.000123291,9.83091e-05,0.06,0.0299203,39.2138,5.11597e-06,0
TIC 408842743,F8V,5.117,6134,1.48712,1.12606,2.82075,19.4755,omi Aql,97675,1.67951,86.237,1.61233,82.7876,4.37853,2.40819,2.01541,103.484,5.47317,3.01024,1.59553,81.9252,4.33292,2.38311,2.80478,144.016,7.61682,4.18925,0.0315908,0.0243459,0.55,0.886408,43.7774,0.00620952,0.0166667,0.00269406,0.00186804,0.15,0.272083,29.4594,9.72123e-05,0
TIC 219234987,F1V,4.2,7051.74,1.70155,1.52226,6.45015,20.4117,gam Dor,19893,2.53971,124.425,2.43813,119.448,6.31744,3.47459,3.04766,149.31,7.8968,4.34324,2.41273,118.203,6.25164,3.4384,4.24132,207.789,10.9897,6.04434,0.0290963,0.0230723,0.53,0.891951,38.0304,0.00588468,0.044,0.0136168,0.00917299,0.485,1.18812,49.2974,0.000477359,0
TIC 219709102,F7V,4.8,6353,1.65746,1.31808,4.03179,20.4974,sig02 UMa,45038,2.00793,97.9603,1.92761,94.0419,4.97376,2.73557,2.40952,117.552,6.2172,3.41946,1.90753,93.0623,4.92195,2.70707,3.35324,163.594,8.65227,4.75875,0.0272364,0.0225184,0.48,0.76006,42.3413,0.00574342,0.028,0.00548109,0.00414774,0.22,0.4779,51.8915,0.000215847,0
TIC 77263680,F2V,4.45,6972,1.5877,1.46705,5.36612,20.3836,alf Cae,21770,2.31649,113.645,2.22383,109.099,5.77012,3.17356,2.77979,136.374,7.21264,3.96695,2.20066,107.963,5.71001,3.14051,3.86854,189.787,10.0376,5.52068,0.0206933,0.0170224,0.435,0.653583,39.5844,0.00434164,0.036,0.00744655,0.00553036,0.38,0.767189,49.5289,0.000287798,0
TIC 219880402,K0,6.431,5302,0.752038,0.811,0.402655,12.7889,HD 158633,85235,0.634551,49.6172,0.609169,47.6325,2.51922,1.38557,0.761461,59.5406,3.14903,1.73197,0.602823,47.1363,2.49298,1.37114,1.0597,82.8607,4.3824,2.41032,0.0207676,0.0165191,0.43,0.598101,44.5663,0.00421326,0.012,0,0,0,0,0,0,0
TIC 229137615,F9V,5.52,6155,1.09545,1.07493,1.55163,17.344,q01 Eri,7978,1.24565,71.8198,1.19582,68.947,3.64652,2.00559,1.49478,86.1837,4.55815,2.50698,1.18336,68.2288,3.60854,1.9847,2.08023,119.939,6.34343,3.48889,0.0206403,0.0165124,0.32,0.549102,46.4717,0.00421155,0.00133333,0,0,0,0,0,0,0
TIC 184842719,F2VkF0mF0,3.53,6939.3,2.25129,1.52,10.5881,18.5977,del Gem,35550,3.25394,174.965,3.12378,167.966,8.88351,4.88593,3.90473,209.957,11.1044,6.10741,3.09124,166.216,8.79097,4.83504,5.43408,292.191,15.4536,8.49948,0.0180331,0.0150714,0.53,0.61902,27.4833,0.00384403,0.0663333,0.0231648,0.0159591,0.645,2.30817,43.8991,0.000830506,0.0213333
TIC 118486580,G3V+K0V,5.17,5753,1.6086,1.22,2.5537,19.6208,HD  73752,42430,1.59803,81.4456,1.53411,78.1878,4.13526,2.27439,1.91763,97.7348,5.16907,2.84299,1.51813,77.3734,4.09218,2.2507,2.66871,136.014,7.19362,3.95649,0.0209675,0.0150226,0.395,0.616738,45.1158,0.00383157,0.00866667,9.40651e-05,7.27436e-05,0.04,0.0198971,40.0732,3.78555e-06,0
TIC 86177169,G0V,5.2,5906,1.63692,1.09795,2.93714,20.2114,c UMa,45333,1.71381,84.7941,1.64526,81.4024,4.30527,2.3679,2.05657,101.753,5.38159,2.95987,1.62812,80.5544,4.26042,2.34323,2.86206,141.606,7.48938,4.11916,0.0183641,0.0138602,0.38,0.55572,44.9939,0.00353511,0.00566667,0,0,0,0,0,0,0
TIC 141523112,F7V,5.444,6204,1.16957,1.12011,1.82573,18.1955,HD  46588,32439,1.35119,74.2599,1.29715,71.2895,3.77041,2.07373,1.62143,89.1119,4.71302,2.59216,1.28363,70.5469,3.73114,2.05213,2.25649,124.014,6.55895,3.60742,0.0163653,0.0131701,0.27,0.474917,46.844,0.00335909,0,0,0,0,0,0,0,0
TIC 96745915,F4V,4.77,6620,1.59987,1.36699,4.42891,20.9381,lam Ara,86486,2.1045,100.511,2.02032,96.4902,5.10325,2.80679,2.5254,120.613,6.37906,3.50848,1.99927,95.4851,5.05009,2.77755,3.51451,167.853,8.87752,4.88264,0.012513,0.0101611,0.275,0.416466,43.2987,0.00259163,0.013,0.000102701,6.96113e-05,0.025,0.0252977,33.3866,3.62255e-06,0
TIC 176521059,G2V,5.97,5731,0.919835,0.96646,0.822311,15.2062,HD  38858,27435,0.906814,59.6345,0.870541,57.2492,3.02784,1.66531,1.08818,71.5614,3.7848,2.08164,0.861473,56.6528,2.9963,1.64796,1.51438,99.5897,5.26718,2.89695,0.0118339,0.0100116,0.3,0.349069,45.9347,0.00255351,0,0,0,0,0,0,0,0
TIC 167092249,F2IV,3.73,6761,2.31533,1.45,10.0917,20.1626,tau Cyg,104887,3.17675,157.556,3.04968,151.254,7.99965,4.3998,3.8121,189.068,9.99956,5.49976,3.01791,149.679,7.91632,4.35397,5.30517,263.119,13.916,7.65383,0.0103095,0.00829977,0.395,0.331355,29.6568,0.00211689,0.0583333,0.0120373,0.00862319,0.41,1.46614,45.102,0.000448748,0.00666667
TIC 437886584,F5V,5.04,6525,1.34911,1.26389,2.97242,19.5759,k Ori,29800,1.72407,88.0713,1.65511,84.5484,4.47166,2.45941,2.06888,105.686,5.58958,3.07427,1.63787,83.6677,4.42508,2.43379,2.8792,147.079,7.77883,4.27835,0.010453,0.00763321,0.265,0.328801,45.5965,0.00194688,0.004,0,0,0,0,0,0,0
TIC 134497068,F3VFe-1.0,4.49,6935.9,1.64369,1.46893,5.63306,21.3232,I Pup,34834,2.37341,111.306,2.27847,106.854,5.65138,3.10826,2.84809,133.568,7.06422,3.88532,2.25474,105.741,5.59251,3.07588,3.96359,185.882,9.83105,5.40708,0.00931171,0.00744055,0.265,0.313685,41.9092,0.00189774,0.0146667,0.000636491,0.000435503,0.1,0.113362,52.4784,2.26634e-05,0
TIC 259291108,G2IV-V,5.31,5660,1.70706,1.06636,2.69438,20.322,HD 212330,110649,1.64146,80.7725,1.5758,77.5416,4.10108,2.25559,1.96975,96.927,5.12635,2.81949,1.55939,76.7339,4.05836,2.2321,2.74123,134.89,7.13417,3.92379,0.00837106,0.00713783,0.185,0.276092,46.0312,0.00182053,0,0,0,0,0,0,0,0
TIC 179348425,G7IV,6.01,5602,0.958487,0.900096,0.815154,15.2367,HD 140901,77358,0.902859,59.2556,0.866744,56.8854,3.0086,1.65473,1.08343,71.1067,3.76075,2.06841,0.857716,56.2928,2.97726,1.63749,1.50777,98.9569,5.23371,2.87854,0.00818894,0.00699929,0.215,0.25288,45.8997,0.0017852,0,0,0,0,0,0,0,0
TIC 58445695,F5.5IV-V,5.011,6262,1.60445,1.28904,3.56613,20.9756,17 Cyg,97295,1.88842,90.0293,1.81288,86.4282,4.57108,2.51409,2.2661,108.035,5.71385,3.14262,1.794,85.5279,4.52346,2.4879,3.15366,150.349,7.95177,4.37347,0.00806128,0.00664919,0.225,0.259597,46.1961,0.0016959,0,0,0,0,0,0,0,0
TIC 161825882,F9V,4,6196,2.63339,1.55338,9.20809,21.5099,tet Dra,78527,3.03448,141.074,2.9131,135.431,7.16276,3.93952,3.64138,169.288,8.95345,4.9244,2.88276,134.02,7.08815,3.89848,5.06759,235.593,12.4602,6.85312,0.00771557,0.00664247,0.265,0.292069,32.6877,0.00169419,0.0473333,0.00726928,0.00552635,0.39,0.977089,48.812,0.000287589,0
TIC 262843771,F3IV/V,4.71,6649.62,1.67,1.40021,4.91265,21.7739,kap Ret,16245,2.21645,101.794,2.12779,97.7221,5.1684,2.84262,2.65974,122.153,6.4605,3.55328,2.10563,96.7041,5.11456,2.81301,3.70147,169.996,8.99086,4.94497,0.00693874,0.00534572,0.225,0.224026,43.1528,0.00136345,0.00566667,0,0,0,0,0,0,0
TIC 95431211,F6IV-V,4.781,6458.5,1.6726,1.3451,4.38536,21.1985,40 Leo,50564,2.09412,98.7866,2.01036,94.8351,5.01571,2.75864,2.51295,118.544,6.26964,3.4483,1.98942,93.8473,4.96347,2.72991,3.49719,164.974,8.72525,4.79889,0.00666012,0.00519508,0.25,0.222487,45.0057,0.00132503,0.00633333,0,0,0,0,0,0,0
TIC 142103211,F7V,5.101,6354,1.48404,1.25388,3.23426,20.7777,HD  33564,25110,1.7984,86.5546,1.72647,83.0924,4.39466,2.41706,2.15808,103.866,5.49332,3.02133,1.70848,82.2269,4.34888,2.39188,3.00333,144.546,7.64487,4.20468,0.00663337,0.00485751,0.145,0.222242,46.957,0.00123893,0,0,0,0,0,0,0,0
TIC 447823435,F9VFe-0.8CH-0.7,4.89,6155,1.85685,1.34294,4.45819,22.0493,Y Vel,51523,2.11144,95.76,2.02699,91.9296,4.86204,2.67412,2.53373,114.912,6.07755,3.34265,2.00587,90.972,4.8114,2.64627,3.52611,159.919,8.45793,4.65186,0.00441801,0.00354679,0.155,0.158083,44.0809,0.000904623,0.001,0,0,0,0,0,0,0
TIC 9150015,F7V,5.38,6268,1.2024,1.14556,2.01052,18.6989,HD  25457,18859,1.41793,75.8295,1.36121,72.7963,3.85011,2.11756,1.70151,90.9954,4.81263,2.64695,1.34703,72.038,3.81,2.0955,2.36794,126.635,6.69758,3.68367,0.00358951,0.00302713,0.145,0.1255,47.7992,0.000772082,0,0,0,0,0,0,0,0
TIC 6029884,F7III,4.08,6161,2.66288,1.18,9.20457,22.0166,iot Vir,69701,3.0339,137.801,2.91255,132.289,6.99659,3.84813,3.64068,165.361,8.74574,4.81016,2.88221,130.911,6.92371,3.80804,5.06662,230.127,12.1712,6.69414,0.00325188,0.00289425,0.16,0.13179,35.4117,0.00073819,0.0306667,0.000811741,0.000536481,0.155,0.224989,50.3743,2.79183e-05,0
TIC 452700589,F6V+F3V,4.5,6394.09,1.83406,1.39886,5.06568,22.1299,mu. Cyg,107310,2.25071,101.704,2.16068,97.6362,5.16386,2.84012,2.70085,122.045,6.45482,3.55015,2.13817,96.6192,5.11007,2.81054,3.75868,169.846,8.98296,4.94063,0.00336625,0.00237678,0.125,0.127802,44.3586,0.000606209,0.00166667,0,0,0,0,0,0,0
TIC 441804568,F5IV-V,4.55,6410,2.05461,1.45899,6.42078,22.791,psi01 Dra A,86614,2.53393,111.181,2.43257,106.734,5.64502,3.10476,3.04071,133.417,7.05627,3.88095,2.40723,105.622,5.58621,3.07242,4.23166,185.672,9.81997,5.40099,0.00135325,0.00105718,0.075,0.0527798,40.4511,0.000269639,0.00533333,0,0,0,0,0,0,0
TIC 261136679,G0V,5.67,5982,1.15421,1.02586,1.53691,18.2929,pi. Men,26394,1.23972,67.7705,1.19013,65.0597,3.44092,1.89251,1.48767,81.3246,4.30116,2.36564,1.17774,64.382,3.40508,1.8728,2.07033,113.177,5.98578,3.29218,0.00113186,0.000980456,0.045,0.0434062,49.1891,0.000250069,0,0,0,0,0,0,0,0
TIC 277913391,K3+V,7.087,4747,0.710597,0.76,0.231004,11.4443,HD 222237,116745,0.480628,41.9973,0.461403,40.3174,2.13234,1.17279,0.576754,50.3968,2.66542,1.46598,0.456597,39.8974,2.11013,1.16057,0.802649,70.1355,3.70938,2.04016,0.00121117,0.000928153,0.095,0.0470932,44.447,0.000236729,0.00133333,0,0,0,0,0,0,0
TIC 123699670,G8IV-V,5.04,5275,2.6258,1.3415,4.80958,23.314,HD  62644,37606,2.19307,94.0667,2.10535,90.304,4.77607,2.62684,2.63169,112.88,5.97009,3.28355,2.08342,89.3634,4.72632,2.59947,3.66243,157.091,8.30837,4.5696,0.00115058,0.000897146,0.05,0.0457692,43.1834,0.000228821,0,0,0,0,0,0,0,0
TIC 372480991,F5IV-V,3.36,6484.9,2.80081,1.71,12.499,18.4167,ksi Gem,32362,3.53539,191.967,3.39398,184.288,9.74678,5.36073,4.24247,230.36,12.1835,6.70091,3.35862,182.369,9.64525,5.30489,5.9041,320.585,16.9553,9.32543,0.000672059,0.000647186,0.04,0.0308776,20.9292,0.000165067,0.062,0.0140843,0.00989448,0.555,2.34804,41.3846,0.000514905,0.0166667
TIC 66604391,F5V,4.75,6356,1.99177,1.43027,5.83323,23.017,sig Cet,11783,2.41521,104.932,2.3186,100.734,5.32772,2.93024,2.89825,125.918,6.65965,3.66281,2.29445,99.6851,5.27222,2.89972,4.0334,175.236,9.26801,5.0974,0.000517503,0.000489328,0.035,0.0219603,45.5475,0.000124805,0,0,0,0,0,0,0,0
TIC 80226651,G0V,5.748,5924,1.07562,0.994596,1.28372,17.3964,37 Gem,33277,1.13301,65.1292,1.08769,62.524,3.30682,1.81875,1.35962,78.155,4.13352,2.27344,1.07636,61.8727,3.27237,1.7998,1.89213,108.766,5.75248,3.16387,0.000306578,0.000218069,0.025,0.0142064,50.2773,5.56195e-05,0,0,0,0,0,0,0,0
TIC 212957673,F7V+G4V,5.21,6091,1.55557,1.22,3.00074,21.0482,13 Cet,2762,1.73226,82.2998,1.66297,79.0078,4.17863,2.29824,2.07872,98.7598,5.22328,2.87281,1.64565,78.1848,4.1351,2.2743,2.89288,137.441,7.26907,3.99799,5.49832e-05,4.63199e-05,0.005,0.0029406,50.9084,1.18141e-05,0,0,0,0,0,0,0,0
TIC 27936849,G0,6.731,5835,1.24594,0.954769,1.62126,30.1531,HD  28005,20800,1.27329,42.2274,1.22235,40.5383,2.14402,1.17921,1.52794,50.6729,2.68003,1.47402,1.20962,40.1161,2.12169,1.16693,2.12639,70.5198,3.7297,2.05134,0,0,0,0,0,0,0,0,0,0,0,0,0,0
TIC 254291902,F7V+G3V,6.701,6147,1.6029,1.19,3.30493,44.6362,HD 221839,116436,1.81795,40.7281,1.74523,39.099,2.0679,1.13734,2.18154,48.8737,2.58487,1.42168,1.72705,38.6917,2.04636,1.1255,3.03597,68.0159,3.59728,1.9785,0,0,0,0,0,0,0,0,0,0,0,0,0,0
TIC 181020271,G0V,6.67,6079,1.47577,1.0841,2.67952,38.6501,HD 100395,56326,1.63693,42.3524,1.57145,40.6583,2.15037,1.1827,1.96431,50.8229,2.68796,1.47838,1.55508,40.2348,2.12797,1.17038,2.73367,70.7285,3.74074,2.05741,0,0,0,0,0,0,0,0,0,0,0,0,0,0
TIC 27024885,G0V,6.75,6170,1.71645,1.19202,3.84678,48.2033,HD 169586,90397,1.96132,40.6885,1.88287,39.061,2.06589,1.13624,2.35359,48.8262,2.58236,1.4203,1.86326,38.6541,2.04437,1.1244,3.27541,67.9498,3.59378,1.97658,0,0,0,0,0,0,0,0,0,0,0,0,0,0
TIC 149248196,K0V,6.999,5128,0.765629,0.8,0.365194,14.8405,V* AB Dor,25647,0.604313,40.7204,0.58014,39.0916,2.06751,1.13713,0.725175,48.8645,2.58438,1.42141,0.574097,38.6844,2.04597,1.12528,1.0092,68.0031,3.5966,1.97813,0,0,0,0,0,0,0,0,0,0,0,0,0,0
TIC 191770861,F8,6.66,6267,1.19849,1.15297,1.99619,33.3604,HD   8907,6878,1.41287,42.3516,1.35635,40.6576,2.15033,1.18268,1.69544,50.822,2.68791,1.47835,1.34222,40.2341,2.12793,1.17036,2.35949,70.7272,3.74068,2.05737,0,0,0,0,0,0,0,0,0,0,0,0,0,0
TIC 158381571,F6/7IV,6.72,6572,1.47032,1.28538,3.63334,46.8019,HD  94504,53289,1.90613,40.7277,1.82989,39.0986,2.06788,1.13733,2.28736,48.8732,2.58485,1.42167,1.81083,38.6913,2.04634,1.12548,3.18324,68.0153,3.59724,1.97848,0,0,0,0,0,0,0,0,0,0,0,0,0,0
TIC 318566416,F8V,6.67,6195.7,1.1075,1.10914,1.62832,30.1626,HD 209635,109245,1.27606,42.3059,1.22502,40.6137,2.14801,1.1814,1.53127,50.7671,2.68501,1.47676,1.21225,40.1906,2.12563,1.1691,2.13102,70.6509,3.73664,2.05515,0,0,0,0,0,0,0,0,0,0,0,0,0,0
TIC 2054321411,G1,6.66,6170,1.08695,1.05939,1.5426,29.4569,HD 224636,,1.24201,42.1637,1.19233,40.4772,2.14079,1.17743,1.49042,50.5965,2.67599,1.47179,1.17991,40.0556,2.11849,1.16517,2.07416,70.4134,3.72408,2.04824,0,0,0,0,0,0,0,0,0,0,0,0,0,0
TIC 262661743,F7V,6.753,6154,1.18865,1.16,1.82572,33.1312,HD 219420,114834,1.35119,40.7831,1.29714,39.1517,2.07069,1.13888,1.62143,48.9397,2.58836,1.4236,1.28363,38.7439,2.04912,1.12701,2.25649,68.1077,3.60213,1.98117,0,0,0,0,0,0,0,0,0,0,0,0,0,0
TIC 269243443,F6V,6.63,6265.7,1.54957,1.25,3.33423,43.2339,24 Aqr,106942,1.82599,42.2351,1.75295,40.5457,2.14441,1.17943,2.19119,50.6821,2.68051,1.47428,1.73469,40.1233,2.12207,1.16714,3.0494,70.5326,3.73038,2.05171,0,0,0,0,0,0,0,0,0,0,0,0,0,0
TIC 243215335,F5.5V,6.65,6459.4,1.38818,1.24251,3.02243,41.1038,HD 117807,66139,1.73851,42.2957,1.66897,40.6039,2.14749,1.18112,2.08622,50.7548,2.68436,1.4764,1.65159,40.1809,2.12512,1.16882,2.90332,70.6338,3.73574,2.05465,0,0,0,0,0,0,0,0,0,0,0,0,0,0
TIC 147335048,F8.5IV-V,6.66,6223,1.44121,1.19507,2.8064,39.728,HD 206395,107225,1.67523,42.1675,1.60822,40.4808,2.14098,1.17754,2.01028,50.601,2.67623,1.47192,1.59147,40.0592,2.11868,1.16527,2.79764,70.4198,3.72441,2.04843,0,0,0,0,0,0,0,0,0,0,0,0,0,0
TIC 165821484,F8,6.657,6105,1.80589,1.27,4.08152,47.7979,HD  67587,40001,2.02028,42.267,1.93947,40.5764,2.14603,1.18032,2.42433,50.7205,2.68254,1.4754,1.91926,40.1537,2.12368,1.16802,3.37386,70.586,3.7332,2.05326,0,0,0,0,0,0,0,0,0,0,0,0,0,0
TIC 152854208,G4,6.84,5499.4,1.11264,0.927578,1.02015,24.772,HD 105590A,59272,1.01003,40.7728,0.969624,39.1419,2.07017,1.13859,1.21203,48.9274,2.58771,1.42324,0.959524,38.7342,2.0486,1.12673,1.68674,68.0906,3.60123,1.98068,0,0,0,0,0,0,0,0,0,0,0,0,0,0
TIC 268119987,F9V,6.68,6140.7,1.10718,1.06617,1.57036,29.714,HD  62848,37635,1.25314,42.1734,1.20302,40.4865,2.14128,1.1777,1.50377,50.6081,2.6766,1.47213,1.19048,40.0648,2.11898,1.16544,2.09275,70.4296,3.72494,2.04872,0,0,0,0,0,0,0,0,0,0,0,0,0,0
TIC 346546437,G4V,6.741,5742,1.04602,0.915223,1.0716,24.5274,HD 224465,118162,1.03518,42.205,0.993772,40.5168,2.14288,1.17858,1.24222,50.646,2.6786,1.47323,0.98342,40.0947,2.12056,1.16631,1.72875,70.4823,3.72772,2.05025,0,0,0,0,0,0,0,0,0,0,0,0,0,0
TIC 346049355,F5V,6.645,6579.4,1.39229,1.27502,3.27264,42.8022,HD 126766,70714,1.80904,42.2651,1.73668,40.5745,2.14594,1.18027,2.17085,50.7182,2.68242,1.47533,1.71859,40.1519,2.12358,1.16797,3.0211,70.5828,3.73304,2.05317,0,0,0,0,0,0,0,0,0,0,0,0,0,0
TIC 251880902,F7V,6.69,6142,1.56727,1.15023,3.14934,42.0318,G 267-153,3142,1.77464,42.2213,1.70365,40.5325,2.14371,1.17904,2.12957,50.6656,2.67964,1.4738,1.68591,40.1103,2.12138,1.16676,2.96365,70.5096,3.72917,2.05104,0,0,0,0,0,0,0,0,0,0,0,0,0,0
TIC 136744612,G2/3V,6.772,6065,1.72157,1.15418,3.61299,46.7246,HD 187003,97384,1.90079,40.6807,1.82476,39.0535,2.06549,1.13602,2.28094,48.8168,2.58186,1.42002,1.80575,38.6466,2.04397,1.12419,3.17431,67.9367,3.59309,1.9762,0,0,0,0,0,0,0,0,0,0,0,0,0,0
TIC 96211765,G5,6.79,5783,1.23624,0.934873,1.53998,30.0012,HD  30708,22576,1.24096,41.3635,1.19132,39.709,2.10016,1.15509,1.48915,49.6362,2.6252,1.44386,1.17891,39.2954,2.07828,1.14306,2.0724,69.0771,3.6534,2.00937,0,0,0,0,0,0,0,0,0,0,0,0,0,0
TIC 420964096,F9V,6.78,5926,1.31262,1.0181,1.91433,34.018,HD  36108,25616,1.38359,40.6725,1.32825,39.0456,2.06507,1.13579,1.66031,48.8069,2.58134,1.41974,1.31441,38.6388,2.04356,1.12396,2.3106,67.923,3.59236,1.9758,0,0,0,0,0,0,0,0,0,0,0,0,0,0
TIC 332167674,F8.5VFe-0.5,6.76,6132.2,1.34712,1.15192,2.31192,37.4885,HD 103975,58380,1.5205,40.5591,1.45968,38.9367,2.05932,1.13262,1.8246,48.6709,2.57415,1.41578,1.44448,38.5312,2.03787,1.12083,2.53924,67.7337,3.58235,1.97029,0,0,0,0,0,0,0,0,0,0,0,0,0,0
TIC 156016697,G3V,6.78,5868,1.74488,1.06,3.25226,44.3685,HD   3405,2888,1.8034,40.646,1.73127,39.0202,2.06373,1.13505,2.16408,48.7752,2.57966,1.41881,1.71323,38.6137,2.04223,1.12323,3.01168,67.8789,3.59003,1.97452,0,0,0,0,0,0,0,0,0,0,0,0,0,0
TIC 385590511,G0,6.787,6032,1.45003,1.0876,2.5078,38.9885,HD  24213,18106,1.5836,40.6172,1.52026,38.9925,2.06227,1.13425,1.90033,48.7407,2.57783,1.41781,1.50442,38.5864,2.04079,1.12243,2.64462,67.8308,3.58749,1.97312,0,0,0,0,0,0,0,0,0,0,0,0,0,0
TIC 301174095,F6V,6.67,6129,1.77449,1.30362,4.00313,46.7268,HD 219983,115220,2.00078,42.8187,1.92075,41.106,2.17405,1.19572,2.40094,51.3825,2.71756,1.49466,1.90074,40.6778,2.1514,1.18327,3.34131,71.5073,3.78193,2.08006,0,0,0,0,0,0,0,0,0,0,0,0,0,0
TIC 154234114,G0V,6.79,5895,0.998853,1.00609,1.08551,25.6626,HD  67458,39710,1.04188,40.599,1.0002,38.975,2.06134,1.13374,1.25025,48.7188,2.57668,1.41717,0.989783,38.569,2.03987,1.12193,1.73993,67.8003,3.58587,1.97223,0,0,0,0,0,0,0,0,0,0,0,0,0,0
TIC 190927608,F5,6.6,6664,1.45557,1.32574,3.76444,45.2996,HD 206963,107339,1.94022,42.8308,1.86261,41.1176,2.17466,1.19606,2.32826,51.397,2.71832,1.49508,1.84321,40.6893,2.152,1.1836,3.24016,71.5274,3.783,2.08065,0,0,0,0,0,0,0,0,0,0,0,0,0,0
TIC 13024620,F6VFe-0.7CH-0.4,6.74,6327.8,1.42984,1.23559,2.95311,42.3302,HD 218522,114291,1.71846,40.5966,1.64972,38.9728,2.06122,1.13367,2.06215,48.7159,2.57653,1.41709,1.63254,38.5668,2.03975,1.12186,2.86983,67.7964,3.58567,1.97212,0,0,0,0,0,0,0,0,0,0,0,0,0,0
TIC 3838520,F8V,6.64,6254,1.42671,1.20247,2.80543,39.0965,HD   4048,3369,1.67494,42.8413,1.60794,41.1276,2.17519,1.19635,2.00993,51.4095,2.71899,1.49544,1.5912,40.6992,2.15253,1.18389,2.79715,71.5449,3.78392,2.08116,0,0,0,0,0,0,0,0,0,0,0,0,0,0
TIC 163826277,F6V,6.644,6371.5,1.34583,1.21313,2.6893,38.7142,HD 145158,79322,1.63991,42.3594,1.57431,40.665,2.15072,1.1829,1.96789,50.8313,2.6884,1.47862,1.55791,40.2414,2.12832,1.17058,2.73865,70.7402,3.74136,2.05775,0,0,0,0,0,0,0,0,0,0,0,0,0,0
TIC 268181496,F9VFe-0.5,6.626,6205,1.1142,1.11101,1.65801,30.0394,HD  63008,37718,1.28764,42.8649,1.23613,41.1503,2.17639,1.19701,1.54516,51.4378,2.72048,1.49627,1.22326,40.7216,2.15372,1.18454,2.15035,71.5843,3.78601,2.0823,0,0,0,0,0,0,0,0,0,0,0,0,0,0
TIC 124401411,G0V,6.69,5837,1.58977,1.06451,2.64317,37.9163,HD 114729,64459,1.62578,42.8782,1.56075,41.163,2.17706,1.19738,1.95094,51.4538,2.72133,1.49673,1.54449,40.7342,2.15438,1.18491,2.71506,71.6065,3.78718,2.08295,0,0,0,0,0,0,0,0,0,0,0,0,0,0
TIC 298896136,G3V,6.59,5734,1.09736,0.917427,1.17279,25.2523,HD 179957,,1.08295,42.8854,1.03964,41.17,2.17743,1.19759,1.29955,51.4625,2.72179,1.49698,1.02881,40.7411,2.15475,1.18511,1.80853,71.6186,3.78782,2.0833,0,0,0,0,0,0,0,0,0,0,0,0,0,0
TIC 9375900,F5,6.764,6214,1.59135,1.25792,3.40183,45.4925,HD  87127,49308,1.8444,40.543,1.77063,38.9213,2.0585,1.13217,2.21329,48.6516,2.57312,1.41522,1.75218,38.5158,2.03706,1.12038,3.08016,67.7068,3.58093,1.96951,0,0,0,0,0,0,0,0,0,0,0,0,0,0
TIC 291635915,G6.5V,6.714,5606,1.02173,0.898355,0.92893,22.4633,HD  59468,36210,0.96381,42.9061,0.925258,41.1898,2.17848,1.19816,1.15657,51.4873,2.7231,1.4977,0.91562,40.7608,2.15579,1.18568,1.60956,71.6531,3.78965,2.08431,0,0,0,0,0,0,0,0,0,0,0,0,0,0
TIC 80080066,F6.5V,6.63,6211,1.1653,1.13954,1.82062,31.409,HD 209253,108809,1.3493,42.9591,1.29533,41.2408,2.18117,1.19965,1.61916,51.551,2.72647,1.49956,1.28184,40.8112,2.15845,1.18715,2.25334,71.7418,3.79433,2.08688,0,0,0,0,0,0,0,0,0,0,0,0,0,0
TIC 243126547,G0V,6.67,5889,1.59273,1.07294,2.74883,38.7452,HD 220334A,115417,1.65796,42.7913,1.59164,41.0797,2.17265,1.19496,1.98955,51.3496,2.71582,1.4937,1.57506,40.6518,2.15002,1.18251,2.76879,71.4615,3.77951,2.07873,0,0,0,0,0,0,0,0,0,0,0,0,0,0
TIC 245858382,,6.597,6596.9,1.49888,1.31482,3.83343,45.7707,HD  28911,21267,1.95791,42.7766,1.8796,41.0655,2.1719,1.19455,2.3495,51.3319,2.71488,1.49318,1.86002,40.6377,2.14928,1.1821,3.26972,71.4369,3.77821,2.07801,0,0,0,0,0,0,0,0,0,0,0,0,0,0
TIC 651379982,G7V,7.19,4990.43,0.805324,0.83,0.362399,14.077,alf For B,,0.601996,42.7646,0.577916,41.0541,2.1713,1.19421,0.722395,51.3176,2.71412,1.49277,0.571896,40.6264,2.14868,1.18177,1.00533,71.417,3.77715,2.07743,0,0,0,0,0,0,0,0,0,0,0,0,0,0
TIC 358050165,F5V,6.73,6595.5,1.54833,1.3318,4.08709,49.7372,HD  16241,11919,2.02166,40.6468,1.94079,39.0209,2.06377,1.13507,2.42599,48.7761,2.57971,1.41884,1.92057,38.6144,2.04227,1.12325,3.37616,67.8801,3.5901,1.97455,0,0,0,0,0,0,0,0,0,0,0,0,0,0
TIC 96196913,F7V,6.73,6472.2,1.49529,1.28116,3.53473,46.2524,HD 103773,58268,1.88009,40.6484,1.80488,39.0225,2.06385,1.13512,2.25611,48.7781,2.57981,1.4189,1.78608,38.616,2.04235,1.12329,3.13975,67.8829,3.59024,1.97463,0,0,0,0,0,0,0,0,0,0,0,0,0,0
TIC 125747932,F7IV,6.64,6259,1.69921,1.31701,3.99217,46.7921,HD 200877,104128,1.99804,42.7004,1.91812,40.9924,2.16804,1.19242,2.39765,51.2405,2.71005,1.49053,1.89814,40.5654,2.14545,1.18,3.33673,71.3097,3.77148,2.07432,0,0,0,0,0,0,0,0,0,0,0,0,0,0
TIC 301564622,G0VmF2,6.667,5855,1.08176,1.04868,1.23897,26.0695,HD  22879,17147,1.11309,42.697,1.06857,40.9892,2.16787,1.19233,1.33571,51.2364,2.70983,1.49041,1.05744,40.5622,2.14528,1.17991,1.85886,71.304,3.77118,2.07415,0,0,0,0,0,0,0,0,0,0,0,0,0,0
TIC 2620618,F5e?,6.62,6346.43,1.21614,1.1664,2.16161,34.517,HD 121325A,67953,1.47024,42.5947,1.41143,40.8909,2.16267,1.18947,1.76429,51.1136,2.70334,1.48684,1.39673,40.465,2.14014,1.17708,2.45531,71.1332,3.76214,2.06918,0,0,0,0,0,0,0,0,0,0,0,0,0,0
TIC 441697305,F8,6.68,6170,1.82029,1.21587,4.3263,48.8567,HD 125193,69699,2.07998,42.573,1.99678,40.8701,2.16157,1.18886,2.49597,51.0876,2.70196,1.48608,1.97598,40.4443,2.13905,1.17648,3.47356,71.0969,3.76023,2.06812,0,0,0,0,0,0,0,0,0,0,0,0,0,0
TIC 323531732,F4III,6.616,6781,1.43786,1.35124,3.93824,46.6884,HD 199941,103635,1.9845,42.5052,1.90512,40.805,2.15813,1.18697,2.3814,51.0062,2.69766,1.48371,1.88528,40.3799,2.13564,1.1746,3.31412,70.9837,3.75424,2.06483,0,0,0,0,0,0,0,0,0,0,0,0,0,0
TIC 72855589,F5/6V,6.74,6373.7,1.4908,1.26253,3.30444,44.5011,HD 122156,68434,1.81781,40.8487,1.7451,39.2147,2.07402,1.14071,2.18137,49.0184,2.59252,1.42589,1.72692,38.8062,2.05241,1.12883,3.03574,68.2173,3.60793,1.98436,0,0,0,0,0,0,0,0,0,0,0,0,0,0
TIC 198562505,G9,6.76,5465,0.865536,0.925434,0.60204,18.2623,HD 154345,83389,0.775912,42.4871,0.744876,40.7876,2.1572,1.18646,0.931095,50.9845,2.69651,1.48308,0.737117,40.3627,2.13473,1.1741,1.29577,70.9534,3.75264,2.06395,0,0,0,0,0,0,0,0,0,0,0,0,0,0
TIC 245895478,,6.619,6543.4,1.52636,1.30793,3.84789,46.2176,HD  29225,21474,1.9616,42.4428,1.88314,40.7451,2.15496,1.18523,2.35392,50.9314,2.6937,1.48153,1.86352,40.3207,2.13251,1.17288,3.27588,70.8795,3.74873,2.0618,0,0,0,0,0,0,0,0,0,0,0,0,0,0
TIC 124534956,F7V,6.67,6136,1.34324,1.15754,2.30433,35.778,HD  91638,51784,1.518,42.4284,1.45728,40.7312,2.15423,1.18482,1.8216,50.9141,2.69278,1.48103,1.4421,40.307,2.13179,1.17248,2.53506,70.8554,3.74745,2.0611,0,0,0,0,0,0,0,0,0,0,0,0,0,0
TIC 26060505,F3/5V,6.64,6551.9,1.49194,1.30285,3.69543,45.328,HD 129698,72047,1.92235,42.4098,1.84546,40.7134,2.15328,1.18431,2.30682,50.8918,2.6916,1.48038,1.82623,40.2893,2.13085,1.17197,3.21033,70.8244,3.74581,2.0602,0,0,0,0,0,0,0,0,0,0,0,0,0,0
TIC 434229814,G2V,6.744,5585,1.70544,1.03907,2.54953,37.6603,HD  26749,19767,1.59672,42.3981,1.53286,40.7021,2.15269,1.18398,1.91607,50.8777,2.69086,1.47997,1.51689,40.2782,2.13026,1.17164,2.66653,70.8048,3.74478,2.05963,0,0,0,0,0,0,0,0,0,0,0,0,0,0
TIC 135165545,G1.5V,6.71,5858,1.06593,0.970186,1.20545,25.9074,HD 107692,60370,1.09793,42.3789,1.05401,40.6838,2.15171,1.18344,1.31752,50.8547,2.68964,1.4793,1.04303,40.26,2.1293,1.17112,1.83354,70.7728,3.74309,2.0587,0,0,0,0,0,0,0,0,0,0,0,0,0,0
TIC 141411201,F9.5V,6.696,5987,1.49032,1.0814,2.57093,38.039,HD  38283,26380,1.60341,42.1518,1.53928,40.4657,2.14018,1.1771,1.92409,50.5821,2.67523,1.47137,1.52324,40.0442,2.11789,1.16484,2.6777,70.3935,3.72302,2.04766,0,0,0,0,0,0,0,0,0,0,0,0,0,0
TIC 38425450,G2V,6.73,5728,1.11237,0.933856,1.20006,26.0126,HD  25874,18844,1.09547,42.1132,1.05165,40.4286,2.13822,1.17602,1.31457,50.5358,2.67278,1.47003,1.0407,40.0075,2.11595,1.16377,1.82944,70.329,3.71961,2.04579,0,0,0,0,0,0,0,0,0,0,0,0,0,0
TIC 248052037,G0-V,6.68,5977,1.1962,1.1,1.64525,30.4328,HD 217877,113896,1.28267,42.1477,1.23137,40.4618,2.13997,1.17699,1.53921,50.5772,2.67497,1.47123,1.21854,40.0403,2.11768,1.16473,2.14206,70.3867,3.72266,2.04746,0,0,0,0,0,0,0,0,0,0,0,0,0,0
TIC 36690359,F8V,6.73,6329,1.30053,1.1718,2.445,38.2787,HD 216402,112974,1.56365,40.8491,1.5011,39.2151,2.07404,1.14072,1.87638,49.0189,2.59255,1.4259,1.48547,38.8066,2.05243,1.12884,2.61129,68.218,3.60796,1.98438,0,0,0,0,0,0,0,0,0,0,0,0,0,0
TIC 37149737,G9V,6.883,5309,0.965565,0.88,0.667281,19.8649,HD 137763,75718,0.816873,41.1214,0.784198,39.4766,2.08787,1.14833,0.980248,49.3457,2.60983,1.43541,0.776029,39.0654,2.06612,1.13637,1.36418,68.6728,3.63202,1.99761,0,0,0,0,0,0,0,0,0,0,0,0,0,0
TIC 250319128,G9VFe-0.7,6.31,6003,1.3258,1.21,2.05649,34.5458,HD 214810,111965,1.43405,41.5114,1.37668,39.851,2.10767,1.15922,1.72086,49.8137,2.63459,1.44902,1.36234,39.4359,2.08571,1.14714,2.39486,69.3241,3.66647,2.01656,0,0,0,0,0,0,0,0,0,0,0,0,0,0
TIC 302492175,G0V,6.76,5944,1.15779,1.07,1.50755,29.5492,HD  35956,25662,1.22782,41.5518,1.17871,39.8897,2.10972,1.16034,1.47339,49.8621,2.63715,1.45043,1.16643,39.4742,2.08774,1.14826,2.05047,69.3915,3.67003,2.01852,0,0,0,0,0,0,0,0,0,0,0,0,0,0
TIC 139112038,G5V,6.742,5825,0.970211,0.958325,0.976361,23.7743,HD 202628,105184,0.98811,41.562,0.948586,39.8995,2.11024,1.16063,1.18573,49.8744,2.6378,1.45079,0.938704,39.4839,2.08826,1.14854,1.65014,69.4086,3.67093,2.01901,0,0,0,0,0,0,0,0,0,0,0,0,0,0
TIC 61360821,G0,6.748,5804.5,2.0403,1.21161,4.25738,49.6063,HD   9616,7370,2.06334,41.5943,1.98081,39.9306,2.11188,1.16153,2.47601,49.9132,2.63985,1.45192,1.96018,39.5146,2.08988,1.14943,3.44578,69.4626,3.67379,2.02058,0,0,0,0,0,0,0,0,0,0,0,0,0,0
TIC 142392159,F8V,6.73,6013.1,1.25612,1.08779,1.85846,32.7626,HD 105330,59135,1.36325,41.6101,1.30872,39.9457,2.11268,1.16197,1.6359,49.9321,2.64085,1.45247,1.29509,39.5296,2.09067,1.14987,2.27663,69.4888,3.67518,2.02135,0,0,0,0,0,0,0,0,0,0,0,0,0,0
TIC 322510949,F9VFe+0.5,6.44,5974,1.23568,1.12,1.75214,32.1958,HD   2475,2237,1.32369,41.1137,1.27074,39.4691,2.08747,1.14811,1.58842,49.3364,2.60934,1.43514,1.2575,39.058,2.06573,1.13615,2.21055,68.6598,3.63133,1.99723,0,0,0,0,0,0,0,0,0,0,0,0,0,0
TIC 130645531,K0.5V,6.851,5317,0.83653,0.817809,0.503877,17.0572,HD  53706,34069,0.709843,41.6154,0.68145,39.9508,2.11295,1.16212,0.851812,49.9385,2.64119,1.45265,0.674351,39.5346,2.09094,1.15002,1.18544,69.4978,3.67565,2.02161,0,0,0,0,0,0,0,0,0,0,0,0,0,0
TIC 51443167,G8/K0(IV),6.725,5815,0.99893,1.02339,1.02793,24.3361,V* V401 Hya,42333,1.01387,41.6611,0.973314,39.9947,2.11527,1.1634,1.21664,49.9934,2.64409,1.45425,0.963176,39.5781,2.09324,1.15128,1.69316,69.5741,3.67969,2.02383,0,0,0,0,0,0,0,0,0,0,0,0,0,0
TIC 381726125,G3IV+D,6.788,5742,1.09574,0.930177,1.17587,26.3786,HD 114174,64150,1.08438,41.1083,1.041,39.4639,2.0872,1.14796,1.30125,49.3299,2.609,1.43495,1.03016,39.0528,2.06546,1.136,1.81091,68.6508,3.63086,1.99697,0,0,0,0,0,0,0,0,0,0,0,0,0,0
TIC 335661520,G5,6.88,5437,0.907257,0.86,0.648027,19.5925,HD 128642,70857,0.805001,41.0872,0.772801,39.4437,2.08613,1.14737,0.966001,49.3046,2.60766,1.43421,0.764751,39.0328,2.0644,1.13542,1.34435,68.6156,3.629,1.99595,0,0,0,0,0,0,0,0,0,0,0,0,0,0
TIC 310517307,F5,6.702,6099,1.37276,1.15899,2.3492,36.7546,HD 145435,79152,1.53271,41.7012,1.4714,40.0331,2.1173,1.16452,1.83925,50.0414,2.64663,1.45565,1.45607,39.6161,2.09525,1.15239,2.55962,69.641,3.68323,2.02577,0,0,0,0,0,0,0,0,0,0,0,0,0,0
TIC 259909186,F6V,6.69,6398,1.47233,1.28,3.27252,43.3476,HD  83610,47328,1.80901,41.7327,1.73665,40.0634,2.1189,1.1654,2.17081,50.0792,2.64863,1.45674,1.71856,39.646,2.09683,1.15326,3.02105,69.6935,3.68601,2.0273,0,0,0,0,0,0,0,0,0,0,0,0,0,0
TIC 239208577,F9V,8.56,5550,1.36577,1.02,1.59448,30.7409,HD  98354,55254,1.26273,41.0766,1.21222,39.4335,2.08559,1.14707,1.51527,49.2919,2.60699,1.43384,1.19959,39.0227,2.06386,1.13513,2.10876,68.5978,3.62806,1.99543,0,0,0,0,0,0,0,0,0,0,0,0,0,0
TIC 227409000,G0V,6.71,6080,0.999077,1.04606,1.22887,26.5626,HD 175726,92984,1.10855,41.7333,1.0642,40.064,2.11893,1.16541,1.33025,50.08,2.64867,1.45677,1.05312,39.6466,2.09686,1.15327,1.85127,69.6946,3.68606,2.02733,0,0,0,0,0,0,0,0,0,0,0,0,0,0
TIC 212681450,F7V,6.697,6295,1.65514,1.30054,3.87566,47.4413,HD 194765,100896,1.96867,41.4969,1.88992,39.8371,2.10693,1.15881,2.3624,49.7963,2.63367,1.44852,1.87024,39.4221,2.08499,1.14674,3.28768,69.2999,3.66518,2.01585,0,0,0,0,0,0,0,0,0,0,0,0,0,0
TIC 4612575,F5VFe-0.7CH-0.4,6.69,6555.8,1.5395,1.32574,3.94417,48.276,HD 219592,114952,1.98599,41.1383,1.90655,39.4928,2.08872,1.1488,2.38319,49.3659,2.6109,1.436,1.88669,39.0814,2.06697,1.13683,3.31661,68.7009,3.63351,1.99843,0,0,0,0,0,0,0,0,0,0,0,0,0,0
TIC 268215639,F8V,6.725,6198,1.17824,1.12315,1.84574,33.0169,HD 204277,105918,1.35858,41.1481,1.30424,39.5022,2.08922,1.14907,1.6303,49.3777,2.61153,1.43634,1.29065,39.0907,2.06746,1.1371,2.26883,68.7173,3.63437,1.9989,0,0,0,0,0,0,0,0,0,0,0,0,0,0
TIC 153027837,G5VFe-1.2CH-1,6.756,5879,0.975185,1.04287,1.02349,24.5166,HD  20407,15131,1.01168,41.2649,0.971208,39.6143,2.09515,1.15233,1.21401,49.5178,2.61894,1.44042,0.961091,39.2016,2.07332,1.14033,1.6895,68.9123,3.64469,2.00458,0,0,0,0,0,0,0,0,0,0,0,0,0,0
TIC 59605887,K1V+K4V,6.669,4945,0.822282,0.813804,0.364252,14.59,HD  57095,35296,0.603533,41.3662,0.579392,39.7116,2.1003,1.15516,0.72424,49.6394,2.62537,1.44395,0.573356,39.2979,2.07842,1.14313,1.0079,69.0816,3.65364,2.0095,0,0,0,0,0,0,0,0,0,0,0,0,0,0
TIC 255125492,F3V,6.667,6731.8,1.36135,1.31126,3.42892,44.7247,HD 142254,77958,1.85174,41.403,1.77767,39.7469,2.10216,1.15619,2.22208,49.6836,2.62771,1.44524,1.75915,39.3329,2.08027,1.14415,3.0924,69.143,3.65689,2.01129,0,0,0,0,0,0,0,0,0,0,0,0,0,0
TIC 441120034,G1.5IV-V,6.74,5953,1.02683,0.984106,1.19298,26.3687,HD 205905,106913,1.09223,41.4216,1.04855,39.7648,2.10311,1.15671,1.31068,49.706,2.62889,1.44589,1.03762,39.3505,2.0812,1.14466,1.82403,69.1741,3.65853,2.01219,0,0,0,0,0,0,0,0,0,0,0,0,0,0
TIC 185099888,F3/5V,6.7,6567.3,1.48598,1.31186,3.70056,46.5736,HD  72936,42042,1.92369,41.3042,1.84674,39.652,2.09715,1.15343,2.30842,49.565,2.62143,1.44179,1.8275,39.239,2.0753,1.14142,3.21255,68.978,3.64816,2.00649,0,0,0,0,0,0,0,0,0,0,0,0,0,0
TIC 21373524,F8V,6.782,5895,1.35453,1.09165,1.99622,34.0708,HD  62301,37789,1.41288,41.4689,1.35636,39.8101,2.10551,1.15803,1.69545,49.7626,2.63188,1.44754,1.34223,39.3954,2.08358,1.14597,2.3595,69.253,3.66271,2.01449,0,0,0,0,0,0,0,0,0,0,0,0,0,0
TIC 79404795,G8/K1III+(F/G),6.75,5879,1.91333,1.07,3.93994,47.8607,HD 203021,105439,1.98493,41.4731,1.90553,39.8141,2.10572,1.15815,2.38191,49.7677,2.63215,1.44768,1.88568,39.3994,2.08379,1.14608,3.31483,69.26,3.66308,2.01469,0,0,0,0,0,0,0,0,0,0,0,0,0,0
TIC 346923890,G2V,6.76,5810,1.03536,0.952803,1.10049,25.4229,HD   9986,7585,1.04904,41.2636,1.00708,39.613,2.09508,1.1523,1.25885,49.5163,2.61885,1.44037,0.996588,39.2004,2.07326,1.14029,1.7519,68.9101,3.64457,2.00451,0,0,0,0,0,0,0,0,0,0,0,0,0,0
TIC 15933506,F6V,6.576,6677.2,1.4974,1.3314,4.01559,46.6106,HD  26345,19504,2.00389,42.9922,1.92374,41.2725,2.18285,1.20057,2.40467,51.5907,2.72857,1.50071,1.9037,40.8426,2.16011,1.18806,3.3465,71.797,3.79725,2.08849,0,0,0,0,0,0,0,0,0,0,0,0,0,0
TIC 155782207,F5V,6.67,6554.3,1.30953,1.25424,2.85122,40.7082,HD 206893,107412,1.68856,41.4796,1.62101,39.8204,2.10605,1.15833,2.02627,49.7755,2.63256,1.44791,1.60413,39.4056,2.08411,1.14626,2.81989,69.2708,3.66365,2.01501,0,0,0,0,0,0,0,0,0,0,0,0,0,0
TIC 125382781,F8.5V,6.74,6060,1.16593,1.05976,1.6517,31.1652,HD 184509,96370,1.28518,41.2378,1.23378,39.5883,2.09378,1.15158,1.54222,49.4854,2.61722,1.43947,1.22093,39.1759,2.07197,1.13958,2.14626,68.8672,3.6423,2.00326,0,0,0,0,0,0,0,0,0,0,0,0,0,0
TIC 319614734,F5V,6.6,6533.43,1.28127,1.23638,2.6949,39.8371,eps Mon B,30422,1.64161,41.2082,1.57595,39.5599,2.09227,1.15075,1.96994,49.4498,2.61534,1.43844,1.55953,39.1478,2.07048,1.13876,2.7415,68.8177,3.63968,2.00183,0,0,0,0,0,0,0,0,0,0,0,0,0,0
TIC 262719749,F5/6V,6.71,6504.5,1.48,1.27789,3.53242,45.6438,HD  86147,48768,1.87947,41.1769,1.80429,39.5299,2.09069,1.14988,2.25537,49.4123,2.61336,1.43735,1.7855,39.1181,2.06891,1.1379,3.13872,68.7655,3.63692,2.00031,0,0,0,0,0,0,0,0,0,0,0,0,0,0
TIC 165852811,G3V,6.796,5561,0.963548,1,0.799932,21.5581,HD  68017,40118,0.894389,41.4873,0.858614,39.8278,2.10644,1.15854,1.07327,49.7848,2.63305,1.44818,0.84967,39.4129,2.0845,1.14648,1.49363,69.2838,3.66433,2.01538,0,0,0,0,0,0,0,0,0,0,0,0,0,0
TIC 125802421,F6V,6.67,6351,1.20157,1.16259,2.11621,35.0582,HD 134483,,1.45472,41.4944,1.39653,39.8347,2.10681,1.15874,1.74567,49.7933,2.63351,1.44843,1.38199,39.4197,2.08486,1.14667,2.42938,69.2957,3.66497,2.01573,0,0,0,0,0,0,0,0,0,0,0,0,0,0
TIC 118295030,G5IV-V,6.81,5682,1.08951,0.901376,1.11471,25.7264,HD  13825,10505,1.0558,41.0395,1.01357,39.398,2.08371,1.14604,1.26696,49.2475,2.60464,1.43255,1.00301,38.9876,2.062,1.1341,1.76318,68.536,3.62479,1.99363,0,0,0,0,0,0,0,0,0,0,0,0,0,0
TIC 239972376,F6V,6.7,6468.4,1.51563,1.29506,3.62299,45.5908,HD  43382,29882,1.90341,41.75,1.82728,40.08,2.11978,1.16588,2.2841,50.1,2.64973,1.45735,1.80824,39.6625,2.0977,1.15373,3.1787,69.7224,3.68753,2.02814,0,0,0,0,0,0,0,0,0,0,0,0,0,0
TIC 368438895,G1V_Fe-0.7,6.74,6027,1.09138,1.03813,1.41596,29.0172,HD 108510,60816,1.18994,41.0082,1.14234,39.3678,2.08212,1.14516,1.42793,49.2098,2.60264,1.43145,1.13044,38.9577,2.06043,1.13323,1.9872,68.4836,3.62201,1.99211,0,0,0,0,0,0,0,0,0,0,0,0,0,0
TIC 238171697,F5V,6.72,6663.5,1.43008,1.31328,3.63266,46.6319,HD 223226,117374,1.90595,40.8723,1.82972,39.2374,2.07522,1.14137,2.28714,49.0467,2.59402,1.42671,1.81066,38.8287,2.0536,1.12948,3.18294,68.2567,3.61001,1.98551,0,0,0,0,0,0,0,0,0,0,0,0,0,0
TIC 155896956,G5VFe-1.2CH-0.9,6.852,5665,1.25166,0.86,1.45368,29.4869,HD   1273,1349,1.20569,40.8889,1.15746,39.2534,2.07606,1.14183,1.44683,49.0667,2.59508,1.42729,1.1454,38.8445,2.05444,1.12994,2.0135,68.2845,3.61148,1.98632,0,0,0,0,0,0,0,0,0,0,0,0,0,0
TIC 290824002,G5V,7.5,5724,1.68367,1.06659,2.74162,40.5038,HD 195521,101432,1.65578,40.8797,1.58955,39.2445,2.07559,1.14158,1.98694,49.0556,2.59449,1.42697,1.57299,38.8357,2.05397,1.12968,2.76516,68.2691,3.61067,1.98587,0,0,0,0,0,0,0,0,0,0,0,0,0,0
TIC 291038439,F8,6.7,6145,1.7995,1.31075,4.15992,48.5524,HD  98697,55455,2.03959,42.008,1.95801,40.3277,2.13288,1.17308,2.44751,50.4096,2.6661,1.46636,1.93761,39.9076,2.11066,1.16087,3.40611,70.1534,3.71033,2.04068,0,0,0,0,0,0,0,0,0,0,0,0,0,0
TIC 391844777,G1.5V,6.767,5809,0.96236,0.965471,0.950113,23.8456,HD  92719,52369,0.974737,40.8771,0.935748,39.242,2.07546,1.1415,1.16968,49.0525,2.59432,1.42688,0.926,38.8332,2.05384,1.12961,1.62781,68.2647,3.61044,1.98574,0,0,0,0,0,0,0,0,0,0,0,0,0,0
TIC 402180616,G6V,6.765,5651,0.887698,0.992139,0.72398,20.2505,HD 128400,71855,0.85087,42.0173,0.816835,40.3366,2.13335,1.17334,1.02104,50.4207,2.66669,1.46668,0.808327,39.9164,2.11113,1.16112,1.42095,70.1688,3.71114,2.04113,0,0,0,0,0,0,0,0,0,0,0,0,0,0
TIC 383068976,G2/3V,6.71,5842,1.91671,1.17025,3.85525,46.7014,HD 150698,81910,1.96348,42.0432,1.88494,40.3615,2.13467,1.17407,2.35618,50.4519,2.66834,1.46759,1.86531,39.9411,2.11243,1.16184,3.27901,70.2122,3.71344,2.04239,0,0,0,0,0,0,0,0,0,0,0,0,0,0
TIC 201306559,F5IV/V,8.788,6528,1.51235,1.30904,3.74213,46.0103,HD   1004,1140,1.93446,42.044,1.85708,40.3623,2.13471,1.17409,2.32135,50.4528,2.66839,1.46761,1.83774,39.9418,2.11247,1.16186,3.23055,70.2135,3.71351,2.04243,0,0,0,0,0,0,0,0,0,0,0,0,0,0
TIC 461272840,K0V,6.905,5246,0.782676,0.866332,0.417995,15.809,HD 135599,74702,0.646526,40.896,0.620665,39.2601,2.07642,1.14203,0.775831,49.0752,2.59553,1.42754,0.614199,38.8512,2.05479,1.13014,1.0797,68.2963,3.61211,1.98666,0,0,0,0,0,0,0,0,0,0,0,0,0,0
TIC 10787084,F3V,6.65,6796.4,1.46976,1.3485,4.15244,48.433,HD   8070,6237,2.03775,42.0736,1.95624,40.3907,2.13621,1.17492,2.4453,50.4883,2.67027,1.46865,1.93586,39.9699,2.11396,1.16268,3.40305,70.2629,3.71612,2.04387,0,0,0,0,0,0,0,0,0,0,0,0,0,0
TIC 418085793,F8,6.723,5751,1.99861,1.18645,3.93661,47.1259,HD  18768,14181,1.98409,42.1019,1.90473,40.4178,2.13765,1.17571,2.38091,50.5223,2.67206,1.46963,1.88489,39.9968,2.11538,1.16346,3.31343,70.3102,3.71862,2.04524,0,0,0,0,0,0,0,0,0,0,0,0,0,0
TIC 64804337,G1V,6.76,5803,1.11352,0.95003,1.26678,27.241,HD 196850,101875,1.12551,41.317,1.08049,39.6643,2.0978,1.15379,1.35062,49.5804,2.62225,1.44224,1.06924,39.2512,2.07595,1.14177,1.87961,68.9994,3.64929,2.00711,0,0,0,0,0,0,0,0,0,0,0,0,0,0
TIC 21895899,F5V,6.65,6565,1.34771,1.27713,3.03966,41.3678,HD  85043,48125,1.74346,42.1454,1.67372,40.4596,2.13986,1.17692,2.09215,50.5745,2.67482,1.47115,1.65629,40.0381,2.11757,1.16466,2.91158,70.3828,3.72246,2.04735,0,0,0,0,0,0,0,0,0,0,0,0,0,0
TIC 283546449,G0,6.78,5910,1.66991,1.1157,3.065,42.8357,HD   5065,4127,1.75072,40.8705,1.68069,39.2357,2.07513,1.14132,2.10086,49.0446,2.59391,1.42665,1.66318,38.827,2.05351,1.12943,2.92369,68.2537,3.60985,1.98542,0,0,0,0,0,0,0,0,0,0,0,0,0,0
TIC 115509518,G0V,6.832,5664,1.98053,1.16786,3.63705,46.6731,HD 152792,82636,1.9071,40.8609,1.83082,39.2265,2.07464,1.14105,2.28853,49.0331,2.5933,1.42632,1.81175,38.8179,2.05303,1.12917,3.18486,68.2377,3.60901,1.98496,0,0,0,0,0,0,0,0,0,0,0,0,0,0
TIC 99054776,G0V,6.71,5943,1.51197,1.06614,2.56923,38.1756,HD 105328,59143,1.60288,41.9871,1.53877,40.3076,2.13182,1.1725,1.92346,50.3845,2.66478,1.46563,1.52274,39.8877,2.10961,1.16029,2.67681,70.1185,3.70848,2.03966,0,0,0,0,0,0,0,0,0,0,0,0,0,0
TIC 89320803,K0VFe-1.2CH-0.9,6.88,5351,1.92753,0.92,2.74432,40.4945,HD  24892,18432,1.6566,40.9093,1.59034,39.2729,2.07709,1.1424,1.98792,49.0911,2.59637,1.428,1.57377,38.8638,2.05546,1.1305,2.76652,68.3185,3.61328,1.9873,0,0,0,0,0,0,0,0,0,0,0,0,0,0
TIC 66533627,F2V,6.42,6825.19,1.45755,1.51,4.15337,48.8067,i02 Aqr B,117218,2.03798,41.7562,1.95646,40.0859,2.12009,1.16605,2.44558,50.1074,2.65012,1.45756,1.93608,39.6683,2.09801,1.15391,3.40343,69.7328,3.68808,2.02844,0,0,0,0,0,0,0,0,0,0,0,0,0,0
TIC 161335014,F6/8(V),6.66,6440.37,1.50188,1.28689,3.49631,44.6982,tau02 Gru,113190,1.86984,41.8326,1.79505,40.1593,2.12398,1.16819,2.24381,50.1992,2.65497,1.46023,1.77635,39.741,2.10185,1.15602,3.12264,69.8605,3.69483,2.03216,0,0,0,0,0,0,0,0,0,0,0,0,0,0
TIC 212960381,F6V,6.71,6456.1,1.46696,1.2736,3.36831,44.7722,HD   3296,2843,1.8353,40.9919,1.76188,39.3522,2.08129,1.14471,2.20235,49.1902,2.60161,1.43089,1.74353,38.9423,2.05961,1.13278,3.06494,68.4564,3.62058,1.99132,0,0,0,0,0,0,0,0,0,0,0,0,0,0
TIC 440489582,F8,6.755,6160,1.22134,1.09669,1.93503,33.9368,HD  40979,28767,1.39105,40.9896,1.33541,39.35,2.08117,1.14465,1.66926,49.1875,2.60147,1.43081,1.3215,38.9401,2.05949,1.13272,2.32306,68.4526,3.62037,1.99121,0,0,0,0,0,0,0,0,0,0,0,0,0,0
TIC 242942985,G7V,6.81,5527,0.914467,0.871903,0.703053,20.4569,HD  24496,18267,0.838483,40.9877,0.804943,39.3482,2.08108,1.14459,1.00618,49.1853,2.60135,1.43074,0.796559,38.9383,2.0594,1.13267,1.40027,68.4495,3.62021,1.99112,0,0,0,0,0,0,0,0,0,0,0,0,0,0
TIC 101969923,K0V,6.92,5224,0.784638,0.89,0.413091,15.6856,HD 118972,66765,0.642722,40.9754,0.617013,39.3364,2.08045,1.14425,0.771266,49.1704,2.60056,1.43031,0.610586,38.9266,2.05878,1.13233,1.07335,68.4289,3.61912,1.99051,0,0,0,0,0,0,0,0,0,0,0,0,0,0
TIC 167814656,G9V,6.803,5451,0.859571,0.836052,0.58771,18.3386,HD  53143,33690,0.766623,41.8037,0.735958,40.1315,2.12251,1.16738,0.919947,50.1644,2.65313,1.45922,0.728291,39.7135,2.1004,1.15522,1.28026,69.8121,3.69228,2.03075,0,0,0,0,0,0,0,0,0,0,0,0,0,0
TIC 101311292,F4V,6.66,6662,1.29059,1.29038,2.95592,41.1001,HD 188986,98444,1.71928,41.8315,1.65051,40.1583,2.12392,1.16816,2.06313,50.1978,2.6549,1.4602,1.63331,39.7399,2.1018,1.15599,2.87119,69.8586,3.69474,2.03211,0,0,0,0,0,0,0,0,0,0,0,0,0,0
TIC 145253043,F5IV/V,6.71,6616,1.34629,1.26879,3.12862,43.1858,HD  75426,43197,1.76879,40.9577,1.69804,39.3194,2.07956,1.14376,2.12255,49.1493,2.59944,1.42969,1.68035,38.9099,2.05789,1.13184,2.95388,68.3994,3.61756,1.98966,0,0,0,0,0,0,0,0,0,0,0,0,0,0
TIC 55315634,F8V,6.67,6327.6,1.50439,1.25307,3.26868,43.1321,HD  80654,45879,1.80795,41.9166,1.73563,40.2399,2.12824,1.17053,2.16954,50.2999,2.6603,1.46316,1.71755,39.8207,2.10607,1.15834,3.01927,70.0007,3.70225,2.03624,0,0,0,0,0,0,0,0,0,0,0,0,0,0
TIC 145972795,G0.5V,6.75,5943,1.0727,0.997415,1.29322,27.176,HD  68978,40283,1.1372,41.8456,1.09171,40.1718,2.12464,1.16855,1.36464,50.2148,2.6558,1.46069,1.08034,39.7534,2.10251,1.15638,1.89912,69.8822,3.69598,2.03279,0,0,0,0,0,0,0,0,0,0,0,0,0,0
TIC 24608799,F6V,8.49,6322,1.61251,1.28699,3.74213,47.2418,HD  37224,26245,1.93446,40.948,1.85708,39.3101,2.07906,1.14349,2.32135,49.1377,2.59883,1.42936,1.83774,38.9006,2.05741,1.13157,3.23055,68.3832,3.6167,1.98919,0,0,0,0,0,0,0,0,0,0,0,0,0,0
TIC 151236987,F6V,6.733,6357,1.38969,1.2176,2.84146,41.1772,HD  41304,28813,1.68566,40.9368,1.61824,39.2993,2.07849,1.14317,2.02279,49.1241,2.59812,1.42896,1.60138,38.8899,2.05684,1.13126,2.81506,68.3644,3.61571,1.98864,0,0,0,0,0,0,0,0,0,0,0,0,0,0
TIC 24910401,G3V,6.754,5795,0.991913,0.936967,0.999667,23.8903,V* EZ Cet,8486,0.999834,41.851,0.95984,40.177,2.12491,1.1687,1.1998,50.2212,2.65614,1.46088,0.949842,39.7585,2.10278,1.15653,1.66972,69.8912,3.69646,2.03305,0,0,0,0,0,0,0,0,0,0,0,0,0,0
TIC 275633056,G0,6.748,5815,0.987284,0.980302,1.0041,23.938,HD 185414,96395,1.00205,41.8601,0.961967,40.1857,2.12537,1.16896,1.20246,50.2322,2.65672,1.46119,0.951946,39.7671,2.10323,1.15678,1.67342,69.9064,3.69726,2.0335,0,0,0,0,0,0,0,0,0,0,0,0,0,0
TIC 389136129,G2IV-VFe-1,6.75,5717,1.60064,1.03474,2.46577,37.4896,HD  31966,23286,1.57028,41.8857,1.50747,40.2103,2.12667,1.16967,1.88433,50.2628,2.65834,1.46209,1.49176,39.7914,2.10452,1.15748,2.62236,69.9491,3.69952,2.03474,0,0,0,0,0,0,0,0,0,0,0,0,0,0
TIC 96796224,F5.5VFe-0.7CH-0.4,6.61,6473.7,1.29817,1.23779,2.66668,37.9899,HD  52516,33705,1.633,42.9851,1.56768,41.2657,2.18249,1.20037,1.9596,51.5821,2.72811,1.50046,1.55135,40.8358,2.15976,1.18787,2.72711,71.7851,3.79663,2.08814,0,0,0,0,0,0,0,0,0,0,0,0,0,0
TIC 319280528,G1V,6.553,6062.3,1.33817,1.1288,2.17905,33.0673,HD  57517,35642,1.47616,44.6411,1.41711,42.8555,2.26657,1.24661,1.77139,53.5693,2.83322,1.55827,1.40235,42.409,2.24296,1.23363,2.46519,74.5506,3.94289,2.16859,0,0,0,0,0,0,0,0,0,0,0,0,0,0
TIC 335259606,K0V,6.79,5303,1.99472,0.91,2.83494,39.083,HD 137812,75762,1.68373,43.0808,1.61638,41.3576,2.18735,1.20304,2.02047,51.697,2.73419,1.5038,1.59954,40.9268,2.16457,1.19051,2.81182,71.9449,3.80508,2.09279,0,0,0,0,0,0,0,0,0,0,0,0,0,0
TIC 301842094,G5V+K1V,6.723,5129,1.76373,0.86,1.9395,30.3333,HD 155555,84586,1.39266,45.9119,1.33695,44.0754,2.3311,1.2821,1.67119,55.0943,2.91387,1.60263,1.32303,43.6163,2.30681,1.26875,2.32574,76.6729,4.05514,2.23032,0,0,0,0,0,0,0,0,0,0,0,0,0,0
TIC 20997718,F9IV-V,6.52,6077,1.04986,1.02848,1.3543,25.4425,HD 138763,76233,1.16375,45.7402,1.1172,43.9106,2.32238,1.27731,1.39649,54.8883,2.90297,1.59663,1.10556,43.4532,2.29819,1.264,1.94346,76.3862,4.03997,2.22198,0,0,0,0,0,0,0,0,0,0,0,0,0,0
TIC 204614426,F5V_Fe-1.2_CH-0.8,6.461,6600,1.36839,1.38,3.20105,39.0922,HD  17438,13008,1.78915,45.7674,1.71758,43.9367,2.32376,1.27807,2.14698,54.9208,2.90469,1.59758,1.69969,43.479,2.29955,1.26475,2.98788,76.4315,4.04237,2.2233,0,0,0,0,0,0,0,0,0,0,0,0,0,0
TIC 75866530,F5.5V,6.48,6420,1.2988,1.20971,2.58179,35.1041,HD 133469,73850,1.60679,45.7723,1.54252,43.9414,2.324,1.2782,1.92815,54.9267,2.90501,1.59775,1.52645,43.4836,2.2998,1.26489,2.68335,76.4397,4.0428,2.22354,0,0,0,0,0,0,0,0,0,0,0,0,0,0
TIC 75673519,G1V,6.52,6072,1.96949,1.24653,4.7504,47.602,HD 156846,84856,2.17954,45.7867,2.09236,43.9553,2.32474,1.27861,2.61545,54.9441,2.90593,1.59826,2.07056,43.4974,2.30052,1.26529,3.63983,76.4639,4.04408,2.22424,0,0,0,0,0,0,0,0,0,0,0,0,0,0
TIC 174655929,F8V,6.482,6106,2.04483,1.33,5.23646,49.975,HD 172088,91394,2.28833,45.7895,2.1968,43.9579,2.32488,1.27868,2.746,54.9474,2.9061,1.59836,2.17391,43.5,2.30066,1.26536,3.82151,76.4685,4.04432,2.22438,0,0,0,0,0,0,0,0,0,0,0,0,0,0
TIC 290543478,G8V,6.578,5522,0.878553,0.847685,0.646572,17.5536,HD   1237,1292,0.804097,45.808,0.771933,43.9757,2.32582,1.2792,0.964916,54.9697,2.90728,1.599,0.763892,43.5176,2.30159,1.26588,1.34284,76.4994,4.04596,2.22528,0,0,0,0,0,0,0,0,0,0,0,0,0,0
TIC 71561609,F8V,6.55,5898,1.31128,0.91,1.87459,29.8699,HD  66751,40015,1.36916,45.8373,1.31439,44.0038,2.32731,1.28002,1.64299,55.0047,2.90913,1.60002,1.3007,43.5454,2.30306,1.26668,2.28649,76.5482,4.04854,2.2267,0,0,0,0,0,0,0,0,0,0,0,0,0,0
TIC 39464221,G1V,6.544,5804,1.09829,0.97378,1.23322,24.1897,HD 159222,85810,1.11051,45.9083,1.06609,44.0719,2.33091,1.282,1.33261,55.0899,2.91364,1.6025,1.05498,43.6128,2.30663,1.26865,1.85455,76.6668,4.05481,2.23015,0,0,0,0,0,0,0,0,0,0,0,0,0,0
TIC 231061242,F4V,6.45,6702.1,1.55875,1.38359,4.41661,45.7603,HD  12894,9685,2.10157,45.9257,2.01751,44.0887,2.3318,1.28249,2.52189,55.1108,2.91474,1.60311,1.99649,43.6294,2.30751,1.26913,3.50963,76.6959,4.05635,2.23099,0,0,0,0,0,0,0,0,0,0,0,0,0,0
TIC 250080475,F7V,6.49,6075,1.07383,1.06274,1.41498,25.8053,HD 221356,116106,1.18953,46.0962,1.14195,44.2524,2.34045,1.28725,1.42743,55.3155,2.92557,1.60906,1.13005,43.7914,2.31607,1.27384,1.98651,76.9807,4.07141,2.23928,0,0,0,0,0,0,0,0,0,0,0,0,0,0
TIC 234501204,G6VFe-0.9,6.552,5694,1.04074,0.90787,1.02577,22.0436,HD   4308,3497,1.0128,45.9456,0.972292,44.1078,2.3328,1.28304,1.21537,55.1347,2.91601,1.6038,0.962164,43.6483,2.3085,1.26968,1.69138,76.7291,4.05811,2.23196,0,0,0,0,0,0,0,0,0,0,0,0,0,0
TIC 397232783,F5.5VFe-1.0CH-0.6,6.462,6507.7,1.40104,1.2758,3.17182,38.745,HD  58805,32500,1.78096,45.9662,1.70972,44.1275,2.33385,1.28362,2.13715,55.1594,2.91731,1.60452,1.69191,43.6679,2.30954,1.27025,2.97421,76.7635,4.05993,2.23296,0,0,0,0,0,0,0,0,0,0,0,0,0,0
TIC 16959673,F5V:,6.46,6568,1.2539,1.26033,2.63603,35.2963,HD 139389,76456,1.62359,45.9988,1.55864,44.1588,2.3355,1.28453,1.9483,55.1985,2.91938,1.60566,1.54241,43.6988,2.31118,1.27115,2.71139,76.8179,4.0628,2.23454,0,0,0,0,0,0,0,0,0,0,0,0,0,0
TIC 298896144,G2V,6.47,5765,1.16443,0.943925,1.34934,25.252,HD 179958,94336,1.16161,46.0007,1.11514,44.1607,2.3356,1.28458,1.39393,55.2008,2.9195,1.60573,1.10353,43.7007,2.31127,1.2712,1.93989,76.8212,4.06298,2.23464,0,0,0,0,0,0,0,0,0,0,0,0,0,0
TIC 12880347,G0V,6.5,5922,1.17594,0.997974,1.53228,26.899,HD   1388,1444,1.23785,46.0185,1.18834,44.1778,2.33651,1.28508,1.48542,55.2222,2.92063,1.60635,1.17596,43.7176,2.31217,1.27169,2.06721,76.8509,4.06455,2.2355,0,0,0,0,0,0,0,0,0,0,0,0,0,0
TIC 454726022,F8V,6.466,6272.3,1.32465,1.17241,2.44683,33.9863,HD 101805,57092,1.56423,46.0255,1.50167,44.1844,2.33686,1.28527,1.87708,55.2306,2.92108,1.60659,1.48602,43.7242,2.31252,1.27189,2.61227,76.8625,4.06516,2.23584,0,0,0,0,0,0,0,0,0,0,0,0,0,0
TIC 421432683,F6V,6.48,6237,1.61353,1.178,3.54937,40.9247,HD 183577,96095,1.88398,46.0352,1.80862,44.1938,2.33736,1.28555,2.26077,55.2423,2.92169,1.60693,1.78978,43.7335,2.31301,1.27215,3.14624,76.8788,4.06602,2.23631,0,0,0,0,0,0,0,0,0,0,0,0,0,0
TIC 399588472,F3V,6.446,6241.7,1.9259,1.39515,5.07194,48.9113,HD   1343,1402,2.2521,46.0445,2.16201,44.2028,2.33783,1.28581,2.70252,55.2534,2.92229,1.60726,2.13949,43.7423,2.31348,1.27241,3.761,76.8944,4.06685,2.23677,0,0,0,0,0,0,0,0,0,0,0,0,0,0
TIC 393896594,F2,6.509,6512.7,1.62613,1.34241,4.28596,45.2713,HD 116127,65135,2.07026,45.73,1.98745,43.9008,2.32186,1.27702,2.48431,54.8761,2.90233,1.59628,1.96674,43.4435,2.29768,1.26372,3.45733,76.3692,4.03907,2.22149,0,0,0,0,0,0,0,0,0,0,0,0,0,0
GAIA DR3 5574274952097988352,F3V,6.487,6729.92,1.67437,1.415,5.18129,49.7924,HD  45680,30706,2.27625,45.7147,2.1852,43.8862,2.32108,1.2766,2.73149,54.8577,2.90136,1.59575,2.16243,43.429,2.29691,1.2633,3.80133,76.3436,4.03772,2.22075,0,0,0,0,0,0,0,0,0,0,0,0,0,0
TIC 197981077,F6/8IV/V,6.482,6384,1.65352,1.31619,4.09151,44.3164,HD 206429,107299,2.02275,45.6434,1.94184,43.8176,2.31746,1.2746,2.4273,54.7721,2.89683,1.59325,1.92161,43.3612,2.29332,1.26133,3.37799,76.2244,4.03142,2.21728,0,0,0,0,0,0,0,0,0,0,0,0,0,0
TIC 230638405,F2,6.467,6704,1.53019,1.35048,4.26109,45.2643,HD 195690,101268,2.06424,45.6041,1.98167,43.78,2.31547,1.27351,2.47709,54.725,2.89434,1.59188,1.96103,43.3239,2.29135,1.26024,3.44728,76.1589,4.02795,2.21537,0,0,0,0,0,0,0,0,0,0,0,0,0,0
GAIA DR3 6691115226725317120,F3V,6.55,6857,1.44761,1.39,4.17382,45.2765,HD 188642,98226,2.04299,45.1225,1.96127,43.3176,2.29102,1.26006,2.45159,54.147,2.86377,1.57507,1.94084,42.8664,2.26715,1.24693,3.4118,75.3546,3.98541,2.19198,0,0,0,0,0,0,0,0,0,0,0,0,0,0
TIC 256056579,F7V,6.51,6317,1.66382,1.26,3.97145,44.1112,HD 159964,86815,1.99285,45.1779,1.91314,43.3708,2.29383,1.26161,2.39142,54.2135,2.86728,1.57701,1.89321,42.919,2.26993,1.24846,3.32806,75.4471,3.9903,2.19467,0,0,0,0,0,0,0,0,0,0,0,0,0,0
TIC 204613780,F3IV/V,6.469,6903,1.52224,1.39997,4.74037,48.1917,HD  17390,12964,2.17724,45.1787,2.09015,43.3716,2.29387,1.26163,2.61269,54.2145,2.86734,1.57704,2.06838,42.9198,2.26998,1.24849,3.63599,75.4485,3.99038,2.19471,0,0,0,0,0,0,0,0,0,0,0,0,0,0
TIC 323710430,F2VkA7mA7,6.48,6923.9,1.27703,1.39432,3.37676,40.6281,HD  78661,44984,1.8376,45.2297,1.76409,43.4205,2.29646,1.26305,2.20512,54.2757,2.87057,1.57881,1.74572,42.9682,2.27254,1.2499,3.06879,75.5336,3.99488,2.19718,0,0,0,0,0,0,0,0,0,0,0,0,0,0
TIC 354033190,F6VgF6mF3,6.288,6203,1.52091,1.25074,3.08538,38.7936,HD  97855,55044,1.75652,45.2787,1.68626,43.4676,2.29895,1.26442,2.10783,54.3345,2.87368,1.58053,1.6687,43.0148,2.275,1.25125,2.93339,75.6155,3.99921,2.19957,0,0,0,0,0,0,0,0,0,0,0,0,0,0
TIC 405485269,F9VFe+0.5,6.53,5981,1.16781,1.02173,1.57228,27.669,HD  82943,47007,1.25391,45.3181,1.20375,43.5054,2.30095,1.26552,1.50469,54.3817,2.87618,1.5819,1.19121,43.0522,2.27698,1.25234,2.09403,75.6813,4.00269,2.20148,0,0,0,0,0,0,0,0,0,0,0,0,0,0
TIC 248387672,G2V,6.52,6105,1.16268,1.06939,1.69183,28.6938,40 Cet,5985,1.3007,45.3305,1.24868,43.5172,2.30157,1.26587,1.56084,54.3966,2.87697,1.58233,1.23567,43.0639,2.2776,1.25268,2.17218,75.7019,4.00378,2.20208,0,0,0,0,0,0,0,0,0,0,0,0,0,0
TIC 326927305,G8.5Vk:,6.64,5458,0.852013,0.951245,0.580392,16.8014,HD 152391,82588,0.761835,45.3434,0.731362,43.5297,2.30223,1.26623,0.914202,54.4121,2.87779,1.58278,0.723743,43.0762,2.27825,1.25304,1.27226,75.7235,4.00492,2.20271,0,0,0,0,0,0,0,0,0,0,0,0,0,0
TIC 24089803,G8V,6.67,5292,0.774798,0.91,0.424181,14.3539,HD 144579,78775,0.651292,45.374,0.62524,43.559,2.30378,1.26708,0.78155,54.4488,2.87973,1.58385,0.618727,43.1053,2.27978,1.25388,1.08766,75.7745,4.00762,2.20419,0,0,0,0,0,0,0,0,0,0,0,0,0,0
TIC 95789856,G3V,6.54,5795,1.00643,0.942758,1.02914,22.3206,HD 145825,79578,1.01446,45.4496,0.973886,43.6316,2.30762,1.26919,1.21736,54.5395,2.88453,1.58649,0.963741,43.1771,2.28359,1.25597,1.69416,75.9009,4.0143,2.20787,0,0,0,0,0,0,0,0,0,0,0,0,0,0
TIC 431556697,F3V,6.472,6723,1.36958,1.32676,3.45239,40.8814,HD 223552,117551,1.85806,45.45,1.78374,43.632,2.30764,1.2692,2.22967,54.54,2.88455,1.5865,1.76516,43.1775,2.2836,1.25598,3.10296,75.9015,4.01434,2.20788,0,0,0,0,0,0,0,0,0,0,0,0,0,0
TIC 32413885,F6.5V,6.48,6324,1.33707,1.2,2.57615,35.3126,HD 139461,76603,1.60504,45.4523,1.54084,43.6342,2.30776,1.26927,1.92605,54.5428,2.8847,1.58659,1.52479,43.1797,2.28372,1.25605,2.68042,75.9054,4.01454,2.208,0,0,0,0,0,0,0,0,0,0,0,0,0,0
TIC 63571394,K1V,6.688,5142,0.845564,0.834653,0.450315,14.7537,HD  52698,33817,0.671055,45.4839,0.644213,43.6645,2.30936,1.27015,0.805266,54.5806,2.8867,1.58769,0.637502,43.2097,2.28531,1.25692,1.12066,75.9581,4.01733,2.20953,0,0,0,0,0,0,0,0,0,0,0,0,0,0
TIC 180664865,G0Vp,6.55,5991,1.16455,1.02773,1.57402,27.5763,HD  73524,42291,1.2546,45.4957,1.20442,43.6759,2.30996,1.27048,1.50552,54.5948,2.88745,1.5881,1.19187,43.2209,2.2859,1.25724,2.09518,75.9778,4.01837,2.2101,0,0,0,0,0,0,0,0,0,0,0,0,0,0
TIC 371796948,F6V,6.5,6305.1,1.76095,1.3414,4.41528,46.165,HD 192887,100379,2.10126,45.5162,2.01721,43.6955,2.311,1.27105,2.52151,54.6194,2.88875,1.58881,1.99619,43.2404,2.28693,1.25781,3.5091,76.012,4.02018,2.2111,0,0,0,0,0,0,0,0,0,0,0,0,0,0
TIC 101003375,F7V,6.509,6240.7,1.56829,1.25683,3.3611,40.2692,HD  23308,17298,1.83333,45.5269,1.76,43.7058,2.31155,1.27135,2.2,54.6323,2.88943,1.58919,1.74166,43.2506,2.28747,1.25811,3.06166,76.0299,4.02113,2.21162,0,0,0,0,0,0,0,0,0,0,0,0,0,0
TIC 165760083,F6V,6.512,6192,1.6729,1.2903,3.70644,42.2796,HD 120005,67195,1.92521,45.5353,1.8482,43.7139,2.31197,1.27158,2.31026,54.6423,2.88997,1.58948,1.82895,43.2585,2.28789,1.25834,3.21511,76.0439,4.02187,2.21203,0,0,0,0,0,0,0,0,0,0,0,0,0,0
TIC 99302268,A9V,6.422,7007.7,1.47361,1.45105,4.71801,47.1393,HD 103928,58369,2.1721,46.0783,2.08521,44.2351,2.33954,1.28675,2.60652,55.2939,2.92443,1.60844,2.06349,43.7744,2.31517,1.27334,3.6274,76.9507,4.06983,2.23841,0,0,0,0,0,0,0,0,0,0,0,0,0,0
TIC 84667204,F8V,6.52,5879,1.89989,1.1843,3.88478,42.7434,HD 167588,89408,1.97098,46.112,1.89214,44.2675,2.34125,1.28769,2.36518,55.3344,2.92657,1.60961,1.87243,43.8064,2.31687,1.27428,3.29154,77.007,4.07281,2.24004,0,0,0,0,0,0,0,0,0,0,0,0,0,0
TIC 22874790,F5V,6.48,6695,1.50235,1.34067,4.08545,44.8405,30 Ari A,12189,2.02125,45.0765,1.9404,43.2734,2.28868,1.25877,2.4255,54.0918,2.86085,1.57347,1.92019,42.8226,2.26484,1.24566,3.37549,75.2777,3.98134,2.18974,0,0,0,0,0,0,0,0,0,0,0,0,0,0
TIC 50227884,G8V,8.57,5544,1.08573,0.96,1.00331,21.3264,HD 210277,109378,1.00165,46.9676,0.961586,45.0889,2.3847,1.31158,1.20198,56.3611,2.98087,1.63948,0.95157,44.6192,2.35986,1.29792,1.67276,78.4359,4.14838,2.28161,0,0,0,0,0,0,0,0,0,0,0,0,0,0
TIC 49038679,F3V,6.43,6594.7,1.77149,1.41457,5.34753,49.5868,HD 145100,79203,2.31247,46.6348,2.21997,44.7694,2.3678,1.30229,2.77497,55.9617,2.95975,1.62786,2.19685,44.303,2.34313,1.28872,3.86183,77.8801,4.11898,2.26544,0,0,0,0,0,0,0,0,0,0,0,0,0,0
GAIA DR3 3312783561888068352,F7V,6.439,6412,1.7969,1.36897,4.91716,47.5419,70 Tau,20661,2.21747,46.6424,2.12877,44.7767,2.36819,1.3025,2.66096,55.9709,2.96023,1.62813,2.10659,44.3103,2.34352,1.28893,3.70317,77.8928,4.11966,2.26581,0,0,0,0,0,0,0,0,0,0,0,0,0,0
TIC 142680352,G5IV:,6.516,5550,1.8394,1.08044,2.89213,36.3896,HD 154160,83435,1.70063,46.7339,1.6326,44.8645,2.37283,1.30506,2.04075,56.0807,2.96604,1.63132,1.6156,44.3972,2.34811,1.29146,2.84005,78.0456,4.12774,2.27025,0,0,0,0,0,0,0,0,0,0,0,0,0,0
TIC 219483057,K0V,6.619,5343,0.976672,0.91,0.700378,17.8923,14 Her,79248,0.836886,46.7734,0.803411,44.9025,2.37484,1.30616,1.00426,56.1281,2.96855,1.6327,0.795042,44.4348,2.3501,1.29255,1.3976,78.1116,4.13123,2.27217,0,0,0,0,0,0,0,0,0,0,0,0,0,0
TIC 20856917,K0IV-V,6.584,5388,0.980209,0.94,0.729529,18.2603,HD 154088,83541,0.854125,46.7749,0.81996,44.9039,2.37491,1.3062,1.02495,56.1299,2.96864,1.63275,0.811419,44.4362,2.35018,1.2926,1.42639,78.1142,4.13136,2.27225,0,0,0,0,0,0,0,0,0,0,0,0,0,0
TIC 398018469,G6.5V,6.524,5654,1.02549,0.888686,0.968239,21.0356,HD   9407,7339,0.983992,46.7774,0.944632,44.9063,2.37504,1.30627,1.18079,56.1329,2.9688,1.63284,0.934792,44.4386,2.3503,1.29267,1.64327,78.1183,4.13158,2.27237,0,0,0,0,0,0,0,0,0,0,0,0,0,0
TIC 252475665,F8V,6.453,5998,1.39725,1.06877,2.27649,32.1539,HD  89389,50606,1.50881,46.9245,1.44845,45.0476,2.38251,1.31038,1.81057,56.3094,2.97814,1.63798,1.43337,44.5783,2.35769,1.29673,2.51971,78.364,4.14457,2.27952,0,0,0,0,0,0,0,0,0,0,0,0,0,0
TIC 268221148,G5V,6.515,5604,2.00541,1.17033,3.57349,40.2621,HD  28447,21010,1.89037,46.9515,1.81475,45.0735,2.38388,1.31113,2.26844,56.3419,2.97985,1.63892,1.79585,44.604,2.35905,1.29748,3.15691,78.4091,4.14696,2.28083,0,0,0,0,0,0,0,0,0,0,0,0,0,0
TIC 420752443,F6V,6.408,6554.4,1.58422,1.32555,4.1731,43.492,HD 124115,69340,2.04282,46.9699,1.9611,45.0911,2.38481,1.31165,2.45138,56.3639,2.98102,1.63956,1.94067,44.6214,2.35997,1.29798,3.4115,78.4398,4.14858,2.28172,0,0,0,0,0,0,0,0,0,0,0,0,0,0
TIC 150322340,G1V,6.508,5910,1.05026,0.996857,1.21237,23.8738,HD  45270,30314,1.10108,46.1207,1.05703,44.2759,2.3417,1.28793,1.32129,55.3449,2.92712,1.60992,1.04602,43.8147,2.31731,1.27452,1.8388,77.0216,4.07358,2.24047,0,0,0,0,0,0,0,0,0,0,0,0,0,0
TIC 259592542,F4V,6.19,6540,1.37668,1.24347,3.1237,37.6257,iot Pic B,22534,1.7674,46.9732,1.6967,45.0943,2.38498,1.31174,2.12088,56.3678,2.98123,1.63967,1.67903,44.6245,2.36014,1.29808,2.95156,78.4452,4.14887,2.28188,0,0,0,0,0,0,0,0,0,0,0,0,0,0
TIC 393884179,G0V,6.47,5964,1.02418,1.00606,1.19564,23.274,HD 101177A,56809,1.09345,46.9817,1.04971,45.1024,2.38541,1.31198,1.31214,56.378,2.98176,1.63997,1.03878,44.6326,2.36056,1.29831,1.82606,78.4594,4.14962,2.28229,0,0,0,0,0,0,0,0,0,0,0,0,0,0
TIC 245367276,F6V,6.437,6174,1.20462,1.09789,1.8996,29.3141,HD 218261,114096,1.37826,47.0171,1.32313,45.1364,2.38721,1.31296,1.65391,56.4205,2.98401,1.64121,1.30935,44.6662,2.36234,1.29929,2.3017,78.5185,4.15275,2.28401,0,0,0,0,0,0,0,0,0,0,0,0,0,0
TIC 198460187,F9V:,6.419,6175,1.62427,1.25075,3.45587,39.5319,HD 157060,85019,1.859,47.0252,1.78464,45.1442,2.38762,1.31319,2.2308,56.4303,2.98453,1.64149,1.76605,44.674,2.36275,1.29951,3.10452,78.5321,4.15347,2.28441,0,0,0,0,0,0,0,0,0,0,0,0,0,0
TIC 207386596,F5V,6.925,6243,1.39163,1.14,2.65044,34.5799,HD 118244,66290,1.62802,47.0799,1.5629,45.1967,2.3904,1.31472,1.95362,56.4958,2.98799,1.6434,1.54662,44.7259,2.3655,1.30102,2.71879,78.6234,4.15829,2.28706,0,0,0,0,0,0,0,0,0,0,0,0,0,0
TIC 180497060,F9.5V,6.431,6060,1.54626,1.10886,2.90503,36.1482,HD  73121,42123,1.70441,47.1507,1.63624,45.2647,2.39399,1.3167,2.0453,56.5809,2.99249,1.64587,1.61919,44.7932,2.36906,1.30298,2.84637,78.7417,4.16455,2.2905,0,0,0,0,0,0,0,0,0,0,0,0,0,0
TIC 284327831,F8IV,6.38,6164,1.49216,1.20737,2.89584,36.0568,HD  47415,31850,1.70172,47.1955,1.63365,45.3076,2.39627,1.31795,2.04206,56.6346,2.99533,1.64743,1.61663,44.8357,2.3713,1.30422,2.84187,78.8164,4.1685,2.29268,0,0,0,0,0,0,0,0,0,0,0,0,0,0
TIC 160991902,G1/2V,6.454,5979,1.20242,1.04435,1.66464,27.3217,HD 168871,90223,1.29021,47.2228,1.2386,45.3339,2.39765,1.31871,1.54825,56.6674,2.99707,1.64839,1.2257,44.8617,2.37268,1.30497,2.15465,78.8621,4.17092,2.29401,0,0,0,0,0,0,0,0,0,0,0,0,0,0
TIC 289971775,G9,6.554,5525,0.871695,0.910262,0.637901,17.1471,HD  62613,38784,0.798687,46.5785,0.766739,44.7153,2.36494,1.30072,0.958424,55.8942,2.95617,1.6259,0.758753,44.2496,2.3403,1.28717,1.33381,77.7861,4.11401,2.2627,0,0,0,0,0,0,0,0,0,0,0,0,0,0
TIC 42013007,F5VFe-0.7,6.43,6585.3,1.33271,1.27517,3.00931,37.2699,HD   9895,7443,1.73474,46.5453,1.66535,44.6835,2.36325,1.29979,2.08168,55.8543,2.95407,1.62474,1.648,44.218,2.33864,1.28625,2.89701,77.7306,4.11108,2.26109,0,0,0,0,0,0,0,0,0,0,0,0,0,0
TIC 38838329,G9V,6.6,5394,0.919454,0.94,0.64476,17.2531,HD 135204,74537,0.80297,46.5405,0.770851,44.6789,2.36301,1.29966,0.963564,55.8486,2.95376,1.62457,0.762821,44.2135,2.33839,1.28612,1.34096,77.7226,4.11065,2.26086,0,0,0,0,0,0,0,0,0,0,0,0,0,0
TIC 377227654,F8V,6.47,6109,1.24454,1.09928,1.94355,29.9599,17 Vir,60353,1.39411,46.5327,1.33835,44.6714,2.36261,1.29944,1.67294,55.8392,2.95327,1.6243,1.32441,44.206,2.338,1.2859,2.32817,77.7095,4.10996,2.26048,0,0,0,0,0,0,0,0,0,0,0,0,0,0
TIC 23270430,G1VFe-0.5,6.503,5865,1.13321,0.967472,1.36896,25.3682,HD  96700,54400,1.17003,46.1218,1.12322,44.277,2.34175,1.28796,1.40403,55.3462,2.92719,1.60996,1.11152,43.8158,2.31736,1.27455,1.95394,77.0235,4.07368,2.24052,0,0,0,0,0,0,0,0,0,0,0,0,0,0
TIC 430173956,K2Ve,6.753,4822,0.965432,0.82,0.453991,14.6076,HD  45088,30630,0.673789,46.1258,0.646837,44.2808,2.34196,1.28808,0.808546,55.351,2.92745,1.61009,0.640099,43.8195,2.31756,1.27466,1.12523,77.0301,4.07403,2.24072,0,0,0,0,0,0,0,0,0,0,0,0,0,0
TIC 140638831,F7V,6.5,6349.3,1.24176,1.17688,2.25772,32.5511,HD  29329,22152,1.50257,46.1604,1.44247,44.314,2.34371,1.28904,1.80309,55.3925,2.92964,1.6113,1.42744,43.8524,2.3193,1.27562,2.50929,77.0879,4.07709,2.2424,0,0,0,0,0,0,0,0,0,0,0,0,0,0
TIC 141821518,F7IV-V,6.5,6315,1.31717,1.1881,2.48585,34.1531,HD 119992,67103,1.57666,46.1644,1.51359,44.3179,2.34392,1.28915,1.89199,55.3973,2.9299,1.61144,1.49782,43.8562,2.3195,1.27573,2.63302,77.0946,4.07744,2.24259,0,0,0,0,0,0,0,0,0,0,0,0,0,0
TIC 440462174,F5,6.49,5981,1.18537,1.05252,1.61993,27.5658,HD  40650,28634,1.27277,46.1719,1.22185,44.325,2.3443,1.28936,1.52732,55.4063,2.93037,1.6117,1.20913,43.8633,2.31988,1.27593,2.12552,77.1071,4.0781,2.24295,0,0,0,0,0,0,0,0,0,0,0,0,0,0
TIC 343312972,F5,6.456,6473.9,1.29515,1.24134,2.65462,35.2459,HD 215588,112324,1.6293,46.2266,1.56413,44.3776,2.34707,1.29089,1.95516,55.4719,2.93384,1.61361,1.54783,43.9153,2.32263,1.27744,2.72093,77.1985,4.08293,2.24561,0,0,0,0,0,0,0,0,0,0,0,0,0,0
TIC 428698700,F8.5V,5.58,6133,1.17494,1.3,1.75962,28.6615,HD 113415,63738,1.32651,46.2818,1.27344,44.4305,2.34987,1.29243,1.59181,55.5381,2.93734,1.61554,1.26018,43.9677,2.3254,1.27897,2.21526,77.2905,4.0878,2.24829,0,0,0,0,0,0,0,0,0,0,0,0,0,0
TIC 126584063,G2VFe-1.0,6.52,5798,0.984103,1.01914,0.986027,21.4552,HD 199288,103458,0.992989,46.2821,0.953269,44.4308,2.34989,1.29244,1.19159,55.5385,2.93736,1.61555,0.943339,43.968,2.32541,1.27898,1.65829,77.291,4.08783,2.24831,0,0,0,0,0,0,0,0,0,0,0,0,0,0
TIC 5506063,F7V,6.46,6373,1.59236,1.29601,3.76837,41.9244,HD  88595,50013,1.94123,46.3031,1.86358,44.4509,2.35096,1.29303,2.32948,55.5637,2.93869,1.61628,1.84417,43.9879,2.32647,1.27956,3.24185,77.3261,4.08968,2.24933,0,0,0,0,0,0,0,0,0,0,0,0,0,0
TIC 187679739,F8V,6.489,6078,1.10078,1.09585,1.48983,26.3597,HD  33632,24332,1.22058,46.305,1.17176,44.4528,2.35105,1.29308,1.4647,55.566,2.93882,1.61635,1.15956,43.9898,2.32656,1.27961,2.03838,77.3294,4.08985,2.24942,0,0,0,0,0,0,0,0,0,0,0,0,0,0
TIC 23583692,F3V,6.428,6455.7,1.78198,1.39159,4.96908,48.1293,HD  98221,55164,2.22914,46.3157,2.13998,44.4631,2.3516,1.29338,2.67497,55.5788,2.9395,1.61672,2.11769,43.9999,2.3271,1.27991,3.72267,77.3472,4.0908,2.24994,0,0,0,0,0,0,0,0,0,0,0,0,0,0
TIC 58715528,F5IV,6.436,6820,1.63395,1.39839,5.20365,49.2429,HD 117718,66060,2.28115,46.3244,2.18991,44.4715,2.35204,1.29362,2.73738,55.5893,2.94005,1.61703,2.16709,44.0082,2.32754,1.28015,3.80952,77.3618,4.09157,2.25036,0,0,0,0,0,0,0,0,0,0,0,0,0,0
TIC 2022482049,F8V,6.342,6240.2,1.23155,1.13848,2.07202,31.0489,ksi Cep B,,1.43945,46.3608,1.38187,44.5063,2.35389,1.29464,1.72734,55.6329,2.94236,1.6183,1.36748,44.0427,2.32937,1.28115,2.40389,77.4225,4.09478,2.25213,0,0,0,0,0,0,0,0,0,0,0,0,0,0
TIC 311069416,F6V,6.468,6169.3,1.19231,1.11702,1.85531,29.3337,HD 128332,71251,1.3621,46.4346,1.30761,44.5772,2.35763,1.2967,1.63452,55.7215,2.94704,1.62087,1.29399,44.1128,2.33307,1.28319,2.2747,77.5457,4.1013,2.25571,0,0,0,0,0,0,0,0,0,0,0,0,0,0
TIC 381023498,F5V,6.451,6395.3,1.37704,1.23299,2.85779,36.4022,25 Ari,11427,1.6905,46.4395,1.62288,44.582,2.35788,1.29684,2.0286,55.7274,2.94736,1.62105,1.60597,44.1176,2.33332,1.28333,2.82313,77.554,4.10174,2.25595,0,0,0,0,0,0,0,0,0,0,0,0,0,0
TIC 274242146,F8V,6.478,6109,1.21451,1.09252,1.85087,29.2836,HD 151044,81800,1.36047,46.4584,1.30605,44.6001,2.35884,1.29736,1.63256,55.7501,2.94855,1.6217,1.29244,44.1355,2.33427,1.28385,2.27198,77.5855,4.1034,2.25687,0,0,0,0,0,0,0,0,0,0,0,0,0,0
TIC 327303574,G0V,6.44,6026,1.70304,1.1392,3.44555,39.9252,mu.02 Oct,102125,1.85622,46.4924,1.78197,44.6327,2.36057,1.29831,2.22746,55.7909,2.95071,1.62289,1.76341,44.1678,2.33598,1.28479,3.09989,77.6423,4.10641,2.25852,0,0,0,0,0,0,0,0,0,0,0,0,0,0
TIC 218046124,G0V,6.54,5889,1.08847,1.07,1.28378,25.1129,HD 218687,114378,1.13304,45.1179,1.08772,43.3131,2.29078,1.25993,1.35965,54.1414,2.86347,1.57491,1.07639,42.862,2.26692,1.2468,1.89218,75.3468,3.985,2.19175,0,0,0,0,0,0,0,0,0,0,0,0,0,0
TIC 34798133,G8V,6.62,5544,0.942476,0.877174,0.756011,19.2919,HD 194640,100925,0.869489,45.0702,0.834709,43.2674,2.28836,1.2586,1.04339,54.0843,2.86045,1.57325,0.826014,42.8167,2.26452,1.24549,1.45205,75.2673,3.98079,2.18944,0,0,0,0,0,0,0,0,0,0,0,0,0,0
TIC 49406320,G2VFe-0.7,6.69,5814,1.63114,1.0681,2.73892,38.4127,HD 145809,79524,1.65497,43.0838,1.58877,41.3605,2.1875,1.20313,1.98596,51.7006,2.73438,1.50391,1.57222,40.9296,2.16472,1.1906,2.7638,71.95,3.80535,2.09294,0,0,0,0,0,0,0,0,0,0,0,0,0,0
TIC 161265414,G0.5V,6.62,5787,1.7176,1.09619,2.98093,39.4192,HD 215456,112414,1.72654,43.7994,1.65747,42.0474,2.22384,1.22311,2.07184,52.5593,2.77979,1.52889,1.64021,41.6094,2.20067,1.21037,2.88331,73.145,3.86855,2.1277,0,0,0,0,0,0,0,0,0,0,0,0,0,0
TIC 334137763,F6V,6.58,6405.6,1.28835,1.20241,2.51769,36.3467,HD 132301,73383,1.58672,43.6552,1.52326,41.909,2.21651,1.21908,1.90407,52.3862,2.77064,1.52385,1.50739,41.4724,2.19343,1.20638,2.64983,72.9042,3.85581,2.1207,0,0,0,0,0,0,0,0,0,0,0,0,0,0
TIC 91029488,F5V,6.567,6869.9,1.3709,1.32427,3.77143,44.4622,HD 219487,114863,1.94202,43.678,1.86434,41.9308,2.21767,1.21972,2.33042,52.4135,2.77209,1.52465,1.84492,41.4941,2.19457,1.20701,3.24317,72.9422,3.85782,2.1218,0,0,0,0,0,0,0,0,0,0,0,0,0,0
TIC 59545062,F8V,6.62,5971,1.11076,1.04334,1.41295,27.2088,HD  43947,30067,1.18867,43.6872,1.14113,41.9397,2.21814,1.21998,1.42641,52.4247,2.77268,1.52497,1.12924,41.5028,2.19503,1.20727,1.98509,72.9576,3.85864,2.12225,0,0,0,0,0,0,0,0,0,0,0,0,0,0
TIC 392326240,G0V,6.53,5964,1.33866,1.04308,2.04262,32.7053,CD-29 12513B,80399,1.4292,43.6994,1.37204,41.9515,2.21876,1.22032,1.71504,52.4393,2.77345,1.5254,1.35774,41.5145,2.19565,1.20761,2.38677,72.9781,3.85972,2.12285,0,0,0,0,0,0,0,0,0,0,0,0,0,0
TIC 415563103,K0V,6.747,5324,0.810095,0.8214,0.475028,15.7613,V* V1386 Ori,28954,0.689223,43.7288,0.661654,41.9797,2.22025,1.22114,0.827067,52.4746,2.77532,1.52642,0.654762,41.5424,2.19712,1.20842,1.151,73.0271,3.86231,2.12427,0,0,0,0,0,0,0,0,0,0,0,0,0,0
TIC 355406796,F9V,6.443,5925.48,1.40769,1.08008,2.2009,33.8865,HD  57853,35564,1.48354,43.7798,1.4242,42.0286,2.22284,1.22256,1.78025,52.5357,2.77855,1.5282,1.40937,41.5908,2.19969,1.20983,2.47752,73.1122,3.86681,2.12675,0,0,0,0,0,0,0,0,0,0,0,0,0,0
TIC 286281805,F5V,6.562,6943.5,1.25995,1.29119,3.32441,41.6466,HD 153897,83274,1.8233,43.7802,1.75037,42.029,2.22286,1.22257,2.18796,52.5363,2.77858,1.52822,1.73213,41.5912,2.19971,1.20984,3.04491,73.113,3.86685,2.12677,0,0,0,0,0,0,0,0,0,0,0,0,0,0
TIC 232979046,F5,6.61,6085,1.20105,1.09452,1.7818,30.4782,HD 128385,71192,1.33484,43.7966,1.28145,42.0447,2.22369,1.22303,1.60181,52.5559,2.77962,1.52879,1.2681,41.6068,2.20053,1.21029,2.22919,73.1403,3.8683,2.12757,0,0,0,0,0,0,0,0,0,0,0,0,0,0
TIC 265343179,F5V,6.574,6562,1.34965,1.27414,3.04285,39.8153,HD 223731,117681,1.74438,43.8117,1.6746,42.0592,2.22446,1.22345,2.09325,52.5741,2.78058,1.52932,1.65716,41.6211,2.20129,1.21071,2.91311,73.1656,3.86964,2.1283,0,0,0,0,0,0,0,0,0,0,0,0,0,0
TIC 159331746,G1.5V(n),6.565,5770,0.961454,0.941493,0.923113,21.8067,pi.01 UMi A,75809,0.960788,44.0594,0.922356,42.297,2.23704,1.23037,1.15295,52.8712,2.79629,1.53796,0.912748,41.8564,2.21373,1.21755,1.60452,73.5792,3.89151,2.14033,0,0,0,0,0,0,0,0,0,0,0,0,0,0
TIC 39777146,G4V,6.628,5633,0.928183,0.944075,0.781486,20.1689,HD  89269,50505,0.884017,43.8307,0.848656,42.0774,2.22542,1.22398,1.06082,52.5968,2.78178,1.52998,0.839816,41.6391,2.20224,1.21123,1.47631,73.1972,3.87131,2.12922,0,0,0,0,0,0,0,0,0,0,0,0,0,0
TIC 233186332,G0,6.659,5718,1.55454,1.02527,2.32743,34.7744,9 UMi,73440,1.52559,43.8711,1.46457,42.1162,2.22748,1.22511,1.83071,52.6453,2.78434,1.53139,1.44931,41.6775,2.20427,1.21235,2.54774,73.2647,3.87488,2.13118,0,0,0,0,0,0,0,0,0,0,0,0,0,0
TIC 286636275,G1.5V,6.643,5667,1.07138,0.905584,1.06658,23.5363,HD  18757,14286,1.03276,43.8793,0.991445,42.1241,2.22789,1.22534,1.23931,52.6551,2.78486,1.53167,0.981117,41.6853,2.20468,1.21258,1.7247,73.2784,3.8756,2.13158,0,0,0,0,0,0,0,0,0,0,0,0,0,0
TIC 16774287,G0,6.597,5958,1.96804,1.21899,4.3971,47.7498,HD  67827,40093,2.09693,43.9149,2.01305,42.1583,2.2297,1.22634,2.51631,52.6979,2.78713,1.53292,1.99208,41.7191,2.20647,1.21356,3.50187,73.3379,3.87875,2.13331,0,0,0,0,0,0,0,0,0,0,0,0,0,0
TIC 40468289,G0V,6.64,5751,1.40841,1.00099,1.9549,31.8037,HD 184499,96185,1.39818,43.9628,1.34225,42.2043,2.23213,1.22767,1.67781,52.7554,2.79017,1.53459,1.32827,41.7647,2.20888,1.21489,2.33496,73.4179,3.88298,2.13564,0,0,0,0,0,0,0,0,0,0,0,0,0,0
TIC 142328358,,6.62,5892.2,2.04065,1.23826,4.52214,48.3281,HD 105113A,59021,2.12653,44.002,2.04147,42.2419,2.23412,1.22877,2.55184,52.8023,2.79265,1.53596,2.0202,41.8019,2.21085,1.21597,3.55131,73.4833,3.88644,2.13754,0,0,0,0,0,0,0,0,0,0,0,0,0,0
TIC 196841006,G0-V(k),6.59,5965,0.995536,1.07042,1.13045,24.1478,HD   7590,5944,1.06322,44.03,1.0207,42.2688,2.23554,1.22955,1.27587,52.8359,2.79443,1.53694,1.01006,41.8285,2.21226,1.21674,1.77559,73.53,3.88891,2.1389,0,0,0,0,0,0,0,0,0,0,0,0,0,0
TIC 152624787,F2V,6.538,6775.2,1.40405,1.3446,3.74237,43.9284,HD 192486,99926,1.93452,44.038,1.85714,42.2765,2.23595,1.22977,2.32143,52.8456,2.79494,1.53722,1.8378,41.8361,2.21266,1.21696,3.23065,73.5435,3.88963,2.13929,0,0,0,0,0,0,0,0,0,0,0,0,0,0
TIC 286069970,G1V,6.619,5980,1.09889,1.0079,1.39127,27.0207,HD  69655,40438,1.17952,43.6525,1.13234,41.9064,2.21638,1.21901,1.41542,52.383,2.77047,1.52376,1.12054,41.4699,2.19329,1.20631,1.9698,72.8997,3.85558,2.12057,0,0,0,0,0,0,0,0,0,0,0,0,0,0
TIC 41533357,G0VFe-0.8CH-0.3,6.615,6014,1.30606,1.04635,2.01035,32.4968,HD  44447,29673,1.41787,43.6311,1.36115,41.8858,2.21529,1.21841,1.70144,52.3573,2.76911,1.52301,1.34698,41.4495,2.19221,1.20572,2.36784,72.8639,3.85368,2.11952,0,0,0,0,0,0,0,0,0,0,0,0,0,0
TIC 22102358,F5V,6.59,6433.3,1.46874,1.2667,3.32904,41.8658,HD 105919,59433,1.82457,43.5813,1.75158,41.8381,2.21276,1.21702,2.18948,52.2976,2.76595,1.52127,1.73334,41.4022,2.18971,1.20434,3.04702,72.7808,3.84929,2.11711,0,0,0,0,0,0,0,0,0,0,0,0,0,0
TIC 32413887,F7V,6.5,6308,1.11704,1.12838,1.77991,30.6197,HD 139460,76602,1.33413,43.5711,1.28077,41.8283,2.21225,1.21674,1.60096,52.2853,2.76531,1.52092,1.26743,41.3926,2.1892,1.20406,2.228,72.7638,3.84839,2.11661,0,0,0,0,0,0,0,0,0,0,0,0,0,0
TIC 435920541,F5IV-V,6.578,6671.3,1.55742,1.3559,4.3286,48.2852,HD  27561,20357,2.08053,43.0884,1.99731,41.3648,2.18773,1.20325,2.49663,51.706,2.73467,1.50407,1.9765,40.9339,2.16495,1.19072,3.47448,71.9576,3.80575,2.09316,0,0,0,0,0,0,0,0,0,0,0,0,0,0
TIC 234298029,G0V,6.65,5986,1.01161,1.0293,1.18377,25.2476,HD 223913,117815,1.08801,43.0937,1.04449,41.37,2.18801,1.2034,1.30561,51.7125,2.73501,1.50425,1.03361,40.939,2.16522,1.19087,1.81698,71.9665,3.80622,2.09342,0,0,0,0,0,0,0,0,0,0,0,0,0,0
TIC 251808762,G0IV,6.652,6007,1.28998,1.03426,1.95205,32.4027,HD  19256,14592,1.39716,43.1186,1.34127,41.3938,2.18927,1.2041,1.67659,51.7423,2.73659,1.50512,1.3273,40.9626,2.16646,1.19156,2.33325,72.008,3.80842,2.09463,0,0,0,0,0,0,0,0,0,0,0,0,0,0
TIC 16148515,F0,6.623,6346.1,1.47712,1.26264,3.18824,41.3961,HD  77967,44728,1.78556,43.1336,1.71414,41.4083,2.19003,1.20452,2.14268,51.7604,2.73754,1.50565,1.69629,40.9769,2.16722,1.19197,2.98189,72.0332,3.80975,2.09536,0,0,0,0,0,0,0,0,0,0,0,0,0,0
TIC 352300400,G0,6.64,6002.1,1.09402,1.03097,1.39946,27.4242,HD 187748,97438,1.18299,43.1366,1.13567,41.4111,2.19018,1.2046,1.41958,51.7639,2.73773,1.50575,1.12384,40.9798,2.16737,1.19205,1.97559,72.0381,3.81001,2.0955,0,0,0,0,0,0,0,0,0,0,0,0,0,0
TIC 173673173,G3V,6.635,5815,0.925957,0.963883,0.883233,21.7478,HD  59967,36515,0.939805,43.2139,0.902213,41.4853,2.19411,1.20676,1.12777,51.8567,2.74263,1.50845,0.892815,41.0532,2.17125,1.19419,1.56947,72.1672,3.81683,2.09926,0,0,0,0,0,0,0,0,0,0,0,0,0,0
TIC 198298245,G0V,6.63,6035.2,1.95439,1.23406,4.56543,49.4346,HD 153361,83163,2.13669,43.2225,2.05122,41.4936,2.19455,1.207,2.56402,51.867,2.74318,1.50875,2.02985,41.0614,2.17169,1.19443,3.56827,72.1816,3.8176,2.09968,0,0,0,0,0,0,0,0,0,0,0,0,0,0
TIC 245325810,G1V,6.616,5850,1.02158,0.986622,1.10119,24.2712,HD 217813,113829,1.04938,43.2355,1.0074,41.5061,2.19521,1.20736,1.25925,51.8826,2.74401,1.5092,0.996909,41.0737,2.17234,1.19479,1.75246,72.2033,3.81874,2.10031,0,0,0,0,0,0,0,0,0,0,0,0,0,0
TIC 444898583,F5,6.628,6323,1.28315,1.18562,2.37107,35.6061,HD  46317,31552,1.53983,43.2462,1.47824,41.5164,2.19575,1.20766,1.84779,51.8955,2.74469,1.50958,1.46284,41.0839,2.17288,1.19508,2.57151,72.2212,3.81969,2.10083,0,0,0,0,0,0,0,0,0,0,0,0,0,0
TIC 232022864,G2V,6.67,5708,1.23461,0.92778,1.45778,27.8233,HD  45289,30476,1.20739,43.3948,1.15909,41.659,2.20329,1.21181,1.44886,52.0737,2.75411,1.51476,1.14702,41.225,2.18034,1.19919,2.01633,72.4692,3.83281,2.10804,0,0,0,0,0,0,0,0,0,0,0,0,0,0
TIC 150357613,G1V,6.46,5833,1.36246,1.05186,1.93603,32.039,HD  45701,30480,1.39141,43.4287,1.33576,41.6916,2.20502,1.21276,1.6697,52.1145,2.75627,1.51595,1.32184,41.2573,2.18205,1.20013,2.32366,72.526,3.83581,2.1097,0,0,0,0,0,0,0,0,0,0,0,0,0,0
TIC 351354256,G5V_Fe-0.9,6.689,5657,1.4665,0.978727,1.98429,32.4304,HD 135101,74432,1.40865,43.436,1.3523,41.6986,2.20539,1.21296,1.69038,52.1232,2.75673,1.5162,1.33822,41.2642,2.18241,1.20033,2.35244,72.5381,3.83645,2.11005,0,0,0,0,0,0,0,0,0,0,0,0,0,0
TIC 309620805,F6V,6.607,6234.6,1.70819,1.31293,3.97193,45.8612,HD 103799,58287,1.99297,43.4566,1.91325,41.7184,2.20643,1.21354,2.39157,52.1479,2.75804,1.51692,1.89332,41.2838,2.18345,1.2009,3.32826,72.5726,3.83827,2.11105,0,0,0,0,0,0,0,0,0,0,0,0,0,0
TIC 231824922,G0V,6.63,6015,1.14895,1.0345,1.55684,28.7083,HD  38973,27244,1.24773,43.4624,1.19782,41.7239,2.20672,1.2137,1.49728,52.1548,2.75841,1.51712,1.18535,41.2893,2.18374,1.20106,2.08371,72.5822,3.83878,2.11133,0,0,0,0,0,0,0,0,0,0,0,0,0,0
TIC 187758147,F9VFe-1.3CH-0.7,6.62,6112,1.37953,1.16733,2.39271,35.5681,HD 204363,106007,1.54684,43.4894,1.48496,41.7499,2.2081,1.21445,1.85621,52.1873,2.76012,1.51807,1.4695,41.315,2.1851,1.2018,2.58322,72.6274,3.84117,2.11264,0,0,0,0,0,0,0,0,0,0,0,0,0,0
TIC 59047970,F7V,6.65,6163,1.50537,1.229,2.94545,39.4327,HD 156635,84696,1.71623,43.523,1.64758,41.7821,2.20981,1.21539,2.05948,52.2277,2.76226,1.51924,1.63042,41.3469,2.18679,1.20273,2.86611,72.6835,3.84414,2.11428,0,0,0,0,0,0,0,0,0,0,0,0,0,0
TIC 58622002,F6V,6.55,6513.7,1.68978,1.36973,4.63092,49.4167,HD 181420,95055,2.15196,43.5472,2.06588,41.8053,2.21103,1.21607,2.58235,52.2566,2.76379,1.52008,2.04436,41.3698,2.188,1.2034,3.59377,72.7238,3.84627,2.11545,0,0,0,0,0,0,0,0,0,0,0,0,0,0
TIC 196029004,F8,6.593,5988,1.65626,1.13841,3.17745,40.4735,HD 200077,103641,1.78254,44.0421,1.71124,42.2804,2.23616,1.22989,2.13905,52.8505,2.7952,1.53736,1.69341,41.84,2.21287,1.21708,2.97684,73.5503,3.88999,2.13949,0,0,0,0,0,0,0,0,0,0,0,0,0,0
TIC 47723906,F5V,6.29,6421,1.53467,1.27393,3.60691,43.0924,HD  91881,51885,1.89919,44.0725,1.82322,42.3096,2.2377,1.23074,2.27902,52.8869,2.79713,1.53842,1.80423,41.8688,2.21439,1.21791,3.17164,73.601,3.89267,2.14097,0,0,0,0,0,0,0,0,0,0,0,0,0,0
TIC 424969508,F8V,6.51,6315.6,1.32046,1.18169,2.49921,35.0779,HD 143306,78562,1.58089,45.0679,1.51765,43.2652,2.28824,1.25853,1.89707,54.0815,2.86031,1.57317,1.50184,42.8145,2.26441,1.24542,2.64009,75.2635,3.98059,2.18933,0,0,0,0,0,0,0,0,0,0,0,0,0,0
TIC 60776796,F6V,6.544,6190,1.19272,1.19,1.88163,30.5493,HD  58551,36152,1.37172,44.902,1.31686,43.1059,2.27982,1.2539,1.64607,53.8824,2.84977,1.56738,1.30314,42.6569,2.25607,1.24084,2.29078,74.9863,3.96593,2.18126,0,0,0,0,0,0,0,0,0,0,0,0,0,0
TIC 17542166,G1V,5.183,5890,0.971201,0.984858,1.02276,22.6425,sig CrB B,79607,1.01132,44.6645,0.970864,42.878,2.26776,1.24727,1.21358,53.5975,2.8347,1.55909,0.960751,42.4313,2.24414,1.23428,1.6889,74.5898,3.94496,2.16973,0,0,0,0,0,0,0,0,0,0,0,0,0,0
TIC 301956407,G0IV,6.52,6093,1.58797,1.1073,3.13115,39.6147,HD 155875,84827,1.76951,44.6679,1.69873,42.8812,2.26794,1.24736,2.12341,53.6015,2.83492,1.55921,1.68103,42.4345,2.24431,1.23437,2.95507,74.5955,3.94526,2.16989,0,0,0,0,0,0,0,0,0,0,0,0,0,0
TIC 395371486,F3V,6.516,6703,1.47844,1.35071,3.9754,44.5948,tet Sge A,99352,1.99384,44.7101,1.91409,42.9217,2.27008,1.24854,2.39261,53.6521,2.8376,1.56068,1.89415,42.4746,2.24643,1.23554,3.32971,74.6659,3.94899,2.17194,0,0,0,0,0,0,0,0,0,0,0,0,0,0
TIC 366277852,F3V,6.429,6637.51,1.2985,1.31133,2.94848,38.3897,HD 191104,99158,1.71711,44.7285,1.64843,42.9394,2.27101,1.24906,2.06054,53.6742,2.83876,1.56132,1.63126,42.4921,2.24735,1.23604,2.86758,74.6966,3.95061,2.17284,0,0,0,0,0,0,0,0,0,0,0,0,0,0
TIC 327349605,G5V,6.617,5683,0.970302,0.928726,0.884747,21.0015,HD  10086,7734,0.94061,44.7878,0.902985,42.9963,2.27402,1.25071,1.12873,53.7453,2.84252,1.56339,0.893579,42.5484,2.25033,1.23768,1.57082,74.7956,3.95585,2.17571,0,0,0,0,0,0,0,0,0,0,0,0,0,0
TIC 328558546,F3Vs,6.51,6947.5,1.38699,1.38923,4.03793,44.8214,HD  81790,46566,2.00946,44.8326,1.92908,43.0393,2.2763,1.25196,2.41135,53.7991,2.84537,1.56495,1.90899,42.591,2.25258,1.23892,3.3558,74.8705,3.95981,2.17789,0,0,0,0,0,0,0,0,0,0,0,0,0,0
TIC 410441676,G5V,6.6,5665,1.35655,0.940403,1.70752,29.1175,HD 202457,105214,1.30672,44.8775,1.25445,43.0824,2.27858,1.25322,1.56806,53.8531,2.84822,1.56652,1.24138,42.6337,2.25484,1.24016,2.18222,74.9455,3.96378,2.18008,0,0,0,0,0,0,0,0,0,0,0,0,0,0
TIC 326395505,G7V,6.68,5475,0.923855,0.92,0.690937,18.5136,HD 202940,105312,0.831226,44.8982,0.797977,43.1023,2.27963,1.25379,0.997472,53.8779,2.84953,1.56724,0.789665,42.6533,2.25588,1.24073,1.38815,74.98,3.9656,2.18108,0,0,0,0,0,0,0,0,0,0,0,0,0,0
TIC 176791985,G2,6.587,5822,1.00698,0.947853,1.0496,22.7938,HD 222143,116613,1.0245,44.9465,0.983519,43.1486,2.28208,1.25514,1.2294,53.9358,2.8526,1.56893,0.973274,42.6992,2.25831,1.24207,1.71091,75.0606,3.96986,2.18342,0,0,0,0,0,0,0,0,0,0,0,0,0,0
TIC 444314028,K0V,6.765,5237,0.901682,0.89,0.550975,16.8365,HD 221354,116085,0.742277,44.0874,0.712586,42.3239,2.23846,1.23115,0.890732,52.9049,2.79808,1.53894,0.705163,41.8831,2.21514,1.21833,1.2396,73.626,3.89399,2.14169,0,0,0,0,0,0,0,0,0,0,0,0,0,0
TIC 339769900,G3IV,6.581,5761,2.254,1.29932,5.0419,49.8914,HD  58895,35910,2.24542,45.0061,2.1556,43.2059,2.28511,1.25681,2.6945,54.0074,2.85638,1.57101,2.13315,42.7558,2.2613,1.24372,3.74985,75.1603,3.97513,2.18632,0,0,0,0,0,0,0,0,0,0,0,0,0,0
TIC 65577318,G0,6.753,5843,1.98395,1.14523,4.13332,45.1629,HD  22521,17022,2.03306,45.0161,1.95173,43.2155,2.28561,1.25709,2.43967,54.0193,2.85702,1.57136,1.9314,42.7653,2.2618,1.24399,3.3952,75.1769,3.97601,2.18681,0,0,0,0,0,0,0,0,0,0,0,0,0,0
TIC 401944429,F5V,6.491,6622,1.51163,1.34948,3.95859,44.1943,HD  24098,17950,1.98962,45.0198,1.91004,43.219,2.2858,1.25719,2.38754,54.0238,2.85725,1.57149,1.89014,42.7688,2.26199,1.2441,3.32267,75.1831,3.97634,2.18699,0,0,0,0,0,0,0,0,0,0,0,0,0,0
TIC 459056725,G1.5V,6.583,5819,1.01692,0.948738,1.06823,22.9545,HD  75767,43557,1.03355,45.026,0.992208,43.2249,2.28611,1.25736,1.24026,54.0312,2.85764,1.5717,0.981872,42.7747,2.2623,1.24426,1.72603,75.1934,3.97688,2.18729,0,0,0,0,0,0,0,0,0,0,0,0,0,0
TIC 245819740,,6.491,6505.5,1.57626,1.32333,4.00936,44.4689,HD  28568,21053,2.00234,45.0279,1.92225,43.2268,2.28621,1.25742,2.40281,54.0335,2.85776,1.57177,1.90222,42.7765,2.2624,1.24432,3.34391,75.1966,3.97706,2.18738,0,0,0,0,0,0,0,0,0,0,0,0,0,0
TIC 401446825,F8V,6.524,6241,1.28666,1.16456,2.26277,33.4053,HD   3861,3236,1.50425,45.0304,1.44408,43.2292,2.28634,1.25749,1.8051,54.0365,2.85792,1.57186,1.42904,42.7789,2.26252,1.24439,2.5121,75.2007,3.97727,2.1875,0,0,0,0,0,0,0,0,0,0,0,0,0,0
TIC 394947052,F8VFe-0.9,6.52,6429,1.25425,1.19281,2.42124,34.5535,HD 117360,66121,1.55603,45.0325,1.49379,43.2312,2.28644,1.25754,1.86724,54.039,2.85806,1.57193,1.47823,42.7809,2.26263,1.24445,2.59857,75.2043,3.97746,2.1876,0,0,0,0,0,0,0,0,0,0,0,0,0,0
TIC 399547952,G8IV,6.513,6389,1.35756,1.21223,2.7666,36.9174,HD 215243,112222,1.66331,45.0549,1.59678,43.2527,2.28758,1.25817,1.99597,54.0659,2.85948,1.57271,1.58014,42.8021,2.26375,1.24506,2.77773,75.2417,3.97944,2.18869,0,0,0,0,0,0,0,0,0,0,0,0,0,0
TIC 399244384,G2V,6.786,5816,0.961649,0.960925,0.95329,24.0907,HD 165401,88622,0.976366,40.5288,0.937311,38.9077,2.05778,1.13178,1.17164,48.6346,2.57222,1.41472,0.927548,38.5024,2.03634,1.11999,1.63053,67.6831,3.57968,1.96882,0,0,0,0,0,0,0,0,0,0,0,0,0,0
TIC 166762338,F6+V,6.535,6267,1.43874,1.21826,2.87672,38.0022,HD  23856,17689,1.69609,44.6313,1.62825,42.8461,2.26608,1.24634,2.03531,53.5576,2.83259,1.55793,1.61128,42.3998,2.24247,1.23336,2.83247,74.5343,3.94203,2.16812,0,0,0,0,0,0,0,0,0,0,0,0,0,0
TIC 34691643,G8V,6.616,5644,0.987691,0.879708,0.891835,21.177,51 Ari,14150,0.94437,44.5941,0.906596,42.8103,2.26418,1.2453,1.13324,53.5129,2.83023,1.55663,0.897152,42.3643,2.2406,1.23233,1.5771,74.4721,3.93874,2.1663,0,0,0,0,0,0,0,0,0,0,0,0,0,0
TIC 161631693,F0V,6.496,7007.8,1.5113,1.42117,4.96274,49.9681,HD 196629,101768,2.22772,44.5829,2.13861,42.7996,2.26362,1.24499,2.67326,53.4994,2.82952,1.55624,2.11633,42.3537,2.24004,1.23202,3.72029,74.4534,3.93775,2.16576,0,0,0,0,0,0,0,0,0,0,0,0,0,0
TIC 30199562,F9V,6.56,6085,1.18952,1.07682,1.74776,29.9691,HD 120237A,67408,1.32203,44.1131,1.26915,42.3486,2.23976,1.23187,1.58644,52.9357,2.79971,1.53984,1.25593,41.9075,2.21643,1.21904,2.20779,73.6689,3.89626,2.14294,0,0,0,0,0,0,0,0,0,0,0,0,0,0
TIC 55276121,F5,6.64,6082,1.68312,1.26021,3.49227,42.3517,83 Cnc,45699,1.86876,44.1249,1.79401,42.3599,2.24036,1.2322,2.24251,52.9498,2.80045,1.54025,1.77532,41.9186,2.21702,1.21936,3.12083,73.6885,3.89729,2.14351,0,0,0,0,0,0,0,0,0,0,0,0,0,0
TIC 357744191,F8,6.562,6100.3,1.06963,1.07636,1.42748,26.9983,54 Cas,10031,1.19477,44.2535,1.14698,42.4834,2.24689,1.23579,1.43372,53.1042,2.80862,1.54474,1.13503,42.0408,2.22349,1.22292,1.99527,73.9034,3.90866,2.14976,0,0,0,0,0,0,0,0,0,0,0,0,0,0
TIC 186271747,K2V,6.81,5100,0.747252,0.799447,0.340337,13.1781,HD 170657,90790,0.583384,44.2694,0.560049,42.4986,2.2477,1.23623,0.700061,53.1232,2.80962,1.54529,0.554215,42.0559,2.22428,1.22336,0.974252,73.9298,3.91006,2.15053,0,0,0,0,0,0,0,0,0,0,0,0,0,0
TIC 336893395,F3/5V,6.55,6492,1.73696,1.37245,4.82824,49.6277,35 Cet,5646,2.19732,44.2762,2.10943,42.5051,2.24804,1.23642,2.63679,53.1314,2.81005,1.54553,2.08746,42.0624,2.22463,1.22354,3.66953,73.9412,3.91066,2.15086,0,0,0,0,0,0,0,0,0,0,0,0,0,0
TIC 456892231,F8V,6.565,6047.6,1.82829,1.20049,4.02828,45.3177,HD  28363,20916,2.00706,44.2886,1.92677,42.5171,2.24868,1.23677,2.40847,53.1463,2.81084,1.54596,1.9067,42.0742,2.22525,1.22389,3.35178,73.962,3.91176,2.15147,0,0,0,0,0,0,0,0,0,0,0,0,0,0
TIC 84858986,F5,6.57,6055,1.85508,1.21594,4.16753,46.0759,HD  45504,30880,2.04145,44.3063,1.95979,42.5341,2.24958,1.23727,2.44974,53.1676,2.81197,1.54658,1.93938,42.091,2.22614,1.22438,3.40923,73.9916,3.91332,2.15233,0,0,0,0,0,0,0,0,0,0,0,0,0,0
TIC 238949177,,6.608,5830.4,1.13227,0.95432,1.33471,26.0733,HD  44594A,30104,1.1553,44.3097,1.10909,42.5373,2.24974,1.23736,1.38636,53.1716,2.81218,1.5467,1.09753,42.0942,2.22631,1.22447,1.92935,73.9971,3.91362,2.15249,0,0,0,0,0,0,0,0,0,0,0,0,0,0
TIC 120229621,F7V,6.56,6205.4,1.89794,1.36518,4.81214,49.497,HD  94243,53106,2.19366,44.319,2.10591,42.5463,2.25022,1.23762,2.63239,53.1828,2.81277,1.54703,2.08398,42.1031,2.22678,1.22473,3.66341,74.0128,3.91444,2.15294,0,0,0,0,0,0,0,0,0,0,0,0,0,0
TIC 91928222,G8,6.6,5731,1.23266,0.937525,1.47673,27.413,HD  39881,28066,1.21521,44.3295,1.1666,42.5563,2.25075,1.23791,1.45825,53.1954,2.81344,1.54739,1.15445,42.113,2.2273,1.22502,2.02939,74.0302,3.91537,2.15345,0,0,0,0,0,0,0,0,0,0,0,0,0,0
TIC 459856883,F7V,6.549,6250,1.38614,1.21,2.64139,36.6569,HD  26367,21386,1.62523,44.3364,1.56023,42.5629,2.2511,1.23811,1.95028,53.2037,2.81388,1.54763,1.54397,42.1196,2.22765,1.22521,2.71414,74.0418,3.91598,2.15379,0,0,0,0,0,0,0,0,0,0,0,0,0,0
TIC 430590314,F9III-IV,6.56,6210,1.39835,1.17355,2.61996,36.4854,HD  74868,42922,1.61863,44.3637,1.55388,42.5892,2.25249,1.23887,1.94235,53.2365,2.81561,1.54859,1.5377,42.1456,2.22903,1.22596,2.70311,74.0874,3.91839,2.15512,0,0,0,0,0,0,0,0,0,0,0,0,0,0
TIC 251854607,G0,6.57,5911,1.43605,1.07188,2.26817,33.912,HD   3074A,2663,1.50604,44.4104,1.4458,42.6339,2.25486,1.24017,1.80725,53.2924,2.81857,1.55021,1.43074,42.1898,2.23137,1.22725,2.51509,74.1653,3.92251,2.15738,0,0,0,0,0,0,0,0,0,0,0,0,0,0
TIC 403469626,F2II,6.506,6936.3,1.45632,1.40938,4.42304,47.2856,HD 177552,93743,2.1031,44.4766,2.01898,42.6976,2.25822,1.24202,2.52372,53.372,2.82278,1.55253,1.99795,42.2528,2.2347,1.22908,3.51218,74.276,3.92836,2.1606,0,0,0,0,0,0,0,0,0,0,0,0,0,0
TIC 365031229,F5V,6.539,6458.1,1.54574,1.30369,3.74442,43.4416,HD  95216,53737,1.93505,44.5437,1.85765,42.7619,2.26163,1.24389,2.32206,53.4524,2.82703,1.55487,1.8383,42.3165,2.23807,1.23094,3.23153,74.388,3.93429,2.16386,0,0,0,0,0,0,0,0,0,0,0,0,0,0
TIC 81376588,G3V,6.59,5880,1.82721,1.14833,3.59568,42.5659,HD 156365,84636,1.89623,44.548,1.82038,42.7661,2.26185,1.24401,2.27547,53.4576,2.82731,1.55502,1.80142,42.3206,2.23828,1.23106,3.1667,74.3952,3.93467,2.16407,0,0,0,0,0,0,0,0,0,0,0,0,0,0
TIC 116246139,F8V,6.55,6158,1.3006,1.13243,2.19148,33.2201,HD 162826,87382,1.48037,44.5624,1.42115,42.7799,2.26257,1.24442,1.77644,53.4748,2.82822,1.55552,1.40635,42.3343,2.23901,1.23145,2.47221,74.4192,3.93594,2.16477,0,0,0,0,0,0,0,0,0,0,0,0,0,0
TIC 20785413,G1V,6.817,5849,0.945767,1.03145,0.943169,23.956,HD 176377,93185,0.971169,40.5398,0.932322,38.9182,2.05833,1.13208,1.1654,48.6477,2.57292,1.4151,0.92261,38.5128,2.03689,1.12029,1.62185,67.7014,3.58064,1.96935,0,0,0,0,0,0,0,0,0,0,0,0,0,0
TIC 385721987,F7V,6.83,6329.7,1.18194,1.17089,2.0203,36.4705,HD  58192,35884,1.42137,38.9732,1.36452,37.4142,1.97879,1.08834,1.70565,46.7678,2.47349,1.36042,1.3503,37.0245,1.95818,1.077,2.37369,65.0852,3.44228,1.89325,0,0,0,0,0,0,0,0,0,0,0,0,0,0
TIC 307943195,G5,6.84,5625,1.13458,0.906703,1.16105,26.6061,HD  47127,31660,1.07752,40.4991,1.03442,38.8791,2.05627,1.13095,1.29303,48.5989,2.57034,1.41369,1.02365,38.4742,2.03485,1.11917,1.79946,67.6335,3.57705,1.96738,0,0,0,0,0,0,0,0,0,0,0,0,0,0
TIC 327724364,G0V,6.98,5977,1.50027,1.07853,2.588,43.6071,HD 209653,109214,1.60873,36.8913,1.54438,35.4157,1.87309,1.0302,1.93047,44.2696,2.34136,1.28775,1.52829,35.0468,1.85358,1.01947,2.68657,61.6085,3.2584,1.79212,0,0,0,0,0,0,0,0,0,0,0,0,0,0
TIC 69760570,F8V,6.977,6278,1.24738,1.17103,2.17758,40.2366,HD  33252,24046,1.47566,36.6746,1.41664,35.2077,1.86209,1.02415,1.7708,44.0096,2.32761,1.28019,1.40188,34.8409,1.84269,1.01348,2.46436,61.2467,3.23926,1.78159,0,0,0,0,0,0,0,0,0,0,0,0,0,0
TIC 262300150,G0V_CH-0.3,7.001,5962,1.01625,1.02686,1.17562,29.5642,HD  33636,24205,1.08426,36.6747,1.04089,35.2077,1.86209,1.02415,1.30111,44.0096,2.32762,1.28019,1.03005,34.841,1.8427,1.01348,1.81071,61.2467,3.23926,1.7816,0,0,0,0,0,0,0,0,0,0,0,0,0,0
TIC 242826461,F6V,6.96,6288,1.49923,1.23224,3.1658,48.4674,HD 185720,96813,1.77927,36.7106,1.7081,35.2422,1.86392,1.02515,2.13512,44.0528,2.3299,1.28144,1.69031,34.8751,1.8445,1.01448,2.97138,61.3067,3.24244,1.78334,0,0,0,0,0,0,0,0,0,0,0,0,0,0
TIC 391368040,F5,6.96,6264,1.3456,1.18,2.51152,43.1686,HD 165670,88728,1.58478,36.7113,1.52139,35.2429,1.86395,1.02517,1.90173,44.0536,2.32994,1.28147,1.50554,34.8758,1.84454,1.01449,2.64658,61.3079,3.2425,1.78338,0,0,0,0,0,0,0,0,0,0,0,0,0,0
TIC 470441759,F7V,6.86,6370,1.48204,1.27571,3.25816,49.1173,HD  27673,20586,1.80504,36.7496,1.73284,35.2796,1.86589,1.02624,2.16605,44.0995,2.33237,1.2828,1.71479,34.9121,1.84646,1.01555,3.01441,61.3718,3.24588,1.78523,0,0,0,0,0,0,0,0,0,0,0,0,0,0
TIC 214563192,K1IV,8.26,5140.7,0.805063,0.799898,0.407797,17.3733,HD 200968A,104239,0.63859,36.757,0.613046,35.2867,1.86627,1.02645,0.766307,44.1084,2.33284,1.28306,0.60666,34.9192,1.84683,1.01576,1.06644,61.3842,3.24654,1.78559,0,0,0,0,0,0,0,0,0,0,0,0,0,0
TIC 149235282,F8V,8.61,6104,1.11903,1.0458,1.56617,34.0457,HD 171746,91159,1.25147,36.7585,1.20141,35.2881,1.86635,1.02649,1.50176,44.1102,2.33293,1.28311,1.18889,34.9206,1.84691,1.0158,2.08995,61.3867,3.24666,1.78567,0,0,0,0,0,0,0,0,0,0,0,0,0,0
TIC 186876651,G8,7.042,5746,1.77121,1.1097,3.08103,47.716,V* KT Peg,116740,1.75529,36.7861,1.68507,35.3147,1.86775,1.02726,2.10634,44.1433,2.33469,1.28408,1.66752,34.9468,1.84829,1.01656,2.93133,61.4328,3.2491,1.78701,0,0,0,0,0,0,0,0,0,0,0,0,0,0
TIC 408908804,F5V,6.95,6522.3,1.33335,1.24526,2.8986,46.2405,HD  42074,29083,1.70253,36.819,1.63443,35.3462,1.86942,1.02818,2.04303,44.1828,2.33677,1.28523,1.6174,34.978,1.84995,1.01747,2.84322,61.4877,3.25201,1.78861,0,0,0,0,0,0,0,0,0,0,0,0,0,0
TIC 471012031,F5,6.927,6387.46,1.4036,1.23467,2.95458,46.6675,HD 177459,93645,1.71889,36.8327,1.65013,35.3594,1.87012,1.02856,2.06267,44.1993,2.33764,1.2857,1.63294,34.9911,1.85063,1.01785,2.87054,61.5106,3.25322,1.78927,0,0,0,0,0,0,0,0,0,0,0,0,0,0
TIC 423193084,G2IV,7,5813,1.04824,0.94478,1.13036,28.865,HD 168874,89912,1.06318,36.8329,1.02066,35.3596,1.87013,1.02857,1.27582,44.1995,2.33766,1.28571,1.01002,34.9913,1.85065,1.01786,1.77552,61.511,3.25324,1.78928,0,0,0,0,0,0,0,0,0,0,0,0,0,0
TIC 28199267,F6V,6.95,6394,1.32091,1.20334,2.62742,43.9961,HD 123033,68785,1.62093,36.8426,1.55609,35.3689,1.87062,1.02884,1.94512,44.2111,2.33827,1.28605,1.53988,35.0005,1.85113,1.01812,2.70695,61.5271,3.25409,1.78975,0,0,0,0,0,0,0,0,0,0,0,0,0,0
TIC 176017171,F3V,6.95,6489,1.40585,1.26893,3.15706,48.2268,HD 212695,110753,1.77681,36.8428,1.70574,35.3691,1.87063,1.02884,2.13217,44.2113,2.33828,1.28606,1.68797,35.0006,1.85114,1.01813,2.96727,61.5274,3.25411,1.78976,0,0,0,0,0,0,0,0,0,0,0,0,0,0
TIC 222012610,G5VFe-1.2CH-0.9,7.034,5733,0.862774,1.0028,0.724463,23.0995,HD 149612,81520,0.851154,36.8472,0.817108,35.3733,1.87085,1.02897,1.02138,44.2167,2.33856,1.28621,0.808596,35.0049,1.85136,1.01825,1.42143,61.5349,3.2545,1.78998,0,0,0,0,0,0,0,0,0,0,0,0,0,0
TIC 233438010,G3V+?,7.03,5722,1.04202,0.910443,1.04866,27.7911,HD 150248,81746,1.02404,36.8478,0.983079,35.3739,1.87088,1.02899,1.22885,44.2174,2.3386,1.28623,0.972839,35.0054,1.85139,1.01827,1.71015,61.5359,3.25456,1.79001,0,0,0,0,0,0,0,0,0,0,0,0,0,0
TIC 468723402,K0.5V,7.167,5149,0.78726,0.800233,0.392485,16.9958,HD   7924,6379,0.626486,36.8613,0.601427,35.3868,1.87157,1.02936,0.751783,44.2336,2.33946,1.2867,0.595162,35.0182,1.85207,1.01864,1.04623,61.5584,3.25575,1.79066,0,0,0,0,0,0,0,0,0,0,0,0,0,0
TIC 257444121,F8V,6.96,6269.9,1.36761,1.19472,2.60414,43.759,HD 201545,104471,1.61373,36.8777,1.54918,35.4026,1.8724,1.02982,1.93648,44.2533,2.3405,1.28728,1.53305,35.0338,1.8529,1.01909,2.69494,61.5858,3.2572,1.79146,0,0,0,0,0,0,0,0,0,0,0,0,0,0
TIC 64408446,G1V,6.97,6130.3,1.0992,1.06351,1.53737,33.8091,HD  58556,36071,1.23991,36.6738,1.19031,35.2068,1.86205,1.02413,1.48789,44.0085,2.32756,1.28016,1.17791,34.8401,1.84265,1.01346,2.07064,61.2452,3.23918,1.78155,0,0,0,0,0,0,0,0,0,0,0,0,0,0
TIC 89184917,F3V,6.95,6751.3,1.29745,1.29815,3.15085,48.4127,HD  24070,17838,1.77506,36.6652,1.70406,35.1986,1.86161,1.02389,2.13008,43.9983,2.32701,1.27986,1.68631,34.832,1.84222,1.01322,2.96436,61.2309,3.23843,1.78113,0,0,0,0,0,0,0,0,0,0,0,0,0,0
TIC 177005507,F5V,6.96,6451,1.46046,1.27091,3.32799,49.7564,HD 169915,90459,1.82428,36.6642,1.75131,35.1976,1.86156,1.02386,2.18913,43.997,2.32695,1.27982,1.73306,34.831,1.84217,1.01319,3.04654,61.2292,3.23834,1.78108,0,0,0,0,0,0,0,0,0,0,0,0,0,0
TIC 258095326,F7V,6.99,6127,1.17445,1.08227,1.75128,36.2325,HD 129060,72048,1.32336,36.5242,1.27043,35.0632,1.85445,1.01995,1.58803,43.829,2.31806,1.27493,1.25719,34.6979,1.83513,1.00932,2.21001,60.9953,3.22597,1.77428,0,0,0,0,0,0,0,0,0,0,0,0,0,0
TIC 77855134,F8V,7.005,6280,1.28874,1.07835,2.32737,41.8632,HD  82207,46523,1.52557,36.4419,1.46455,34.9842,1.85027,1.01765,1.83069,43.7302,2.31284,1.27206,1.44929,34.6198,1.831,1.00705,2.54771,60.8579,3.2187,1.77028,0,0,0,0,0,0,0,0,0,0,0,0,0,0
TIC 449310490,F7V,6.99,6099,1.21137,1.08927,1.82931,37.098,HD  34745,24864,1.35252,36.4579,1.29842,34.9996,1.85109,1.0181,1.62302,43.7495,2.31386,1.27262,1.28489,34.6351,1.83181,1.00749,2.25871,60.8848,3.22012,1.77107,0,0,0,0,0,0,0,0,0,0,0,0,0,0
TIC 48668374,K3V,7.393,4780.1,0.951197,0.77,0.425582,17.8907,HD 144253,78843,0.652367,36.464,0.626272,35.0054,1.85139,1.01827,0.78284,43.7568,2.31424,1.27283,0.619748,34.6408,1.83211,1.00766,1.08945,60.8949,3.22066,1.77136,0,0,0,0,0,0,0,0,0,0,0,0,0,0
TIC 135041892,G1.5V,7.04,5647,1.45513,1,1.93986,38.1869,HD 115080,64638,1.39279,36.4729,1.33708,35.014,1.85185,1.01852,1.67134,43.7675,2.31481,1.27314,1.32315,34.6493,1.83256,1.00791,2.32595,60.9097,3.22144,1.77179,0,0,0,0,0,0,0,0,0,0,0,0,0,0
TIC 279069526,G1.5V,7.039,5728,0.888324,0.990839,0.765332,23.9763,HD  20619,15442,0.874832,36.4874,0.839839,35.0279,1.85258,1.01892,1.0498,43.7849,2.31573,1.27365,0.831091,34.6631,1.83329,1.00831,1.46097,60.934,3.22272,1.7725,0,0,0,0,0,0,0,0,0,0,0,0,0,0
TIC 198285529,F8V,7,6013,1.17842,1.08033,1.63553,35.0411,HD 112196,63008,1.27888,36.4966,1.22772,35.0367,1.85305,1.01918,1.53465,43.7959,2.31631,1.27397,1.21493,34.6717,1.83375,1.00856,2.13573,60.9493,3.22353,1.77294,0,0,0,0,0,0,0,0,0,0,0,0,0,0
TIC 78004131,F8VFe-0.4,6.973,6281.3,1.27295,1.16239,2.27258,41.2883,HD  82241,46535,1.50751,36.5117,1.44721,35.0512,1.85382,1.0196,1.80901,43.814,2.31727,1.2745,1.43213,34.6861,1.83451,1.00898,2.51754,60.9745,3.22487,1.77368,0,0,0,0,0,0,0,0,0,0,0,0,0,0
TIC 160890430,G0+V,6.99,5941,1.08204,0.997738,1.31408,31.382,HD 134331,74268,1.14633,36.5284,1.10048,35.0672,1.85466,1.02006,1.3756,43.834,2.31833,1.27508,1.08902,34.7019,1.83534,1.00944,1.91438,61.0023,3.22634,1.77449,0,0,0,0,0,0,0,0,0,0,0,0,0,0
TIC 628063843,F5V,6.87,6586.68,1.34128,1.44,3.0507,47.6558,iot Cas B,,1.74663,36.6508,1.67676,35.1848,1.86088,1.02348,2.09595,43.981,2.3261,1.27936,1.65929,34.8183,1.8415,1.01282,2.91686,61.2069,3.23716,1.78044,0,0,0,0,0,0,0,0,0,0,0,0,0,0
TIC 56773393,F5V,6.94,6652,1.3201,1.27861,3.07408,47.9802,HD 105912,59422,1.7533,36.5423,1.68317,35.0806,1.85537,1.02045,2.10397,43.8507,2.31921,1.27557,1.66564,34.7152,1.83604,1.00982,2.92802,61.0256,3.22757,1.77516,0,0,0,0,0,0,0,0,0,0,0,0,0,0
TIC 77549396,K0,7.15,5161,0.828082,0.803977,0.438305,18.0838,tau01 Hya B,,0.662046,36.6099,0.635564,35.1455,1.8588,1.02234,0.794456,43.9319,2.3235,1.27793,0.628944,34.7794,1.83944,1.01169,1.10562,61.1385,3.23354,1.77845,0,0,0,0,0,0,0,0,0,0,0,0,0,0
TIC 456891444,F8V,7.007,6201.3,1.36431,1.24,2.47999,43.0108,HD  28394,20935,1.5748,36.614,1.51181,35.1495,1.85901,1.02246,1.88976,43.9368,2.32377,1.27807,1.49606,34.7833,1.83965,1.01181,2.62991,61.1454,3.23391,1.77865,0,0,0,0,0,0,0,0,0,0,0,0,0,0
TIC 372121208,F5V,6.95,6472,1.4345,1.26227,3.25275,49.2554,HD  15407,11696,1.80354,36.6161,1.7314,35.1515,1.85912,1.02251,2.16425,43.9393,2.3239,1.27814,1.71336,34.7853,1.83975,1.01186,3.01191,61.1489,3.23409,1.77875,0,0,0,0,0,0,0,0,0,0,0,0,0,0
TIC 185013064,K0/1III+A/F,7.04,5646,1.76372,1.06879,2.84786,46.0631,HD  72834,41984,1.68756,36.6358,1.62006,35.1704,1.86012,1.02306,2.02507,43.963,2.32515,1.27883,1.60318,34.804,1.84074,1.01241,2.81822,61.1818,3.23583,1.77971,0,0,0,0,0,0,0,0,0,0,0,0,0,0
TIC 159511543,G0,7.016,5923,0.979938,1.00877,1.06478,28.1647,HD 150706,80902,1.03188,36.6373,0.990605,35.1719,1.8602,1.02311,1.23826,43.9648,2.32524,1.27888,0.980286,34.8055,1.84082,1.01245,1.72324,61.1844,3.23597,1.77978,0,0,0,0,0,0,0,0,0,0,0,0,0,0
TIC 106760549,G2/3V,7.02,5783,1.58827,1.04744,2.54189,43.5063,HD  92987,52472,1.59433,36.6459,1.53056,35.1801,1.86063,1.02335,1.9132,43.9751,2.32579,1.27918,1.51461,34.8136,1.84125,1.01269,2.66253,61.1987,3.23672,1.7802,0,0,0,0,0,0,0,0,0,0,0,0,0,0
TIC 175378162,F5V,6.95,6346,1.45055,1.23673,3.07441,47.5336,HD 109756,61578,1.7534,36.8876,1.68326,35.4121,1.8729,1.0301,2.10408,44.2651,2.34113,1.28762,1.66573,35.0432,1.85339,1.01937,2.92818,61.6023,3.25807,1.79194,0,0,0,0,0,0,0,0,0,0,0,0,0,0
TIC 306735869,K2Vk:,7.166,5142,0.803597,0.813205,0.406724,17.2802,HD  67199,39342,0.637749,36.9063,0.612239,35.4301,1.87385,1.03062,0.765299,44.2876,2.34232,1.28827,0.605862,35.061,1.85433,1.01988,1.06504,61.6336,3.25972,1.79285,0,0,0,0,0,0,0,0,0,0,0,0,0,0
TIC 379603165,K2,7.198,5174,0.841685,0.838891,0.457404,18.5629,HD  13579,10531,0.676316,36.4338,0.649264,34.9764,1.84986,1.01742,0.811579,43.7206,2.31233,1.27178,0.6425,34.6121,1.83059,1.00683,1.12945,60.8444,3.21799,1.76989,0,0,0,0,0,0,0,0,0,0,0,0,0,0
TIC 206412735,F9VFe-0.8CH-0.5,6.97,6193,1.13569,1.09338,1.70931,35.4071,HD  23456,17364,1.3074,36.9249,1.25511,35.4479,1.8748,1.03114,1.56889,44.3099,2.3435,1.28892,1.24203,35.0787,1.85527,1.0204,2.18337,61.6647,3.26137,1.79375,0,0,0,0,0,0,0,0,0,0,0,0,0,0
TIC 347583453,G3V,7,5620,1.61751,1.01805,2.35144,40.9311,HD  13403,10322,1.53344,37.4639,1.4721,35.9654,1.90217,1.04619,1.84013,44.9567,2.37771,1.30774,1.45677,35.5908,1.88235,1.03529,2.56085,62.5648,3.30897,1.81994,0,0,0,0,0,0,0,0,0,0,0,0,0,0
TIC 10057347,F5,6.99,6260,1.13685,1.15441,1.78814,35.6639,HD  75616,43625,1.33721,37.4949,1.28373,35.9951,1.90374,1.04706,1.60466,44.9939,2.37967,1.30882,1.27035,35.6202,1.88391,1.03615,2.23315,62.6165,3.31171,1.82144,0,0,0,0,0,0,0,0,0,0,0,0,0,0
TIC 34507428,G2V,6.91,6047,1.40011,1.07396,2.36147,40.9638,HD  36379,25840,1.53671,37.5137,1.47524,36.0132,1.90469,1.04758,1.84405,45.0165,2.38087,1.30948,1.45987,35.638,1.88485,1.03667,2.5663,62.6479,3.31337,1.82235,0,0,0,0,0,0,0,0,0,0,0,0,0,0
TIC 418446470,G3V,6.97,5967,1.53368,1.0788,2.68652,43.673,HD 208776,108473,1.63906,37.5303,1.5735,36.0291,1.90554,1.04804,1.96687,45.0364,2.38192,1.31006,1.55711,35.6538,1.88569,1.03713,2.73723,62.6757,3.31484,1.82316,0,0,0,0,0,0,0,0,0,0,0,0,0,0
TIC 38381642,F4V,6.91,6514.7,1.18755,1.2041,2.28862,40.2909,HD   3126,2710,1.51282,37.5474,1.45231,36.0455,1.9064,1.04852,1.81538,45.0569,2.383,1.31065,1.43718,35.6701,1.88655,1.0376,2.52641,62.7042,3.31635,1.82399,0,0,0,0,0,0,0,0,0,0,0,0,0,0
TIC 21240825,G2,6.97,5794,1.15521,0.96531,1.35496,30.9897,HD  30649,22596,1.16403,37.5618,1.11747,36.0593,1.90713,1.04892,1.39683,45.0741,2.38392,1.31115,1.10583,35.6837,1.88727,1.038,1.94393,62.7282,3.31762,1.82469,0,0,0,0,0,0,0,0,0,0,0,0,0,0
TIC 149396581,K3V,7.21,4806,0.950176,0.81,0.433948,17.5285,HD  79969,45617,0.658747,37.5815,0.632397,36.0783,1.90814,1.04947,0.790497,45.0978,2.38517,1.31184,0.62581,35.7025,1.88826,1.03854,1.10011,62.7612,3.31936,1.82565,0,0,0,0,0,0,0,0,0,0,0,0,0,0
TIC 326538408,K1V,7.14,5153,0.763441,0.784826,0.370242,16.1852,HD 109200,61291,0.608475,37.5945,0.584136,36.0907,1.90879,1.04984,0.730171,45.1134,2.38599,1.31229,0.578052,35.7147,1.88891,1.0389,1.01615,62.7828,3.3205,1.82628,0,0,0,0,0,0,0,0,0,0,0,0,0,0
TIC 365055817,F0,8.6,6834,1.33721,2.25,3.51395,49.8557,HD   8187,6334,1.87455,37.5996,1.79957,36.0956,1.90905,1.04998,2.24946,45.1195,2.38631,1.31247,1.78082,35.7196,1.88916,1.03904,3.1305,62.7913,3.32095,1.82652,0,0,0,0,0,0,0,0,0,0,0,0,0,0
TIC 20416870,G8.5V,7.037,5415,0.943796,0.93,0.689993,22.0889,HD  97343,54704,0.830658,37.6053,0.797432,36.1011,1.90934,1.05014,0.99679,45.1263,2.38668,1.31267,0.789125,35.725,1.88945,1.0392,1.3872,62.8008,3.32146,1.8268,0,0,0,0,0,0,0,0,0,0,0,0,0,0
TIC 296449358,F7V,6.97,6374.18,1.45772,1.25179,3.1604,47.2658,HD  81734,46236,1.77775,37.6118,1.70664,36.1073,1.90967,1.05032,2.1333,45.1342,2.38709,1.3129,1.68886,35.7312,1.88978,1.03938,2.96885,62.8117,3.32203,1.82712,0,0,0,0,0,0,0,0,0,0,0,0,0,0
TIC 453409619,F5,6.9,6537.2,1.29607,1.24133,2.76387,44.199,HD  60912,37283,1.66249,37.6137,1.59599,36.1091,1.90977,1.05037,1.99499,45.1364,2.38721,1.31297,1.57936,35.733,1.88987,1.03943,2.77636,62.8148,3.3222,1.82721,0,0,0,0,0,0,0,0,0,0,0,0,0,0
TIC 245794718,F6V,6.89,6539.1,1.3647,1.25067,3.06791,46.5616,HD  28406,20948,1.75155,37.6178,1.68148,36.1131,1.90998,1.05049,2.10186,45.1414,2.38747,1.31311,1.66397,35.7369,1.89008,1.03955,2.92508,62.8218,3.32257,1.82741,0,0,0,0,0,0,0,0,0,0,0,0,0,0
TIC 255530921,F6V,6.911,6234.5,1.31243,1.21,2.34452,40.628,HD 143463,78547,1.53118,37.6879,1.46994,36.1804,1.91354,1.05244,1.83742,45.2255,2.39192,1.31556,1.45462,35.8035,1.8936,1.04148,2.55707,62.9388,3.32876,1.83082,0,0,0,0,0,0,0,0,0,0,0,0,0,0
TIC 407966340,F8,6.911,6337.9,1.41113,1.22162,2.89475,45.1057,HD  25463,18893,1.7014,37.7202,1.63334,36.2114,1.91518,1.05335,2.04167,45.2642,2.39397,1.31668,1.61633,35.8342,1.89523,1.04237,2.84133,62.9927,3.33161,1.83238,0,0,0,0,0,0,0,0,0,0,0,0,0,0
TIC 445872278,F5,6.892,6324,1.43609,1.22432,2.97182,45.6885,HD 136654,75104,1.7239,37.7315,1.65494,36.2223,1.91575,1.05366,2.06868,45.2778,2.39469,1.31708,1.6377,35.8449,1.89579,1.04269,2.87891,63.0116,3.33261,1.83293,0,0,0,0,0,0,0,0,0,0,0,0,0,0
TIC 441501782,G3V,7,5733,1.22402,0.933497,1.45814,32.0018,HD  19467,14501,1.20754,37.7334,1.15924,36.2241,1.91585,1.05371,1.44904,45.2801,2.39481,1.31714,1.14716,35.8467,1.89589,1.04274,2.01659,63.0148,3.33277,1.83303,0,0,0,0,0,0,0,0,0,0,0,0,0,0
TIC 75324835,F5V,6.91,6591.5,1.36843,1.25441,3.18475,47.6881,HD 210172,109316,1.78459,37.4221,1.7132,35.9252,1.90004,1.04502,2.1415,44.9065,2.37505,1.30628,1.69536,35.551,1.88025,1.03414,2.98026,62.4948,3.30528,1.8179,0,0,0,0,0,0,0,0,0,0,0,0,0,0
TIC 194531699,G1V,6.99,5758,0.928858,0.983595,0.854437,24.7052,HD   1562,1598,0.924357,37.4155,0.887383,35.9189,1.89971,1.04484,1.10923,44.8987,2.37463,1.30605,0.87814,35.5448,1.87992,1.03396,1.54368,62.484,3.3047,1.81758,0,0,0,0,0,0,0,0,0,0,0,0,0,0
TIC 147718994,G8/K0V,7.039,5487,0.901208,0.857579,0.663262,21.7713,HD 124292,69414,0.814409,37.4075,0.781832,35.9112,1.8993,1.04461,0.97729,44.889,2.37412,1.30577,0.773688,35.5371,1.87952,1.03373,1.36006,62.4705,3.30399,1.81719,0,0,0,0,0,0,0,0,0,0,0,0,0,0
TIC 236316949,G8+V,7.101,5362,0.927645,0.89,0.640863,21.5904,HD 144287,78709,0.800539,37.0785,0.768518,35.5954,1.8826,1.03543,0.960647,44.4942,2.35325,1.29429,0.760512,35.2246,1.86299,1.02464,1.3369,61.9212,3.27493,1.80121,0,0,0,0,0,0,0,0,0,0,0,0,0,0
TIC 342721199,F9VFe+0.3,6.97,5915,1.1844,1.04161,1.54708,33.6746,HD 118475,66618,1.24381,36.9363,1.19406,35.4589,1.87538,1.03146,1.49258,44.3236,2.34422,1.28932,1.18162,35.0895,1.85584,1.02071,2.07717,61.6836,3.26237,1.7943,0,0,0,0,0,0,0,0,0,0,0,0,0,0
TIC 171644414,G2VFe-0.8CH-0.5,8.91,5836,1.12707,0.991415,1.32757,31.1863,HD 153075,83229,1.1522,36.9457,1.10611,35.4679,1.87585,1.03172,1.38264,44.3349,2.34482,1.28965,1.09459,35.0984,1.85631,1.02097,1.92418,61.6994,3.2632,1.79476,0,0,0,0,0,0,0,0,0,0,0,0,0,0
TIC 87345713,F8,6.97824,5966,1.18867,1.03449,1.6127,34.3559,HD  49736,32874,1.26992,36.9637,1.21912,35.4852,1.87677,1.03222,1.52391,44.3565,2.34596,1.29028,1.20642,35.1155,1.85722,1.02147,2.12077,61.7294,3.26479,1.79564,0,0,0,0,0,0,0,0,0,0,0,0,0,0
TIC 311649327,G2VFe-1.0CH-0.6,7.04,5729,1.03652,0.993943,1.04271,27.6186,HD 155918,84988,1.02113,36.9725,0.980285,35.4936,1.87721,1.03247,1.22536,44.367,2.34652,1.29058,0.970074,35.1239,1.85766,1.02171,1.70529,61.7441,3.26557,1.79606,0,0,0,0,0,0,0,0,0,0,0,0,0,0
TIC 32636439,F9V,6.98,6066,1.07203,1.06246,1.40191,31.9993,HD 101959,57217,1.18402,37.0016,1.13666,35.5215,1.87869,1.03328,1.42083,44.4019,2.34836,1.2916,1.12482,35.1515,1.85912,1.02252,1.97732,61.7926,3.26814,1.79747,0,0,0,0,0,0,0,0,0,0,0,0,0,0
TIC 98350165,F7V,6.96,6243,1.21799,1.14633,2.03028,38.4833,HD 102357,57488,1.42488,37.026,1.36788,35.5449,1.87993,1.03396,1.70986,44.4312,2.34991,1.29245,1.35364,35.1747,1.86034,1.02319,2.37955,61.8334,3.27029,1.79866,0,0,0,0,0,0,0,0,0,0,0,0,0,0
TIC 33982876,F6V,6.96,6309.3,1.09583,1.15733,1.71436,35.3476,HD 223408,117481,1.30934,37.0418,1.25696,35.5601,1.88073,1.0344,1.5712,44.4501,2.35091,1.293,1.24387,35.1897,1.86114,1.02363,2.18659,61.8598,3.27169,1.79943,0,0,0,0,0,0,0,0,0,0,0,0,0,0
TIC 220476607,G7VFe-1.4CH-1.2,7.021,5724,0.842565,0.982108,0.686594,22.3216,HD  32778,23437,0.82861,37.1215,0.795465,35.6366,1.88478,1.03663,0.994332,44.5458,2.35597,1.29579,0.787179,35.2654,1.86515,1.02583,1.38378,61.9929,3.27873,1.8033,0,0,0,0,0,0,0,0,0,0,0,0,0,0
TIC 333619257,F9VFe-0.5CH-0.4,6.96,5922.8,1.07132,1.02502,1.27246,30.1682,HD  48286,32076,1.12803,37.3915,1.08291,35.8958,1.89849,1.04417,1.35364,44.8698,2.37311,1.30521,1.07163,35.5219,1.87871,1.03329,1.88382,62.4438,3.30258,1.81642,0,0,0,0,0,0,0,0,0,0,0,0,0,0
TIC 280495780,G3V,7.04,5911,1.1871,1.03283,1.54992,33.4846,HD  83529,47225,1.24496,37.1801,1.19516,35.6929,1.88775,1.03826,1.49395,44.6161,2.35969,1.29783,1.18271,35.3211,1.86809,1.02745,2.07908,62.0908,3.2839,1.80615,0,0,0,0,0,0,0,0,0,0,0,0,0,0
TIC 352510765,G9V,7.07,5446,0.928488,0.852684,0.683215,22.2276,HD 205536,107022,0.826568,37.1866,0.793506,35.6992,1.88808,1.03845,0.991882,44.624,2.36011,1.29806,0.78524,35.3273,1.86842,1.02763,1.38037,62.1017,3.28448,1.80646,0,0,0,0,0,0,0,0,0,0,0,0,0,0
TIC 284811120,F8,6.94,6200.5,1.53205,1.1423,3.1257,47.5173,HD   3801,3267,1.76797,37.2068,1.69725,35.7185,1.88911,1.03901,2.12156,44.6482,2.36139,1.29876,1.67957,35.3465,1.86943,1.02819,2.9525,62.1353,3.28626,1.80744,0,0,0,0,0,0,0,0,0,0,0,0,0,0
TIC 281738302,K0V,7.065,5328,0.887138,0.83514,0.571392,20.3087,HD 149806,81375,0.755905,37.2208,0.725668,35.732,1.88982,1.0394,0.907086,44.665,2.36227,1.29925,0.718109,35.3598,1.87013,1.02857,1.26236,62.1587,3.2875,1.80812,0,0,0,0,0,0,0,0,0,0,0,0,0,0
TIC 285930023,G0V,6.95,6104,1.65979,1.25035,3.44555,49.7924,HD  99126,55666,1.85622,37.2792,1.78197,35.788,1.89278,1.04103,2.22746,44.735,2.36598,1.30129,1.76341,35.4152,1.87307,1.03019,3.09989,62.2562,3.29265,1.81096,0,0,0,0,0,0,0,0,0,0,0,0,0,0
TIC 370617416,F5,6.931,6345,1.43289,1.23037,2.9981,46.4027,HD 208502,108174,1.7315,37.3147,1.66224,35.8221,1.89459,1.04202,2.0778,44.7777,2.36823,1.30253,1.64493,35.449,1.87485,1.03117,2.89161,62.3156,3.29579,1.81269,0,0,0,0,0,0,0,0,0,0,0,0,0,0
TIC 401701660,G1V,6.995,5793,0.902635,1.02053,0.826672,24.3482,HD 199509,104436,0.909215,37.3421,0.872846,35.8485,1.89598,1.04279,1.09106,44.8106,2.36998,1.30349,0.863754,35.475,1.87623,1.03193,1.51839,62.3614,3.29822,1.81402,0,0,0,0,0,0,0,0,0,0,0,0,0,0
TIC 188374410,F8.5V,6.964,6120,1.24247,1.09942,1.95106,38.3301,HD 142661A,78024,1.3968,36.4415,1.34093,34.9838,1.85025,1.01764,1.67617,43.7298,2.31281,1.27205,1.32696,34.6194,1.83098,1.00704,2.33266,60.8573,3.21867,1.77027,0,0,0,0,0,0,0,0,0,0,0,0,0,0
TIC 450491293,F8/G0V,6.994,6241,1.20845,1.11082,1.99605,38.7951,HD 108147,60644,1.41282,36.4175,1.35631,34.9608,1.84903,1.01697,1.69538,43.7009,2.31129,1.27121,1.34218,34.5966,1.82977,1.00637,2.35941,60.8171,3.21654,1.7691,0,0,0,0,0,0,0,0,0,0,0,0,0,0
TIC 166417326,F2V,6.74,6674.6,1.40207,1.30801,3.51509,46.3042,HD 120207,67389,1.87486,40.49,1.79986,38.8704,2.05581,1.13069,2.24983,48.588,2.56976,1.41337,1.78112,38.4655,2.03439,1.11892,3.13101,67.6183,3.57625,1.96694,0,0,0,0,0,0,0,0,0,0,0,0,0,0
TIC 287947139,K1V,7.27,5018,0.742145,0.810259,0.314626,15.615,HD 190404,98792,0.560915,35.9215,0.538479,34.4847,1.82385,1.00312,0.673098,43.1058,2.27981,1.2539,0.53287,34.1255,1.80485,0.992669,0.936729,59.989,3.17274,1.74501,0,0,0,0,0,0,0,0,0,0,0,0,0,0
TIC 123838254,F8.5V,7.05,6092,1.24202,1.09289,1.9142,38.8154,HD  50639,33109,1.38355,35.6443,1.32821,34.2185,1.80977,0.995376,1.66026,42.7731,2.26222,1.24422,1.31437,33.8621,1.79092,0.985007,2.31052,59.5259,3.14825,1.73154,0,0,0,0,0,0,0,0,0,0,0,0,0,0
TIC 310842836,G0V,7.05,5987.6,1.60925,1.1,2.99885,48.5639,HD 217578,113699,1.73172,35.6586,1.66245,34.2322,1.8105,0.995775,2.07806,42.7903,2.26312,1.24472,1.64513,33.8756,1.79164,0.985402,2.89197,59.5498,3.14952,1.73223,0,0,0,0,0,0,0,0,0,0,0,0,0,0
TIC 337438474,F6V,7.007,6563,1.35776,1.269,3.0814,49.224,HD 164249,88399,1.75539,35.6613,1.68518,34.2349,1.81064,0.995853,2.10647,42.7936,2.2633,1.24482,1.66762,33.8783,1.79178,0.985479,2.93151,59.5544,3.14976,1.73237,0,0,0,0,0,0,0,0,0,0,0,0,0,0
TIC 102030,F5V,7.03,6241.6,1.50936,1.24208,3.11505,49.4808,HD 130360,72420,1.76495,35.6694,1.69435,34.2427,1.81105,0.996078,2.11794,42.8033,2.26381,1.2451,1.6767,33.886,1.79219,0.985703,2.94747,59.568,3.15048,1.73276,0,0,0,0,0,0,0,0,0,0,0,0,0,0
TIC 142456308,K4/5V,7.709,4369,0.651352,0.671061,0.139269,10.4584,HD 154363,83591,0.373188,35.6829,0.35826,34.2556,1.81174,0.996456,0.447825,42.8195,2.26467,1.24557,0.354528,33.8988,1.79287,0.986076,0.623224,59.5905,3.15167,1.73342,0,0,0,0,0,0,0,0,0,0,0,0,0,0
TIC 402133995,G5V,7.105,5738,1.307,0.947104,1.66834,36.1955,HD 111398,62536,1.29164,35.6852,1.23998,34.2577,1.81185,0.996517,1.54997,42.8222,2.26481,1.24565,1.22706,33.9009,1.79298,0.986137,2.15704,59.5942,3.15186,1.73353,0,0,0,0,0,0,0,0,0,0,0,0,0,0
TIC 321289619,G1V,7.03,5675,1.40585,0.968291,1.84687,38.0366,HD  91962,51966,1.35899,35.7286,1.30464,34.2995,1.81406,0.997731,1.63079,42.8743,2.26757,1.24716,1.29105,33.9422,1.79516,0.987338,2.26952,59.6668,3.1557,1.73564,0,0,0,0,0,0,0,0,0,0,0,0,0,0
TIC 88646759,G0V,7.04,5873,1.03961,0.985568,1.15846,30.114,HD  77407,44458,1.07632,35.7414,1.03326,34.3117,1.81471,0.998088,1.29158,42.8897,2.26838,1.24761,1.0225,33.9543,1.7958,0.987691,1.79745,59.6881,3.15683,1.73626,0,0,0,0,0,0,0,0,0,0,0,0,0,0
TIC 38956909,F8,7.07,5945.5,1.51011,1.09,2.56724,44.8061,HD  63814,38422,1.60226,35.7599,1.53817,34.3295,1.81564,0.998604,1.92271,42.9119,2.26956,1.24826,1.52215,33.9719,1.79673,0.988202,2.67577,59.719,3.15846,1.73716,0,0,0,0,0,0,0,0,0,0,0,0,0,0
TIC 166595382,F6IV,7.035,6220,1.44407,1.21441,2.81212,46.8821,HD  77408,44441,1.67694,35.7693,1.60986,34.3385,1.81612,0.998866,2.01233,42.9231,2.27015,1.24858,1.59309,33.9808,1.7972,0.988461,2.80049,59.7347,3.15929,1.73761,0,0,0,0,0,0,0,0,0,0,0,0,0,0
TIC 51444663,F6V,7.03,6207,1.50552,1.22771,3.03106,48.6521,HD  73400,42343,1.74099,35.7846,1.67135,34.3532,1.8169,0.999295,2.08919,42.9415,2.27112,1.24912,1.65394,33.9954,1.79797,0.988885,2.90746,59.7603,3.16065,1.73836,0,0,0,0,0,0,0,0,0,0,0,0,0,0
TIC 414149200,F8V,7.02,6199.4,1.31489,1.15839,2.30075,42.3396,HD 149013,81010,1.51682,35.8252,1.45615,34.3921,1.81896,1.00043,1.82019,42.9902,2.2737,1.25053,1.44098,34.0339,1.80001,0.990006,2.53309,59.828,3.16423,1.74033,0,0,0,0,0,0,0,0,0,0,0,0,0,0
TIC 208585373,G3V(w),7.1,5734,1.61774,1.04663,2.54883,44.5554,HD 146481,79967,1.5965,35.8319,1.53264,34.3987,1.8193,1.00062,1.91581,42.9983,2.27413,1.25077,1.51668,34.0403,1.80035,0.990193,2.66616,59.8393,3.16483,1.74066,0,0,0,0,0,0,0,0,0,0,0,0,0,0
TIC 268721219,F8,7.01,6148,1.14017,1.09257,1.67327,36.0796,HD 218866,,1.29355,35.8527,1.24181,34.4186,1.82035,1.0012,1.55226,43.0232,2.27544,1.25149,1.22887,34.06,1.80139,0.990766,2.16023,59.8739,3.16666,1.74166,0,0,0,0,0,0,0,0,0,0,0,0,0,0
TIC 60992062,G0,7.07,5786,1.50861,1.03572,2.29805,42.2744,HD  59360,36481,1.51593,35.8593,1.4553,34.425,1.82069,1.00138,1.81912,43.0312,2.27587,1.25173,1.44014,34.0664,1.80173,0.990951,2.53161,59.8851,3.16725,1.74199,0,0,0,0,0,0,0,0,0,0,0,0,0,0
TIC 118301925,F5V,7.031,6195,1.22972,1.14279,2.00666,39.499,HD  14082,10680,1.41657,35.8634,1.3599,34.4289,1.8209,1.0015,1.69988,43.0361,2.27613,1.25187,1.34574,34.0702,1.80193,0.991063,2.36567,59.8919,3.16761,1.74218,0,0,0,0,0,0,0,0,0,0,0,0,0,0
TIC 345585983,G9V,7.123,5340,0.825468,0.844983,0.499183,19.6935,HD 136923,75277,0.706529,35.8763,0.678268,34.4412,1.82155,1.00185,0.847835,43.0515,2.27694,1.25232,0.671202,34.0824,1.80258,0.991418,1.1799,59.9134,3.16874,1.74281,0,0,0,0,0,0,0,0,0,0,0,0,0,0
TIC 458319418,G8V,7.15,5425,1.92693,1.1004,2.89751,47.7582,HD 150474,81819,1.70221,35.6422,1.63412,34.2165,1.80967,0.995317,2.04265,42.7706,2.26208,1.24415,1.6171,33.8601,1.79082,0.984949,2.84268,59.5224,3.14807,1.73144,0,0,0,0,0,0,0,0,0,0,0,0,0,0
TIC 287257235,G8V,7.22,5205,1.94665,0.89,2.50583,44.4317,HD 156111,84372,1.58298,35.6273,1.51966,34.2022,1.80891,0.994901,1.89958,42.7527,2.26114,1.24363,1.50383,33.8459,1.79007,0.984537,2.64358,59.4975,3.14675,1.73071,0,0,0,0,0,0,0,0,0,0,0,0,0,0
TIC 67899233,F5,7.03,6471.9,1.40215,1.24918,3.10749,49.4896,HD   3914,3293,1.76281,35.6197,1.69229,34.1949,1.80853,0.99469,2.11537,42.7436,2.26066,1.24336,1.67467,33.8387,1.78969,0.984328,2.94389,59.4849,3.14608,1.73035,0,0,0,0,0,0,0,0,0,0,0,0,0,0
TIC 430314524,F5,7.08,5873,1.32773,1.02536,1.88954,38.7718,HD  28676,21158,1.37461,35.4538,1.31962,34.0356,1.8001,0.990056,1.64953,42.5445,2.25013,1.23757,1.30588,33.6811,1.78135,0.979743,2.29559,59.2078,3.13143,1.72228,0,0,0,0,0,0,0,0,0,0,0,0,0,0
TIC 168942250,G1V,7.05,6005,1.34696,1.05111,2.12548,41.2181,HD  70923,41209,1.4579,35.3704,1.39958,33.9556,1.79587,0.987728,1.74948,42.4445,2.24484,1.23466,1.38501,33.6019,1.77716,0.977439,2.43469,59.0686,3.12406,1.71823,0,0,0,0,0,0,0,0,0,0,0,0,0,0
TIC 345518694,G2V,7.144,5522,1.75585,1.04651,2.58259,45.4159,HD 222794,117029,1.60704,35.3851,1.54276,33.9697,1.79661,0.988137,1.92845,42.4621,2.24577,1.23517,1.52669,33.6158,1.7779,0.977844,2.68376,59.093,3.12536,1.71895,0,0,0,0,0,0,0,0,0,0,0,0,0,0
TIC 9068085,F9V,7.24,6017,1.20235,1.02988,1.70716,36.9137,HD 223084,117258,1.30658,35.3956,1.25432,33.9798,1.79715,0.988432,1.5679,42.4747,2.24644,1.23554,1.24125,33.6258,1.77843,0.978135,2.18199,59.1106,3.12629,1.71946,0,0,0,0,0,0,0,0,0,0,0,0,0,0
TIC 329296696,G3V,7.298,5911,1.51648,1.07529,2.52938,44.9319,HD 123227,69012,1.5904,35.3958,1.52679,33.98,1.79716,0.988438,1.90848,42.475,2.24645,1.23555,1.51088,33.626,1.77844,0.978142,2.65597,59.111,3.12631,1.71947,0,0,0,0,0,0,0,0,0,0,0,0,0,0
TIC 214519665,F6/7V,7.05,6347.7,1.34042,1.19976,2.62812,45.7619,HD 157555,85342,1.62115,35.4257,1.5563,34.0087,1.79868,0.989272,1.94538,42.5108,2.24835,1.23659,1.54009,33.6544,1.77994,0.978967,2.70731,59.1609,3.12895,1.72092,0,0,0,0,0,0,0,0,0,0,0,0,0,0
TIC 165191661,F7V,7.05,6184,1.3162,1.13916,2.28252,42.6251,HD  20029,14857,1.5108,35.4439,1.45037,34.0262,1.7996,0.989781,1.81296,42.5327,2.2495,1.23723,1.43526,33.6717,1.78086,0.979471,2.52304,59.1914,3.13056,1.72181,0,0,0,0,0,0,0,0,0,0,0,0,0,0
TIC 234568937,F5/6V,7.05,6350,1.40667,1.21931,2.89849,48.0224,HD  44966,30513,1.70249,35.4521,1.63439,34.034,1.80002,0.990009,2.04299,42.5425,2.25002,1.23751,1.61737,33.6795,1.78127,0.979696,2.84317,59.205,3.13128,1.7222,0,0,0,0,0,0,0,0,0,0,0,0,0,0
TIC 383473544,G5V,7.143,5649,0.91507,0.941394,0.768228,24.7001,HD 113283,64690,0.876486,35.4851,0.841427,34.0657,1.80169,0.990932,1.05178,42.5822,2.25212,1.23867,0.832662,33.7109,1.78293,0.98061,1.46373,59.2602,3.1342,1.72381,0,0,0,0,0,0,0,0,0,0,0,0,0,0
TIC 122215177,G5V,6.294,5689,0.918947,0.94639,0.796928,25.0842,HD 181655,94981,0.892708,35.5884,0.857,34.1649,1.80694,0.993817,1.07125,42.7061,2.25867,1.24227,0.848073,33.809,1.78812,0.983464,1.49082,59.4327,3.14332,1.72883,0,0,0,0,0,0,0,0,0,0,0,0,0,0
TIC 234516451,G8IV,7.16,5453,1.89547,0.95,2.862,47.6704,HD   5562,4395,1.69174,35.4884,1.62407,34.0688,1.80186,0.991023,2.03009,42.5861,2.25232,1.23878,1.60716,33.714,1.78309,0.980699,2.82521,59.2656,3.13448,1.72397,0,0,0,0,0,0,0,0,0,0,0,0,0,0
TIC 417860263,G0,7.044,6362.3,1.11834,1.12568,1.84629,38.2684,HD 224792,58,1.35878,35.5066,1.30443,34.0864,1.80279,0.991532,1.63054,42.608,2.25348,1.23942,1.29084,33.7313,1.78401,0.981204,2.26917,59.2961,3.1361,1.72485,0,0,0,0,0,0,0,0,0,0,0,0,0,0
TIC 112072597,F6V,7.03,6408,1.42543,1.23379,3.08655,49.4628,HD  59099,36165,1.75686,35.5188,1.68658,34.098,1.8034,0.991871,2.10823,42.6225,2.25425,1.23984,1.66902,33.7428,1.78462,0.981539,2.93395,59.3163,3.13717,1.72544,0,0,0,0,0,0,0,0,0,0,0,0,0,0
TIC 373052731,F7V,7.015,6441,1.32518,1.21159,2.72305,46.4342,HD  28608,21066,1.65017,35.5377,1.58416,34.1162,1.80437,0.992401,1.9802,42.6453,2.25546,1.2405,1.56766,33.7609,1.78557,0.982064,2.75578,59.348,3.13884,1.72636,0,0,0,0,0,0,0,0,0,0,0,0,0,0
TIC 210119810,G5,7.089,5805,0.989368,0.95878,1.00143,28.13,HD 195034,100963,1.00071,35.5747,0.960685,34.1517,1.80624,0.993432,1.20086,42.6896,2.2578,1.24179,0.950678,33.7959,1.78743,0.983084,1.67119,59.4097,3.14211,1.72816,0,0,0,0,0,0,0,0,0,0,0,0,0,0
TIC 435290852,F5,7.02,6378.2,1.4021,1.22567,2.9312,48.1252,HD  21962,16538,1.71207,35.5754,1.64359,34.1524,1.80628,0.993452,2.05449,42.6905,2.25785,1.24182,1.62647,33.7966,1.78746,0.983104,2.85916,59.4109,3.14217,1.72819,0,0,0,0,0,0,0,0,0,0,0,0,0,0
TIC 73924781,G3/5V,7.09,5767,1.46143,0.990635,2.12837,41.0072,HD 158783,85969,1.45889,35.5765,1.40054,34.1535,1.80634,0.993484,1.75067,42.6918,2.25792,1.24186,1.38595,33.7977,1.78752,0.983136,2.43635,59.4128,3.14227,1.72825,0,0,0,0,0,0,0,0,0,0,0,0,0,0
TIC 418189606,K0VFe-0.9,7.115,5391,0.792618,0.93,0.47808,19.2516,HD 190067,98677,0.691433,35.9156,0.663776,34.479,1.82355,1.00295,0.82972,43.0987,2.27944,1.25369,0.656861,34.1198,1.80456,0.992506,1.15469,59.9791,3.17222,1.74472,0,0,0,0,0,0,0,0,0,0,0,0,0,0
TIC 316781121,G9.5V,7.191,5270,0.787589,0.826241,0.431059,18.2657,HD 222335,116763,0.656551,35.9444,0.630289,34.5067,1.82501,1.00376,0.787861,43.1333,2.28127,1.2547,0.623723,34.1472,1.806,0.993302,1.09644,60.0272,3.17477,1.74612,0,0,0,0,0,0,0,0,0,0,0,0,0,0
TIC 257558320,F7/8V,7.01,6181,1.29632,1.12629,2.20979,40.826,HD   4271,3540,1.48654,36.4115,1.42708,34.955,1.84873,1.0168,1.78384,43.6938,2.31091,1.271,1.41221,34.5909,1.82947,1.00621,2.48252,60.8072,3.21602,1.76881,0,0,0,0,0,0,0,0,0,0,0,0,0,0
TIC 301941897,F5,7.018,6261,1.27371,1.18453,2.24599,41.6934,HD   5750,,1.49866,35.9448,1.43872,34.507,1.82503,1.00377,1.7984,43.1338,2.28129,1.25471,1.42373,34.1476,1.80602,0.993313,2.50277,60.0278,3.1748,1.74614,0,0,0,0,0,0,0,0,0,0,0,0,0,0
TIC 404487000,G2,7.061,5846,1.07791,0.984958,1.22264,30.566,HD 211476,110035,1.10573,36.1752,1.0615,34.7282,1.83673,1.0102,1.32688,43.4103,2.29592,1.26275,1.05044,34.3665,1.8176,0.99968,1.84657,60.4126,3.19515,1.75733,0,0,0,0,0,0,0,0,0,0,0,0,0,0
TIC 400231203,G0V,6.98,6298,1.47482,1.22634,3.08309,48.5068,HD 159063,85799,1.75587,36.1985,1.68564,34.7505,1.83791,1.01085,2.10705,43.4382,2.29739,1.26356,1.66808,34.3885,1.81877,1.00032,2.93231,60.4514,3.1972,1.75846,0,0,0,0,0,0,0,0,0,0,0,0,0,0
TIC 35055332,K6Vk:,7.651,4425,0.69463,0.69,0.166669,11.2766,HD  85512,48331,0.408251,36.2035,0.391921,34.7553,1.83817,1.01099,0.489902,43.4442,2.29771,1.26374,0.387839,34.3933,1.81902,1.00046,0.68178,60.4598,3.19765,1.75871,0,0,0,0,0,0,0,0,0,0,0,0,0,0
TIC 452749710,G5IVe,7.265,5422,1.37799,0.924436,1.47852,33.5809,V* V1198 Ori,23105,1.21595,36.2094,1.16731,34.761,1.83847,1.01116,1.45913,43.4513,2.29809,1.26395,1.15515,34.399,1.81932,1.00062,2.03063,60.4697,3.19817,1.75899,0,0,0,0,0,0,0,0,0,0,0,0,0,0
TIC 79394645,G0V,6.867,5901.94,1.04214,0.987091,1.1872,30.0708,tet Ind B,,1.08959,36.2341,1.046,34.7847,1.83972,1.01185,1.30751,43.4809,2.29965,1.26481,1.03511,34.4224,1.82056,1.00131,1.81961,60.511,3.20035,1.76019,0,0,0,0,0,0,0,0,0,0,0,0,0,0
TIC 357166699,K0,7.16,5092,2.1217,0.92,2.72657,45.5513,HD  83804,47605,1.65123,36.25,1.58518,34.8,1.84053,1.01229,1.98148,43.5,2.30066,1.26536,1.56867,34.4375,1.82136,1.00175,2.75756,60.5375,3.20175,1.76096,0,0,0,0,0,0,0,0,0,0,0,0,0,0
TIC 48870025,F9V,7.03,6016.8,1.10521,1.04107,1.44228,33.1253,HD 144766,79048,1.20095,36.2547,1.15291,34.8045,1.84077,1.01242,1.44114,43.5056,2.30096,1.26553,1.1409,34.442,1.82159,1.00188,2.00558,60.5453,3.20217,1.76119,0,0,0,0,0,0,0,0,0,0,0,0,0,0
TIC 398523562,G0V,7.037,5891,1.01339,0.991168,1.1143,29.1039,HD 186704,97255,1.05561,36.2703,1.01338,34.8194,1.84156,1.01286,1.26673,43.5243,2.30195,1.26607,1.00283,34.4567,1.82237,1.00231,1.76286,60.5713,3.20354,1.76195,0,0,0,0,0,0,0,0,0,0,0,0,0,0
TIC 34920,F5V,6.99,6395,1.08848,1.18009,1.78523,36.8369,HD 128787,71682,1.33613,36.2714,1.28268,34.8205,1.84162,1.01289,1.60335,43.5257,2.30202,1.26611,1.26932,34.4578,1.82243,1.00234,2.23133,60.5732,3.20364,1.762,0,0,0,0,0,0,0,0,0,0,0,0,0,0
TIC 206680304,F8,7.01,6007,1.11319,1.03904,1.45366,33.207,HD  44985,30552,1.20568,36.308,1.15745,34.8557,1.84347,1.01391,1.44681,43.5696,2.30434,1.26739,1.14539,34.4926,1.82427,1.00335,2.01348,60.6344,3.20688,1.76378,0,0,0,0,0,0,0,0,0,0,0,0,0,0
TIC 183587877,F9V,7,6093,1.0944,1.06068,1.4872,33.5875,HD   6735,5280,1.21951,36.3084,1.17073,34.8561,1.8435,1.01392,1.46341,43.5701,2.30437,1.2674,1.15853,34.493,1.82429,1.00336,2.03658,60.6351,3.20691,1.7638,0,0,0,0,0,0,0,0,0,0,0,0,0,0
TIC 61125572,G0V,7.026,5958,1.08455,1.01683,1.33536,31.8005,HD  89307,50473,1.15558,36.3384,1.10935,34.8849,1.84502,1.01476,1.38669,43.6061,2.30627,1.26845,1.0978,34.5215,1.8258,1.00419,1.92981,60.6851,3.20956,1.76526,0,0,0,0,0,0,0,0,0,0,0,0,0,0
TIC 345217789,K5V,7.46,4657,0.709755,0.76,0.21347,12.7102,HD 190007,98698,0.462028,36.3509,0.443547,34.8969,1.84565,1.01511,0.554434,43.6211,2.30706,1.26889,0.438927,34.5333,1.82643,1.00453,0.771587,60.706,3.21066,1.76587,0,0,0,0,0,0,0,0,0,0,0,0,0,0
TIC 320790248,K0,7.097,5573,1.19664,0.98,1.24446,30.6842,HD  34575,25094,1.11555,36.3559,1.07093,34.9017,1.84591,1.01525,1.33866,43.6271,2.30738,1.26906,1.05978,34.5381,1.82668,1.00467,1.86297,60.7144,3.21111,1.76611,0,0,0,0,0,0,0,0,0,0,0,0,0,0
TIC 71434397,G6V,7.08,5613,1.11896,0.91,1.11971,29.1048,HD  61994,38018,1.05816,36.357,1.01584,34.9027,1.84596,1.01528,1.2698,43.6284,2.30745,1.2691,1.00526,34.5392,1.82673,1.0047,1.76713,60.7162,3.21121,1.76616,0,0,0,0,0,0,0,0,0,0,0,0,0,0
TIC 335503587,F5,7.018,5935,1.45516,1.03,2.36701,42.3117,HD  62522,38052,1.53851,36.3613,1.47697,34.9069,1.84618,1.0154,1.84621,43.6336,2.30773,1.26925,1.46158,34.5433,1.82695,1.00482,2.56931,60.7234,3.21159,1.76637,0,0,0,0,0,0,0,0,0,0,0,0,0,0
TIC 347716666,G6V,7.09,5550,1.3895,0.932622,1.65038,35.2826,HD 105913A,59426,1.28467,36.4108,1.23328,34.9544,1.84869,1.01678,1.5416,43.693,2.31087,1.27098,1.22044,34.5903,1.82944,1.00619,2.1454,60.806,3.21596,1.76878,0,0,0,0,0,0,0,0,0,0,0,0,0,0
TIC 3816118,G1V,7.04,5850,0.93076,0.971641,0.914099,26.4324,HD   3821,3203,0.956085,36.171,0.917842,34.7241,1.83652,1.01008,1.1473,43.4052,2.29565,1.26261,0.908281,34.3624,1.81739,0.999562,1.59666,60.4055,3.19477,1.75713,0,0,0,0,0,0,0,0,0,0,0,0,0,0
TIC 156638998,F5V,6.97,6545.6,1.36442,1.26298,3.07883,48.5104,HD 111545,62636,1.75466,36.1708,1.68447,34.724,1.83651,1.01008,2.10559,43.405,2.29564,1.2626,1.66693,34.3623,1.81738,0.999558,2.93028,60.4052,3.19476,1.75712,0,0,0,0,0,0,0,0,0,0,0,0,0,0
GAIA DR3 4509284793987222400,F6V,7.02,6364,1.48178,1.30809,3.24476,49.8033,HD 170542,90618,1.80132,36.1687,1.72927,34.7219,1.8364,1.01002,2.16158,43.4024,2.2955,1.26253,1.71125,34.3603,1.81727,0.999499,3.00821,60.4017,3.19457,1.75701,0,0,0,0,0,0,0,0,0,0,0,0,0,0
TIC 287152045,G5IV,7.071,5661,1.51181,0.990206,2.11477,40.2982,HD 153344,82750,1.45422,36.0866,1.39606,34.6431,1.83223,1.00773,1.74507,43.3039,2.29029,1.25966,1.38151,34.2823,1.81315,0.997231,2.42856,60.2646,3.18732,1.75303,0,0,0,0,0,0,0,0,0,0,0,0,0,0
TIC 435845665,F8,7.02,6176,1.31264,1.15338,2.25849,41.767,HD 216625,113086,1.50283,35.9812,1.44271,34.542,1.82688,1.00479,1.80339,43.1775,2.2836,1.25598,1.42769,34.1822,1.80785,0.994319,2.50972,60.0886,3.17801,1.74791,0,0,0,0,0,0,0,0,0,0,0,0,0,0
TIC 284013790,G9V,7.138,5429,1.00483,0.94,0.790247,24.704,HD  12051,9269,0.888958,35.9844,0.8534,34.5451,1.82705,1.00488,1.06675,43.1813,2.28381,1.25609,0.84451,34.1852,1.80801,0.994408,1.48456,60.094,3.1783,1.74806,0,0,0,0,0,0,0,0,0,0,0,0,0,0
TIC 233466076,G0V,6.523,5821,1.2997,1.07403,1.74733,36.6992,mu.02 Boo,75415,1.32186,36.0189,1.26899,34.5781,1.8288,1.00584,1.58624,43.2227,2.28599,1.2573,1.25577,34.218,1.80975,0.99536,2.20751,60.1516,3.18134,1.74974,0,0,0,0,0,0,0,0,0,0,0,0,0,0
TIC 402202339,G0V,7.02,6162,1.25386,1.11948,2.04212,39.6565,HD 126961,70782,1.42903,36.0351,1.37187,34.5937,1.82962,1.00629,1.71483,43.2422,2.28703,1.25786,1.35758,34.2334,1.81056,0.995809,2.38648,60.1787,3.18278,1.75053,0,0,0,0,0,0,0,0,0,0,0,0,0,0
TIC 28003343,F7III,6.99,6403,1.41009,1.24005,3.01109,48.1475,HD 211152,109842,1.73525,36.0403,1.66584,34.5987,1.82988,1.00643,2.0823,43.2483,2.28735,1.25804,1.64849,34.2383,1.81082,0.99595,2.89787,60.1872,3.18323,1.75078,0,0,0,0,0,0,0,0,0,0,0,0,0,0
TIC 434130008,G4V,7.08,5675,0.766833,1.01,0.54949,20.557,HD  23052,17336,0.741276,36.0595,0.711625,34.6172,1.83086,1.00697,0.889531,43.2714,2.28857,1.25872,0.704212,34.2566,1.81179,0.996483,1.23793,60.2194,3.18493,1.75171,0,0,0,0,0,0,0,0,0,0,0,0,0,0
TIC 158917706,G2V,7.086,5689,1.04821,0.94199,1.03689,28.2236,HD 164595,88194,1.01828,36.079,0.977548,34.6359,1.83185,1.00752,1.22194,43.2949,2.28981,1.2594,0.967366,34.2751,1.81277,0.997022,1.70053,60.252,3.18665,1.75266,0,0,0,0,0,0,0,0,0,0,0,0,0,0
TIC 369395755,G8/K0V,7.155,5352,0.790749,0.866382,0.462207,18.8379,HD   4747,3850,0.679858,36.0898,0.652664,34.6463,1.8324,1.00782,0.81583,43.3078,2.2905,1.25977,0.645865,34.2854,1.81331,0.99732,1.13536,60.27,3.18761,1.75318,0,0,0,0,0,0,0,0,0,0,0,0,0,0
TIC 289624436,G1V,7.03,5900,0.944461,1.00386,0.973803,27.2844,HD    361,669,0.986814,36.1677,0.947342,34.721,1.83635,1.00999,1.18418,43.4013,2.29544,1.26249,0.937474,34.3593,1.81722,0.999472,1.64798,60.4001,3.19449,1.75697,0,0,0,0,0,0,0,0,0,0,0,0,0,0
TIC 87869692,G6V,7.062,5613,0.968547,0.873515,0.838912,25.3788,HD  54371,34567,0.915921,36.09,0.879285,34.6464,1.83241,1.00782,1.09911,43.308,2.29051,1.25978,0.870125,34.2855,1.81332,0.997325,1.52959,60.2703,3.18762,1.75319,0,0,0,0,0,0,0,0,0,0,0,0,0,0
TIC 401808730,F7V,7.01,6163,1.14826,1.08782,1.71373,36.2448,HD 181144,94905,1.30909,36.1182,1.25673,34.6735,1.83384,1.00861,1.57091,43.3418,2.2923,1.26076,1.24364,34.3123,1.81473,0.998104,2.18619,60.3174,3.19011,1.75456,0,0,0,0,0,0,0,0,0,0,0,0,0,0
TIC 72601126,G7V,7.14,5473,1.06924,0.96,0.924165,26.6087,HD 122676,68634,0.961335,36.1286,0.922882,34.6835,1.83437,1.0089,1.1536,43.3543,2.29296,1.26113,0.913268,34.3222,1.81526,0.998392,1.60543,60.3348,3.19103,1.75507,0,0,0,0,0,0,0,0,0,0,0,0,0,0
TIC 72408098,G2V,7.031,5881,0.955352,0.973589,0.983618,27.4446,HD 107146,60074,0.991775,36.1374,0.952104,34.6919,1.83481,1.00915,1.19013,43.3648,2.29351,1.26143,0.942187,34.3305,1.8157,0.998634,1.65626,60.3494,3.19181,1.75549,0,0,0,0,0,0,0,0,0,0,0,0,0,0
TIC 399733863,F3V,6.97,6628,1.3575,1.28354,3.20408,49.5142,HD   8686,6679,1.78999,36.1511,1.71839,34.7051,1.83551,1.00953,2.14799,43.3814,2.29439,1.26191,1.70049,34.3436,1.81639,0.999014,2.98929,60.3724,3.19302,1.75616,0,0,0,0,0,0,0,0,0,0,0,0,0,0
TIC 61105191,G0,7.06,5804,1.40029,0.991916,2.00467,39.1555,HD  18940,14230,1.41586,36.16,1.35923,34.7136,1.83596,1.00978,1.69904,43.392,2.29495,1.26222,1.34507,34.352,1.81683,0.999258,2.36449,60.3871,3.1938,1.75659,0,0,0,0,0,0,0,0,0,0,0,0,0,0
TIC 262501618,F9.5V,7.016,6097,1.16113,1.06663,1.67849,35.8261,HD  31412,22919,1.29557,36.1626,1.24374,34.7161,1.83609,1.00985,1.55468,43.3952,2.29512,1.26231,1.23079,34.3545,1.81697,0.999332,2.16359,60.3916,3.19404,1.75672,0,0,0,0,0,0,0,0,0,0,0,0,0,0
GAIA DR3 4410452820495105024,F6V,7.23,6112,1.67586,1.26683,3.53105,49.795,HD 141103,77335,1.87911,37.7369,1.80394,36.2274,1.91602,1.05381,2.25493,45.2843,2.39503,1.31727,1.78515,35.8501,1.89607,1.04284,3.13811,63.0206,3.33308,1.8332,0,0,0,0,0,0,0,0,0,0,0,0,0,0
TIC 238069953,F8VFe-1CH-0.5,6.94,6351,1.15255,1.15474,1.94709,36.9577,HD  52298,33495,1.39538,37.7562,1.33957,36.246,1.917,1.05435,1.67446,45.3075,2.39626,1.31794,1.32561,35.8684,1.89704,1.04337,2.33029,63.0529,3.33479,1.83413,0,0,0,0,0,0,0,0,0,0,0,0,0,0
TIC 247250544,G0V,6.934,5920,1.14694,1.01434,1.45566,31.9505,HD 199598,103455,1.20651,37.7617,1.15825,36.2513,1.91728,1.05451,1.44781,45.3141,2.39661,1.31813,1.14618,35.8736,1.89731,1.04352,2.01487,63.0621,3.33528,1.8344,0,0,0,0,0,0,0,0,0,0,0,0,0,0
TIC 212714426,F7V,6.81,6103,1.14076,1.07836,1.62651,32.1308,HD 195005,101022,1.27535,39.6923,1.22433,38.1046,2.01531,1.10842,1.53042,47.6308,2.51913,1.38552,1.21158,37.7077,1.99431,1.09687,2.12983,66.2862,3.50579,1.92819,0,0,0,0,0,0,0,0,0,0,0,0,0,0
GAIA DR3 3028474868842608768,G1/2V,6.88,5862,1.89735,1.19,3.82977,49.6472,HD  58696,36081,1.95698,39.4177,1.8787,37.841,2.00136,1.10075,2.34838,47.3013,2.5017,1.37594,1.85913,37.4468,1.98052,1.08928,3.26816,65.8276,3.48154,1.91485,0,0,0,0,0,0,0,0,0,0,0,0,0,0
TIC 296883021,F0/2V,6.78,6910.1,1.17364,1.51,2.82943,42.6697,HD  91728,51832,1.68209,39.4212,1.61481,37.8443,2.00154,1.10085,2.01851,47.3054,2.50193,1.37606,1.59799,37.4501,1.98069,1.08938,2.80909,65.8334,3.48185,1.91502,0,0,0,0,0,0,0,0,0,0,0,0,0,0
TIC 189847689,F5,6.83,6135,1.14148,1.07904,1.66299,32.6997,HD  43523,30023,1.28957,39.4367,1.23799,37.8592,2.00233,1.10128,1.54748,47.324,2.50291,1.3766,1.22509,37.4649,1.98147,1.08981,2.15358,65.8593,3.48322,1.91577,0,0,0,0,0,0,0,0,0,0,0,0,0,0
TIC 381003375,F4IV,6.8,6772.2,1.39524,1.3281,3.68902,48.683,HD  15115,11360,1.92068,39.4528,1.84386,37.8747,2.00315,1.10173,2.30482,47.3434,2.50393,1.37716,1.82465,37.4802,1.98228,1.09025,3.20754,65.8862,3.48464,1.91655,0,0,0,0,0,0,0,0,0,0,0,0,0,0
TIC 164886225,F8,6.81,6192,1.18166,1.09812,1.8493,34.4509,HD 176969,93350,1.35989,39.4732,1.30549,37.8943,2.00418,1.1023,1.63187,47.3679,2.50523,1.37788,1.29189,37.4996,1.98331,1.09082,2.27102,65.9203,3.48644,1.91754,0,0,0,0,0,0,0,0,0,0,0,0,0,0
TIC 367828264,F5/6V,6.81,6246.5,1.41585,1.19987,2.74965,41.9924,HD 156766,85010,1.65821,39.4883,1.59188,37.9088,2.00495,1.10272,1.98985,47.3859,2.50618,1.3784,1.5753,37.5139,1.98406,1.09123,2.76921,65.9454,3.48777,1.91828,0,0,0,0,0,0,0,0,0,0,0,0,0,0
TIC 429135124,F2V,4.77,6884.64,0.834185,1.59,1.40846,30.0476,rho Cap,101027,1.18679,39.4969,1.13932,37.917,2.00539,1.10296,1.42415,47.3963,2.50673,1.3787,1.12745,37.5221,1.9845,1.09147,1.98194,65.9599,3.48854,1.91869,0,0,0,0,0,0,0,0,0,0,0,0,0,0
TIC 358290717,G4V,6.799,5887,1.04492,0.986442,1.1815,27.5199,HD  28255A,20552,1.08697,39.4975,1.04349,37.9176,2.00541,1.10298,1.30436,47.397,2.50677,1.37872,1.03262,37.5226,1.98452,1.09149,1.81524,65.9608,3.48858,1.91872,0,0,0,0,0,0,0,0,0,0,0,0,0,0
TIC 354914170,G0V,6.891,5660,1.1793,0.951316,1.28591,28.6787,HD 177082,93509,1.13398,39.5407,1.08862,37.9591,2.00761,1.10419,1.36077,47.4489,2.50951,1.38023,1.07728,37.5637,1.9867,1.09268,1.89374,66.033,3.4924,1.92082,0,0,0,0,0,0,0,0,0,0,0,0,0,0
TIC 17294823,F5V,6.779,6655.4,1.44473,1.3016,3.6895,48.5556,HD  27524,20349,1.92081,39.5589,1.84397,37.9765,2.00853,1.10469,2.30497,47.4707,2.51067,1.38087,1.82477,37.581,1.98761,1.09319,3.20775,66.0634,3.49401,1.92171,0,0,0,0,0,0,0,0,0,0,0,0,0,0
TIC 246942458,F8,6.83,6055.6,1.16512,1.06307,1.64461,32.3985,23 Ari,10810,1.28242,39.5828,1.23113,37.9995,2.00975,1.10536,1.53891,47.4994,2.51218,1.3817,1.2183,37.6037,1.98881,1.09385,2.14165,66.1033,3.49612,1.92287,0,0,0,0,0,0,0,0,0,0,0,0,0,0
TIC 351491907,F8IV,6.806,6197,1.62255,1.26778,3.49796,47.2263,HD 152446,82568,1.87028,39.6026,1.79547,38.0185,2.01075,1.10591,2.24434,47.5231,2.51344,1.38239,1.77677,37.6225,1.98981,1.09439,3.12337,66.1364,3.49787,1.92383,0,0,0,0,0,0,0,0,0,0,0,0,0,0
TIC 121025936,K2V,7.081,4994,0.737708,0.765221,0.30497,13.9334,HD  23356,17420,0.552241,39.6343,0.530151,38.0489,2.01236,1.1068,0.662689,47.5611,2.51545,1.3835,0.524629,37.6526,1.9914,1.09527,0.922243,66.1892,3.50067,1.92537,0,0,0,0,0,0,0,0,0,0,0,0,0,0
TIC 800131628,F7V,6.717,6343.29,1.23968,1.25689,2.24167,37.7704,eps Hya C,,1.49722,39.64,1.43733,38.0544,2.01265,1.10696,1.79666,47.5681,2.51582,1.3837,1.42236,37.658,1.99169,1.09543,2.50036,66.1989,3.50118,1.92565,0,0,0,0,0,0,0,0,0,0,0,0,0,0
TIC 366036237,G2,6.869,5714,1.34204,0.968236,1.72977,33.1703,HD 221830,116421,1.31521,39.6501,1.2626,38.0641,2.01316,1.10724,1.57825,47.5801,2.51645,1.38405,1.24945,37.6676,1.99219,1.09571,2.1964,66.2157,3.50206,1.92614,0,0,0,0,0,0,0,0,0,0,0,0,0,0
TIC 195382102,G0,6.823,6135,1.16056,1.11149,1.71904,33.0564,HD 197037,101948,1.31112,39.6633,1.25868,38.0767,2.01383,1.10761,1.57335,47.5959,2.51729,1.38451,1.24557,37.6801,1.99285,1.09607,2.18958,66.2376,3.50323,1.92677,0,0,0,0,0,0,0,0,0,0,0,0,0,0
TIC 165962902,F2,6.77,6545.3,1.34552,1.26158,2.9936,43.6221,HD  57703,35803,1.7302,39.6634,1.66099,38.0769,2.01384,1.10761,2.07624,47.5961,2.5173,1.38451,1.64369,37.6802,1.99286,1.09607,2.88944,66.2379,3.50324,1.92678,0,0,0,0,0,0,0,0,0,0,0,0,0,0
TIC 453258688,F5V,6.8,6388.3,1.57418,1.28999,3.71828,48.921,HD  85643,48095,1.92828,39.4163,1.85115,37.8397,2.00129,1.10071,2.31394,47.2996,2.50162,1.37589,1.83187,37.4455,1.98045,1.08925,3.22024,65.8253,3.48142,1.91478,0,0,0,0,0,0,0,0,0,0,0,0,0,0
TIC 374859347,K2.5V,7.147,4870,0.715654,0.79,0.259547,12.9313,HD  40307,27887,0.509458,39.3974,0.48908,37.8215,2.00033,1.10018,0.611349,47.2769,2.50042,1.37523,0.483985,37.4275,1.9795,1.08872,0.850795,65.7937,3.47975,1.91386,0,0,0,0,0,0,0,0,0,0,0,0,0,0
TIC 288529330,G5V,6.87,5786,1.22238,0.935422,1.50876,31.1866,HD 111031,62345,1.22832,39.386,1.17919,37.8106,1.99976,1.09987,1.47398,47.2632,2.49969,1.37483,1.1669,37.4167,1.97892,1.08841,2.05129,65.7747,3.47874,1.91331,0,0,0,0,0,0,0,0,0,0,0,0,0,0
TIC 435479953,G2IV-V,6.883,5807,0.987872,0.950402,0.999777,25.4967,HD 187237,97420,0.999889,39.2164,0.959893,37.6478,1.99114,1.09513,1.19987,47.0597,2.48893,1.36891,0.949894,37.2556,1.9704,1.08372,1.66981,65.4914,3.46376,1.90507,0,0,0,0,0,0,0,0,0,0,0,0,0,0
TIC 383188202,K3V,7.197,4836,0.710874,0.745252,0.249015,12.783,HD  82106,46580,0.499014,39.0372,0.479053,37.4757,1.98204,1.09012,0.598816,46.8446,2.47755,1.36265,0.474063,37.0853,1.9614,1.07877,0.833353,65.1921,3.44793,1.89636,0,0,0,0,0,0,0,0,0,0,0,0,0,0
TIC 92357813,K5V,8.367,4231,0.907645,0.661656,0.237848,12.49,HD  21531,16134,0.487696,39.0469,0.468188,37.4851,1.98254,1.0904,0.585235,46.8563,2.47817,1.363,0.463311,37.0946,1.96189,1.07904,0.814453,65.2084,3.44879,1.89684,0,0,0,0,0,0,0,0,0,0,0,0,0,0
TIC 284987730,F8V,6.86,5877,1.62131,1.09555,2.8252,43.0164,HD 186379,97023,1.68083,39.0742,1.6136,37.5112,1.98392,1.09116,2.017,46.889,2.4799,1.36395,1.59679,37.1205,1.96326,1.07979,2.80699,65.2539,3.4512,1.89816,0,0,0,0,0,0,0,0,0,0,0,0,0,0
TIC 250419029,G2V,6.9,5881,1.39122,1.01754,2.08589,36.9613,HD  13043,9911,1.44426,39.0749,1.38649,37.5119,1.98396,1.09118,1.73311,46.8899,2.47995,1.36397,1.37205,37.1212,1.96329,1.07981,2.41191,65.2551,3.45126,1.89819,0,0,0,0,0,0,0,0,0,0,0,0,0,0
TIC 372315670,G1IV-V,6.87,5917,1.42895,1.03307,2.25493,38.3476,HD 199190,103654,1.50164,39.1587,1.44158,37.5923,1.98821,1.09352,1.80197,46.9904,2.48526,1.3669,1.42656,37.2007,1.9675,1.08213,2.50774,65.395,3.45866,1.90226,0,0,0,0,0,0,0,0,0,0,0,0,0,0
TIC 16465196,G6V,6.92,5571,1.64231,1.00976,2.34065,39.0301,HD 168443,89844,1.52992,39.1984,1.46872,37.6304,1.99023,1.09463,1.8359,47.0381,2.48778,1.36828,1.45342,37.2385,1.9695,1.08322,2.55496,65.4613,3.46217,1.90419,0,0,0,0,0,0,0,0,0,0,0,0,0,0
TIC 405376575,G2V,6.885,5704,0.952355,0.964213,0.864988,23.7248,HD  12846,9829,0.930048,39.2015,0.892846,37.6335,1.99039,1.09471,1.11606,47.0419,2.48799,1.36839,0.883545,37.2415,1.96966,1.08331,1.55318,65.4666,3.46245,1.90435,0,0,0,0,0,0,0,0,0,0,0,0,0,0
TIC 130181866,G5V,6.91,5686,0.903714,0.987507,0.769102,22.3591,HD  63433,38228,0.876984,39.2227,0.841905,37.6538,1.99146,1.09531,1.05238,47.0673,2.48933,1.36913,0.833135,37.2616,1.97072,1.0839,1.46456,65.502,3.46432,1.90537,0,0,0,0,0,0,0,0,0,0,0,0,0,0
TIC 199459496,F8V,6.834,6123,1.52316,1.20725,2.93796,43.5244,HD 111066,62349,1.71405,39.3813,1.64548,37.8061,1.99952,1.09973,2.05686,47.2576,2.4994,1.37467,1.62834,37.4123,1.97869,1.08828,2.86246,65.7668,3.47833,1.91308,0,0,0,0,0,0,0,0,0,0,0,0,0,0
TIC 273945912,F8/G0V,6.84,6140,1.61114,1.14974,3.32378,46.4787,HD  12951,9414,1.82312,39.2249,1.7502,37.6559,1.99157,1.09537,2.18775,47.0699,2.48947,1.36921,1.73197,37.2636,1.97083,1.08396,3.04462,65.5056,3.46451,1.90548,0,0,0,0,0,0,0,0,0,0,0,0,0,0
TIC 8147643,G8IV,6.92,5627,1.80055,1.08016,2.9283,43.5908,HD 163153,87710,1.71123,39.2566,1.64278,37.6863,1.99318,1.09625,2.05347,47.1079,2.49148,1.37031,1.62567,37.2937,1.97242,1.08483,2.85775,65.5585,3.46731,1.90702,0,0,0,0,0,0,0,0,0,0,0,0,0,0
TIC 80224448,F8V,6.84,6013,1.12253,1.04401,1.48408,31.0241,HD  50554,33212,1.21823,39.2671,1.1695,37.6964,1.99372,1.09654,1.46187,47.1205,2.49215,1.37068,1.15732,37.3037,1.97295,1.08512,2.03444,65.576,3.46824,1.90753,0,0,0,0,0,0,0,0,0,0,0,0,0,0
TIC 454015615,G0V,6.87,5924.5,1.2938,1.01389,1.85796,34.6713,HD 101614,57021,1.36307,39.314,1.30855,37.7415,1.9961,1.09786,1.63568,47.1769,2.49513,1.37232,1.29492,37.3483,1.97531,1.08642,2.27632,65.6545,3.47238,1.90981,0,0,0,0,0,0,0,0,0,0,0,0,0,0
TIC 17292477,F5V,6.787,6602.8,1.43604,1.29057,3.53134,47.7904,HD  27534,20350,1.87919,39.3215,1.80402,37.7486,1.99648,1.09806,2.25502,47.1858,2.4956,1.37258,1.78523,37.3554,1.97568,1.08662,3.13824,65.6669,3.47304,1.91017,0,0,0,0,0,0,0,0,0,0,0,0,0,0
TIC 25300818,F6V,6.86,6281,1.33134,1.17651,2.48535,40.0529,HD 207692,107877,1.5765,39.3605,1.51344,37.786,1.99846,1.09915,1.8918,47.2326,2.49807,1.37394,1.49768,37.3924,1.97764,1.0877,2.63276,65.732,3.47648,1.91207,0,0,0,0,0,0,0,0,0,0,0,0,0,0
TIC 171523537,K0V_Fe-1.3,7,5305,0.795893,0.89,0.452007,17.0748,HD  65583,39157,0.672315,39.3746,0.645422,37.7996,1.99917,1.09955,0.806778,47.2495,2.49897,1.37443,0.638699,37.4058,1.97835,1.08809,1.12277,65.7555,3.47773,1.91275,0,0,0,0,0,0,0,0,0,0,0,0,0,0
TIC 146165393,F6V,6.81,6266.7,1.52197,1.24526,3.21856,45.2152,HD 215709,112512,1.79403,39.6777,1.72227,38.0905,2.01456,1.10801,2.15284,47.6132,2.5182,1.38501,1.70433,37.6938,1.99358,1.09647,2.99604,66.2617,3.5045,1.92747,0,0,0,0,0,0,0,0,0,0,0,0,0,0
TIC 403085679,F8VmF1,6.828,6072,1.41722,1.16922,2.45977,39.5011,HD  24421,18366,1.56837,39.7044,1.50563,38.1162,2.01592,1.10876,1.88204,47.6452,2.5199,1.38594,1.48995,37.7192,1.99492,1.09721,2.61917,66.3063,3.50686,1.92877,0,0,0,0,0,0,0,0,0,0,0,0,0,0
TIC 65416950,G3V,6.962,5669,1.81184,1.01,3.05464,46.2807,HD  17134,12780,1.74775,37.7642,1.67784,36.2536,1.91741,1.05457,2.0973,45.317,2.39676,1.31822,1.66036,35.8759,1.89743,1.04359,2.91874,63.0661,3.33549,1.83452,0,0,0,0,0,0,0,0,0,0,0,0,0,0
TIC 80144740,F9VFe-0.8CH-0.7,6.81,6160,1.32024,1.15177,2.26111,37.8327,HD  95263,53685,1.5037,39.7461,1.44355,38.1562,2.01804,1.10992,1.80444,47.6953,2.52254,1.3874,1.42851,37.7588,1.99701,1.09836,2.51118,66.3759,3.51054,1.9308,0,0,0,0,0,0,0,0,0,0,0,0,0,0
TIC 17618172,F9V,6.858,5707,1.18729,0.938817,1.34723,28.9534,HD 146946,79837,1.1607,40.0887,1.11428,38.4852,2.03543,1.11949,1.39284,48.1065,2.54429,1.39936,1.10267,38.0843,2.01423,1.10783,1.93837,66.9482,3.54081,1.94744,0,0,0,0,0,0,0,0,0,0,0,0,0,0
TIC 435254533,G1IV,6.813,5772,1.94148,1.17118,3.76934,48.4128,HD 221627,116277,1.94148,40.1026,1.86382,38.4985,2.03614,1.11987,2.32977,48.1231,2.54517,1.39984,1.8444,38.0974,2.01493,1.10821,3.24227,66.9713,3.54203,1.94812,0,0,0,0,0,0,0,0,0,0,0,0,0,0
TIC 361705042,F7V,6.78,6181,1.49185,1.20392,2.9267,42.628,HD 155423,84082,1.71076,40.1323,1.64233,38.527,2.03765,1.12071,2.05291,48.1588,2.54706,1.40088,1.62522,38.1257,2.01642,1.10903,2.85697,67.0209,3.54465,1.94956,0,0,0,0,0,0,0,0,0,0,0,0,0,0
TIC 415970660,F7V,6.76,6480.2,1.38303,1.2405,3.03889,43.4296,HD 216664,113159,1.74324,40.1395,1.67351,38.5339,2.03801,1.12091,2.09189,48.1674,2.54751,1.40113,1.65608,38.1325,2.01678,1.10923,2.91121,67.0329,3.54529,1.94991,0,0,0,0,0,0,0,0,0,0,0,0,0,0
TIC 152507325,F8/G0V,6.8,6014,1.81437,1.19,3.87971,48.9987,HD  27019,19758,1.9697,40.199,1.89091,38.591,2.04103,1.12257,2.36364,48.2387,2.55129,1.40321,1.87121,38.189,2.01977,1.11087,3.2894,67.1323,3.55054,1.9528,0,0,0,0,0,0,0,0,0,0,0,0,0,0
TIC 251109533,G2V,6.78,5765,1.51917,1.01617,2.2967,37.6789,79 Cet,12048,1.51549,40.2211,1.45487,38.6123,2.04216,1.12319,1.81858,48.2653,2.55269,1.40398,1.43971,38.2101,2.02088,1.11149,2.53086,67.1693,3.5525,1.95387,0,0,0,0,0,0,0,0,0,0,0,0,0,0
TIC 347440764,F6,6.774,6308,1.36383,1.20255,2.65327,40.4756,HD  11592,8859,1.62889,40.2437,1.56373,38.6339,2.0433,1.12382,1.95466,48.2924,2.55413,1.40477,1.54744,38.2315,2.02202,1.11211,2.72024,67.207,3.55449,1.95497,0,0,0,0,0,0,0,0,0,0,0,0,0,0
TIC 180762527,G1IV,6.829,5793,0.975552,0.963157,0.965628,24.3962,HD 166435,88945,0.982663,40.2794,0.943357,38.6682,2.04511,1.12481,1.1792,48.3353,2.55639,1.40602,0.93353,38.2654,2.02381,1.1131,1.64105,67.2666,3.55765,1.95671,0,0,0,0,0,0,0,0,0,0,0,0,0,0
TIC 358089005,F8V,6.73,6251.29,1.52991,1.23849,3.22037,44.5007,HD  66348,39418,1.79454,40.3261,1.72276,38.7131,2.04749,1.12612,2.15345,48.3913,2.55936,1.40765,1.70481,38.3098,2.02616,1.11439,2.99688,67.3446,3.56177,1.95897,0,0,0,0,0,0,0,0,0,0,0,0,0,0
TIC 157871565,K3,7.027,5063,0.76086,0.81,0.342717,14.5057,HD 110833,62145,0.585421,40.358,0.562004,38.7437,2.04911,1.12701,0.702505,48.4296,2.56138,1.40876,0.556149,38.3401,2.02776,1.11527,0.977652,67.3979,3.56459,1.96053,0,0,0,0,0,0,0,0,0,0,0,0,0,0
TIC 389121767,F5V,6.747,6600.5,1.37717,1.26747,3.24321,44.6145,101 Tau,23214,1.80089,40.3656,1.72886,38.751,2.04949,1.12722,2.16107,48.4388,2.56187,1.40903,1.71085,38.3474,2.02814,1.11548,3.00749,67.4106,3.56526,1.9609,0,0,0,0,0,0,0,0,0,0,0,0,0,0
TIC 143046056,G1V,6.81,5845,1.2766,0.983037,1.71372,32.4237,HD  97037,54582,1.30909,40.3745,1.25673,38.7595,2.04994,1.12747,1.57091,48.4494,2.56243,1.40934,1.24364,38.3558,2.02859,1.11573,2.18618,67.4255,3.56605,1.96133,0,0,0,0,0,0,0,0,0,0,0,0,0,0
GAIA DR3 811174736439695232,F3Vs,6.73,6537.03,1.57428,1.34879,4.07737,49.9332,HD  80441A,,2.01925,40.4391,1.93848,38.8215,2.05322,1.12927,2.4231,48.5269,2.56653,1.41159,1.91829,38.4171,2.03183,1.11751,3.37215,67.5333,3.57175,1.96446,0,0,0,0,0,0,0,0,0,0,0,0,0,0
TIC 157272202,G1Va,6.813,5789,1.01093,0.989855,1.03407,25.1454,HD 115043,64532,1.01689,40.4405,0.976216,38.8229,2.05329,1.12931,1.22027,48.5286,2.56662,1.41164,0.966047,38.4185,2.0319,1.11755,1.69821,67.5356,3.57187,1.96453,0,0,0,0,0,0,0,0,0,0,0,0,0,0
TIC 38125059,G0/1V,6.85,6140,1.65092,1.15637,3.48995,46.1942,HD  78643,44874,1.86814,40.441,1.79341,38.8234,2.05332,1.12933,2.24177,48.5292,2.56665,1.41166,1.77473,38.419,2.03193,1.11756,3.11979,67.5365,3.57192,1.96456,0,0,0,0,0,0,0,0,0,0,0,0,0,0
TIC 272783172,F5,6.75,6254.8,1.60381,1.26609,3.54694,46.5686,HD 143105,77838,1.88333,40.4421,1.808,38.8244,2.05338,1.12936,2.26,48.5305,2.56672,1.4117,1.78917,38.42,2.03199,1.11759,3.14516,67.5383,3.57202,1.96461,0,0,0,0,0,0,0,0,0,0,0,0,0,0
TIC 212533989,F5V,6.74,6568.6,1.33455,1.26268,2.98715,42.7044,HD 194040,100570,1.72834,40.4721,1.6592,38.8532,2.0549,1.13019,2.074,48.5665,2.56862,1.41274,1.64192,38.4485,2.03349,1.11842,2.88632,67.5884,3.57467,1.96607,0,0,0,0,0,0,0,0,0,0,0,0,0,0
TIC 129887847,K2V,6.996,5184,0.803488,0.805178,0.420062,16.1672,HD  23484,17439,0.648122,40.0886,0.622197,38.4851,2.03543,1.11949,0.777746,48.1063,2.54429,1.39936,0.615716,38.0842,2.01423,1.10782,1.08236,66.948,3.5408,1.94744,0,0,0,0,0,0,0,0,0,0,0,0,0,0
TIC 155950028,G0V,6.82,5998,1.34649,1.11,2.11411,36.2999,HD   2070,1955,1.454,40.0552,1.39584,38.453,2.03373,1.11855,1.7448,48.0662,2.54216,1.39819,1.3813,38.0524,2.01254,1.1069,2.42818,66.8921,3.53784,1.94581,0,0,0,0,0,0,0,0,0,0,0,0,0,0
TIC 323122607,G0,6.87,5629,1.63779,1,2.42625,38.8932,HD 204426,105557,1.55764,40.0492,1.49534,38.4473,2.03343,1.11839,1.86917,48.0591,2.54179,1.39798,1.47976,38.0468,2.01225,1.10674,2.60126,66.8822,3.53732,1.94553,0,0,0,0,0,0,0,0,0,0,0,0,0,0
TIC 262874982,F7V,6.79,6380.3,1.59822,1.28918,3.81358,48.9378,HD  22166,16370,1.95284,39.9045,1.87473,38.3083,2.02608,1.11434,2.34341,47.8854,2.5326,1.39293,1.8552,37.9093,2.00497,1.10274,3.26124,66.6405,3.52453,1.93849,0,0,0,0,0,0,0,0,0,0,0,0,0,0
TIC 153289168,G4V,6.839,5753,0.976287,0.936089,0.940648,24.3848,HD  42618,29432,0.96987,39.7735,0.931075,38.1826,2.01943,1.11069,1.16384,47.7282,2.52429,1.38836,0.921376,37.7848,1.99839,1.09912,1.61968,66.4218,3.51297,1.93213,0,0,0,0,0,0,0,0,0,0,0,0,0,0
TIC 308569032,G2V,6.79,6265,1.24463,1.17,2.1501,36.86,HD  32092,23395,1.46632,39.7808,1.40767,38.1896,2.0198,1.11089,1.75959,47.737,2.52475,1.38861,1.393,37.7918,1.99876,1.09932,2.44876,66.4339,3.51361,1.93248,0,0,0,0,0,0,0,0,0,0,0,0,0,0
TIC 422653075,F9V,6.023,6141,1.40404,1.36,2.52586,39.8883,HD  11803,8998,1.58929,39.8436,1.52572,38.2499,2.02299,1.11264,1.90715,47.8123,2.52873,1.3908,1.50983,37.8514,2.00192,1.10105,2.65412,66.5388,3.51916,1.93554,0,0,0,0,0,0,0,0,0,0,0,0,0,0
TIC 334791971,F8V,6.82,6089,1.51886,1.11553,2.85704,42.4174,HD 106869,59926,1.69028,39.8487,1.62267,38.2547,2.02325,1.11279,2.02833,47.8184,2.52906,1.39098,1.60576,37.8563,2.00217,1.10119,2.82276,66.5473,3.51961,1.93578,0,0,0,0,0,0,0,0,0,0,0,0,0,0
TIC 264595454,G0,8.54,6003,1.61304,1.21,3.04409,43.7637,HD  56515,35310,1.74473,39.8671,1.67494,38.2724,2.02418,1.1133,2.09368,47.8406,2.53023,1.39163,1.6575,37.8738,2.0031,1.1017,2.9137,66.5781,3.52123,1.93668,0,0,0,0,0,0,0,0,0,0,0,0,0,0
TIC 146077130,F5V,6.76,6584.7,1.39585,1.30787,3.30003,45.5534,HD 136187,75122,1.8166,39.8785,1.74393,38.2833,2.02476,1.11362,2.17992,47.8541,2.53095,1.39202,1.72577,37.8845,2.00367,1.10202,3.03372,66.597,3.52223,1.93723,0,0,0,0,0,0,0,0,0,0,0,0,0,0
TIC 126275754,G1V,6.738,5665,2.02969,1.2,3.82254,49.0196,HD  76095,43766,1.95513,39.8847,1.87693,38.2893,2.02507,1.11379,2.34616,47.8616,2.53134,1.39224,1.85737,37.8904,2.00398,1.10219,3.26507,66.6074,3.52278,1.93753,0,0,0,0,0,0,0,0,0,0,0,0,0,0
TIC 258343679,F5V,6.794,6244,1.63892,1.28025,3.6784,48.0505,HD 165281,88471,1.91792,39.9146,1.8412,38.318,2.02659,1.11463,2.3015,47.8976,2.53324,1.39328,1.82202,37.9189,2.00548,1.10302,3.20292,66.6574,3.52543,1.93899,0,0,0,0,0,0,0,0,0,0,0,0,0,0
TIC 262457542,G6IV,6.854,5618,1.13275,1,1.15158,26.7989,HD 134606,74653,1.07311,40.0433,1.03019,38.4415,2.03313,1.11822,1.28774,48.0519,2.54141,1.39777,1.01946,38.0411,2.01195,1.10657,1.7921,66.8723,3.53679,1.94524,0,0,0,0,0,0,0,0,0,0,0,0,0,0
TIC 373071009,G8V,6.88,5539,0.903353,0.87512,0.692047,20.8317,HD 184385,96183,0.831893,39.934,0.798618,38.3367,2.02758,1.11517,0.998272,47.9208,2.53447,1.39396,0.790299,37.9373,2.00646,1.10355,1.38926,66.6898,3.52714,1.93993,0,0,0,0,0,0,0,0,0,0,0,0,0,0
TIC 155401087,F5,6.81,6208.6,1.56572,1.24871,3.28171,45.3127,HD  28620,21167,1.81155,39.9788,1.73909,38.3797,2.02985,1.11642,2.17386,47.9746,2.53732,1.39552,1.72097,37.9799,2.00871,1.10479,3.02529,66.7646,3.5311,1.9421,0,0,0,0,0,0,0,0,0,0,0,0,0,0
TIC 89115385,F6V,6.77,6488.5,1.32461,1.2149,2.80186,41.8644,HD  23148,17276,1.67388,39.9833,1.60692,38.3839,2.03008,1.11654,2.00865,47.9799,2.5376,1.39568,1.59018,37.9841,2.00893,1.10491,2.79537,66.7721,3.53149,1.94232,0,0,0,0,0,0,0,0,0,0,0,0,0,0
TIC 390410291,G0,6.808,6068,1.08419,1.04994,1.43579,29.9631,HD  17591,13394,1.19825,39.9907,1.15032,38.391,2.03045,1.11675,1.43789,47.9888,2.53807,1.39594,1.13833,37.9911,2.0093,1.10512,2.00107,66.7844,3.53214,1.94268,0,0,0,0,0,0,0,0,0,0,0,0,0,0
TIC 376986714,F8V,6.8,6081,1.70421,1.16576,3.578,47.2977,HD  35877,23824,1.89156,39.9926,1.8159,38.3929,2.03056,1.11681,2.26987,47.9912,2.53819,1.39601,1.79698,37.993,2.0094,1.10517,3.1589,66.7877,3.53232,1.94278,0,0,0,0,0,0,0,0,0,0,0,0,0,0
TIC 144068704,G0/1V,6.8,5970,1.52929,1.07412,2.67652,40.8985,HD 213240,111143,1.63601,40.0016,1.57057,38.4016,2.03101,1.11706,1.96321,48.002,2.53876,1.39632,1.55421,38.0015,2.00985,1.10542,2.73213,66.8027,3.53311,1.94321,0,0,0,0,0,0,0,0,0,0,0,0,0,0
TIC 160004049,K0V,6.903,5195,0.873523,0.831084,0.500709,17.6779,HD  21175,15799,0.707608,40.0278,0.679304,38.4266,2.03234,1.11779,0.84913,48.0333,2.54042,1.39723,0.672228,38.0264,2.01117,1.10614,1.18171,66.8464,3.53542,1.94448,0,0,0,0,0,0,0,0,0,0,0,0,0,0
TIC 206361964,G2V,6.88,5853,1.57544,1.0545,2.6243,41.5035,HD 223171,117320,1.61997,39.0321,1.55517,37.4708,1.98178,1.08998,1.94396,46.8385,2.47723,1.36248,1.53897,37.0805,1.96114,1.07863,2.70535,65.1836,3.44748,1.89611,0,0,0,0,0,0,0,0,0,0,0,0,0,0
TIC 140492866,F8V,6.855,6069,1.6795,1.1562,3.44765,47.6089,HD   8581,6551,1.85678,39.0008,1.78251,37.4408,1.9802,1.08911,2.22814,46.801,2.47525,1.36139,1.76395,37.0508,1.95957,1.07776,3.10083,65.1314,3.44472,1.89459,0,0,0,0,0,0,0,0,0,0,0,0,0,0
TIC 88984406,F9V,6.83,6169,1.37201,1.16799,2.45623,40.1934,HD 167954,89808,1.56723,38.9924,1.50455,37.4327,1.97977,1.08887,1.88068,46.7908,2.47471,1.36109,1.48887,37.0428,1.95915,1.07753,2.61728,65.1173,3.44397,1.89418,0,0,0,0,0,0,0,0,0,0,0,0,0,0
GAIA DR3 3460420279549683712,F7V,6.46,5964,2.20833,1.36065,5.55868,49.8808,HD 103437,58057,2.35769,47.2664,2.26338,45.3757,2.39986,1.31993,2.82922,56.7196,2.99983,1.64991,2.2398,44.903,2.37487,1.30618,3.93733,78.9348,4.17476,2.29612,0,0,0,0,0,0,0,0,0,0,0,0,0,0
TIC 18032286,G0VmF2,6.96,6003,1.02795,1.12594,1.23626,29.2248,HD 208906,108490,1.11187,38.0456,1.0674,36.5238,1.9317,1.06243,1.33425,45.6547,2.41462,1.32804,1.05628,36.1433,1.91157,1.05137,1.85683,63.5361,3.36035,1.84819,0,0,0,0,0,0,0,0,0,0,0,0,0,0
TIC 371148289,G0,6.96,5838,1.0126,0.975798,1.07306,27.2174,HD  56124,35265,1.03589,38.0596,0.99445,36.5372,1.93241,1.06283,1.24306,45.6716,2.41551,1.32853,0.984091,36.1567,1.91228,1.05175,1.72993,63.5596,3.36159,1.84887,0,0,0,0,0,0,0,0,0,0,0,0,0,0
TIC 157921708,F9.5V,6.92,5998,1.16358,1.03479,1.57875,33.0084,HD 157338,85158,1.25648,38.0655,1.20622,36.5429,1.93271,1.06299,1.50778,45.6787,2.41589,1.32874,1.19366,36.1623,1.91258,1.05192,2.09833,63.5695,3.36211,1.84916,0,0,0,0,0,0,0,0,0,0,0,0,0,0
TIC 408261976,F5,6.88,6261.7,1.12813,1.16965,1.76271,34.8151,HD   7193,5631,1.32767,38.1348,1.27456,36.6094,1.93623,1.06493,1.5932,45.7618,2.42028,1.33116,1.26129,36.2281,1.91606,1.05383,2.21721,63.6852,3.36823,1.85253,0,0,0,0,0,0,0,0,0,0,0,0,0,0
TIC 354670806,G5V,6.97,5512,0.8704,0.89,0.630042,20.7958,HD 203244,105712,0.793752,38.1688,0.762002,36.6421,1.93796,1.06588,0.952502,45.8026,2.42244,1.33234,0.754064,36.2604,1.91777,1.05477,1.32557,63.742,3.37123,1.85418,0,0,0,0,0,0,0,0,0,0,0,0,0,0
TIC 117643553,G8V,7,5469.48,1.78487,1.04505,2.56859,41.9839,HD   3460,2944,1.60268,38.1737,1.53857,36.6468,1.9382,1.06601,1.92322,45.8085,2.42275,1.33251,1.52255,36.265,1.91801,1.05491,2.67648,63.7501,3.37167,1.85442,0,0,0,0,0,0,0,0,0,0,0,0,0,0
TIC 392311734,F5,6.884,6317,1.36236,1.21203,2.66268,42.7456,HD  22399,17118,1.63177,38.174,1.5665,36.647,1.93822,1.06602,1.95813,45.8088,2.42277,1.33252,1.55018,36.2653,1.91803,1.05491,2.72506,63.7506,3.37169,1.85443,0,0,0,0,0,0,0,0,0,0,0,0,0,0
TIC 290058172,F8.5V,6.92,6089,1.15493,1.06682,1.65192,33.6685,HD 119638,67069,1.28527,38.1742,1.23386,36.6472,1.93823,1.06602,1.54232,45.809,2.42278,1.33253,1.22101,36.2655,1.91804,1.05492,2.1464,63.7509,3.37171,1.85444,0,0,0,0,0,0,0,0,0,0,0,0,0,0
TIC 34269291,G1/2V,6.88,6042,1.56268,1.11545,2.93197,44.8541,HD  26040,19206,1.7123,38.1748,1.64381,36.6478,1.93826,1.06604,2.05476,45.8098,2.42282,1.33255,1.62668,36.2661,1.91807,1.05494,2.85954,63.7519,3.37176,1.85447,0,0,0,0,0,0,0,0,0,0,0,0,0,0
TIC 262809788,F9VFe-0.5,6.921,6054,1.26909,1.10236,1.94916,36.5473,HD   9670,7357,1.39612,38.2005,1.34028,36.6724,1.93956,1.06676,1.67535,45.8405,2.42445,1.33345,1.32632,36.2904,1.91936,1.05565,2.33152,63.7948,3.37403,1.85571,0,0,0,0,0,0,0,0,0,0,0,0,0,0
TIC 455819325,G8V,6.985,5524,0.982523,0.869492,0.809832,23.5349,HD 218868,114456,0.899907,38.2372,0.86391,36.7077,1.94142,1.06778,1.07989,45.8846,2.42678,1.33473,0.854911,36.3253,1.9212,1.05666,1.50284,63.8561,3.37727,1.8575,0,0,0,0,0,0,0,0,0,0,0,0,0,0
TIC 407029356,F5,6.898,6222.8,1.17718,1.14222,1.87207,35.745,HD 206913,107191,1.36824,38.2777,1.31351,36.7466,1.94348,1.06892,1.64189,45.9333,2.42936,1.33615,1.29983,36.3639,1.92324,1.05778,2.28496,63.9238,3.38085,1.85947,0,0,0,0,0,0,0,0,0,0,0,0,0,0
TIC 147932300,F3V,6.86,6608.6,1.36532,1.29163,3.20331,46.7229,HD 135549,74782,1.78978,38.3063,1.71819,36.774,1.94493,1.06971,2.14774,45.9675,2.43117,1.33714,1.70029,36.3909,1.92467,1.05857,2.98893,63.9715,3.38337,1.86085,0,0,0,0,0,0,0,0,0,0,0,0,0,0
TIC 149176305,G5V,6.983,5487,0.82569,0.858481,0.556761,19.478,HD  36435,25544,0.746164,38.308,0.716318,36.7757,1.94502,1.06976,0.895397,45.9696,2.43128,1.3372,0.708856,36.3926,1.92476,1.05862,1.24609,63.9744,3.38353,1.86094,0,0,0,0,0,0,0,0,0,0,0,0,0,0
TIC 32268776,K1V,7.096,4867,1.40205,0.97,0.993725,26.014,HD   9770,7372,0.996858,38.32,0.956983,36.7872,1.94563,1.0701,1.19623,45.9841,2.43204,1.33762,0.947015,36.404,1.92536,1.05895,1.66475,63.9945,3.38459,1.86152,0,0,0,0,0,0,0,0,0,0,0,0,0,0
TIC 259386353,F5,6.898,6255,0.972874,1.1306,1.30532,29.8113,HD  17922,13528,1.14251,38.3246,1.09681,36.7916,1.94586,1.07022,1.37101,45.9895,2.43233,1.33778,1.08538,36.4084,1.92559,1.05908,1.90799,64.0021,3.38499,1.86175,0,0,0,0,0,0,0,0,0,0,0,0,0,0
TIC 198384408,G5,6.987,5470.2,1.19878,0.96,1.15928,28.0937,HD 155902,84062,1.0767,38.3253,1.03363,36.7923,1.9459,1.07024,1.29204,45.9904,2.43237,1.33781,1.02286,36.4091,1.92563,1.0591,1.79809,64.0033,3.38505,1.86178,0,0,0,0,0,0,0,0,0,0,0,0,0,0
TIC 172533278,G9V(k),7.001,5315,0.810246,0.868368,0.472,18.0636,HD  82443,46843,0.687022,38.0335,0.659541,36.5122,1.93108,1.0621,0.824427,45.6402,2.41385,1.32762,0.652671,36.1318,1.91097,1.05103,1.14733,63.5159,3.35928,1.8476,0,0,0,0,0,0,0,0,0,0,0,0,0,0
TIC 138295548,F7V,6.904,6228,1.33165,1.1657,2.40363,40.8016,HD 136580,75039,1.55036,37.9976,1.48835,36.4777,1.92926,1.06109,1.86044,45.5971,2.41158,1.32637,1.47284,36.0977,1.90916,1.05004,2.58911,63.456,3.35611,1.84586,0,0,0,0,0,0,0,0,0,0,0,0,0,0
TIC 358071115,F6/7V,6.9,6345.1,1.43344,1.22544,3.00058,45.5951,HD  20335,14739,1.73222,37.9913,1.66293,36.4716,1.92894,1.06092,2.07866,45.5896,2.41118,1.32615,1.64561,36.0917,1.90885,1.04987,2.8928,63.4455,3.35555,1.84555,0,0,0,0,0,0,0,0,0,0,0,0,0,0
TIC 418027000,G2V,7.023,5940,1.3752,1.03823,2.12114,38.4667,HD 133161,73593,1.45641,37.8617,1.39816,36.3472,1.92236,1.0573,1.7477,45.434,2.40295,1.32162,1.38359,35.9686,1.90234,1.04628,2.43221,63.229,3.34411,1.83926,0,0,0,0,0,0,0,0,0,0,0,0,0,0
TIC 258678247,F8,6.908,6503.6,1.34567,1.22366,2.9187,45.2373,HD   4132,3509,1.70842,37.7657,1.64008,36.2551,1.91749,1.05462,2.0501,45.3189,2.39686,1.31827,1.623,35.8774,1.89751,1.04363,2.85306,63.0688,3.33563,1.8346,0,0,0,0,0,0,0,0,0,0,0,0,0,0
TIC 411629521,G2V,6.966,5734,0.997071,0.95675,0.968227,26.0486,HD   8262,6405,0.983985,37.775,0.944626,36.264,1.91796,1.05488,1.18078,45.3301,2.39745,1.3186,0.934786,35.8863,1.89798,1.04389,1.64326,63.0843,3.33645,1.83505,0,0,0,0,0,0,0,0,0,0,0,0,0,0
TIC 259512080,F6/7V,6.91,6388.4,1.29836,1.18427,2.5296,42.1007,HD  30292,22006,1.59047,37.7778,1.52685,36.2667,1.9181,1.05495,1.90857,45.3333,2.39762,1.31869,1.51095,35.8889,1.89812,1.04397,2.65609,63.0889,3.33669,1.83518,0,0,0,0,0,0,0,0,0,0,0,0,0,0
TIC 1683329526,G2Ve:,6.88,6042.62,1.17527,1.08634,1.6591,34.0578,HD 171746A,,1.28806,37.8198,1.23654,36.307,1.92023,1.05613,1.54567,45.3838,2.40029,1.32016,1.22366,35.9288,1.90023,1.04513,2.15106,63.1591,3.34041,1.83722,0,0,0,0,0,0,0,0,0,0,0,0,0,0
TIC 365294034,G0V,6.926,6083,1.06363,1.0776,1.39555,31.2339,HD  19019,14258,1.18134,37.8222,1.13408,36.3093,1.92035,1.05619,1.4176,45.3866,2.40044,1.32024,1.12227,35.9311,1.90035,1.04519,1.97283,63.163,3.34061,1.83734,0,0,0,0,0,0,0,0,0,0,0,0,0,0
TIC 327307686,F8VgF8mF6,7.01,5798,1.4839,1.04,2.24192,39.5525,HD 157089,84905,1.4973,37.8561,1.43741,36.3419,1.92208,1.05714,1.79676,45.4274,2.4026,1.32143,1.42244,35.9633,1.90206,1.04613,2.5005,63.2197,3.34361,1.83899,0,0,0,0,0,0,0,0,0,0,0,0,0,0
TIC 333606239,G5V,6.972,5684,0.874819,0.967233,0.719693,22.4092,HD   4915,3979,0.848347,37.8571,0.814414,36.3428,1.92213,1.05717,1.01802,45.4285,2.40266,1.32146,0.80593,35.9642,1.9021,1.04616,1.41674,63.2214,3.3437,1.83903,0,0,0,0,0,0,0,0,0,0,0,0,0,0
TIC 39543054,F7V,6.984,5491,1.00656,0.873925,0.829814,24.0575,HD  40397,28267,0.910941,37.8652,0.874504,36.3506,1.92254,1.0574,1.09313,45.4382,2.40317,1.32174,0.865394,35.9719,1.90251,1.04638,1.52127,63.2349,3.34441,1.83943,0,0,0,0,0,0,0,0,0,0,0,0,0,0
TIC 284359245,K0,7.027,5415,0.871687,0.910217,0.588585,20.2074,HD 180161,94346,0.767193,37.9659,0.736505,36.4473,1.92765,1.06021,0.920632,45.5591,2.40956,1.32526,0.728833,36.0676,1.90757,1.04916,1.28121,63.4031,3.35331,1.84432,0,0,0,0,0,0,0,0,0,0,0,0,0,0
TIC 80512849,F7V,6.87,6523,1.36271,1.26707,3.02895,45.9617,HD   6093,4868,1.74039,37.8661,1.67077,36.3514,1.92258,1.05742,2.08847,45.4393,2.40323,1.32178,1.65337,35.9728,1.90256,1.04641,2.90645,63.2363,3.34449,1.83947,0,0,0,0,0,0,0,0,0,0,0,0,0,0
TIC 165764315,F6IV-V,6.917,6401,1.3552,1.20627,2.77773,44.0016,HD 138367,75783,1.66665,37.8771,1.59999,36.362,1.92314,1.05773,1.99998,45.4525,2.40393,1.32216,1.58332,35.9832,1.90311,1.04671,2.78331,63.2547,3.34546,1.84,0,0,0,0,0,0,0,0,0,0,0,0,0,0
TIC 205253565,F9V,6.92,6038,1.06553,1.03138,1.35957,30.7607,HD 180409,94757,1.16601,37.9057,1.11937,36.3895,1.92459,1.05853,1.39921,45.4869,2.40574,1.32316,1.10771,36.0104,1.90455,1.0475,1.94723,63.3025,3.34799,1.8414,0,0,0,0,0,0,0,0,0,0,0,0,0,0
TIC 207468713,G1,6.953,5925.7,1.58266,1.09669,2.78246,43.9884,HD 148329,80364,1.66807,37.9207,1.60135,36.4039,1.92536,1.05895,2.00168,45.5048,2.40669,1.32368,1.58467,36.0247,1.9053,1.04792,2.78568,63.3276,3.34932,1.84212,0,0,0,0,0,0,0,0,0,0,0,0,0,0
TIC 18583347,G2V,6.959,5721,1.21895,0.946245,1.43401,31.5584,HD  30455,22349,1.1975,37.9456,1.1496,36.4278,1.92662,1.05964,1.437,45.5347,2.40828,1.32455,1.13763,36.0483,1.90655,1.0486,1.99983,63.3692,3.35152,1.84333,0,0,0,0,0,0,0,0,0,0,0,0,0,0
TIC 155230105,F5,6.9,6307.1,1.46923,1.22897,3.07746,46.2145,HD  83525,47436,1.75427,37.9593,1.6841,36.4409,1.92731,1.06002,2.10512,45.5511,2.40914,1.32503,1.66655,36.0613,1.90724,1.04898,2.92963,63.392,3.35272,1.844,0,0,0,0,0,0,0,0,0,0,0,0,0,0
TIC 139770629,K1V,7.157,5035,0.738881,0.767107,0.316113,14.8097,HD 205390,106696,0.562239,37.9641,0.53975,36.4456,1.92756,1.06016,0.674687,45.557,2.40945,1.3252,0.534127,36.0659,1.90748,1.04912,0.938939,63.4001,3.35315,1.84423,0,0,0,0,0,0,0,0,0,0,0,0,0,0
TIC 175193677,F6V,6.894,6103,1.20703,1.08436,1.82099,35.1976,HD  73344,42403,1.34944,38.339,1.29546,36.8054,1.94659,1.07063,1.61933,46.0068,2.43324,1.33828,1.28197,36.422,1.92632,1.05947,2.25356,64.0261,3.38626,1.86244,0,0,0,0,0,0,0,0,0,0,0,0,0,0
TIC 269885278,G6V,6.96,5602,0.883203,0.99,0.692132,21.6991,HD 197214,102264,0.831944,38.3401,0.798667,36.8065,1.94665,1.07066,0.998333,46.0081,2.43331,1.33832,0.790347,36.4231,1.92637,1.0595,1.38935,64.0279,3.38636,1.8625,0,0,0,0,0,0,0,0,0,0,0,0,0,0
TIC 21704463,G6,6.974,5667,1.46728,0.980416,2.00047,36.8729,HD 183650,95821,1.41438,38.3582,1.3578,36.8238,1.94757,1.07116,1.69725,46.0298,2.43446,1.33895,1.34366,36.4403,1.92728,1.06,2.36201,64.0581,3.38796,1.86338,0,0,0,0,0,0,0,0,0,0,0,0,0,0
TIC 351233996,F3IV,6.82,6597,1.45234,1.32145,3.59928,48.8088,HD 188769,98533,1.89718,38.8696,1.82129,37.3148,1.97353,1.08544,2.27661,46.6435,2.46692,1.3568,1.80232,36.9261,1.95298,1.07414,3.16828,64.9122,3.43313,1.88822,0,0,0,0,0,0,0,0,0,0,0,0,0,0
TIC 159019691,G9V,7.012,5367,0.983073,0.92,0.722425,21.9698,HD 164922,88348,0.849956,38.6875,0.815958,37.14,1.96429,1.08036,1.01995,46.425,2.45536,1.35045,0.807458,36.7531,1.94383,1.06911,1.41943,64.6082,3.41705,1.87938,0,0,0,0,0,0,0,0,0,0,0,0,0,0
TIC 287609748,G1.5V,6.94,5715,0.986498,0.924295,0.935303,24.9953,HD 114853,64550,0.96711,38.6917,0.928426,37.1441,1.9645,1.08048,1.16053,46.4301,2.45563,1.3506,0.918755,36.7571,1.94404,1.06922,1.61507,64.6152,3.41742,1.87958,0,0,0,0,0,0,0,0,0,0,0,0,0,0
TIC 165186583,F3V,6.83,6573.8,1.40853,1.27865,3.33806,47.2195,HD  42190,28987,1.82704,38.6924,1.75395,37.1447,1.96454,1.0805,2.19244,46.4309,2.45567,1.35062,1.73568,36.7578,1.94407,1.06924,3.05115,64.6163,3.41748,1.87961,0,0,0,0,0,0,0,0,0,0,0,0,0,0
TIC 286377115,F8V,6.884,6008,1.06363,1.08457,1.32798,29.7666,HD 157466,85007,1.15238,38.7138,1.10629,37.1653,1.96563,1.08109,1.38286,46.4566,2.45703,1.35137,1.09476,36.7782,1.94515,1.06983,1.92448,64.6521,3.41937,1.88065,0,0,0,0,0,0,0,0,0,0,0,0,0,0
TIC 348901198,F8V,6.86,6217,1.55915,1.15255,3.27188,46.6894,HD  85883,48592,1.80883,38.7418,1.73648,37.1921,1.96705,1.08188,2.1706,46.4902,2.45881,1.35234,1.71839,36.8047,1.94656,1.07061,3.02075,64.6988,3.42184,1.88201,0,0,0,0,0,0,0,0,0,0,0,0,0,0
TIC 520725468,F5V,6.71,4999.04,1.24645,0.828453,0.874165,24.0854,iot Leo B,,0.934968,38.8189,0.897569,37.2661,1.97096,1.08403,1.12196,46.5826,2.4637,1.35503,0.888219,36.8779,1.95043,1.07274,1.5614,64.8275,3.42865,1.88576,0,0,0,0,0,0,0,0,0,0,0,0,0,0
TIC 437389783,F3V,6.82,6670.5,1.31519,1.29332,3.08534,45.1929,HD 141465,77534,1.75651,38.8671,1.68625,37.3124,1.97341,1.08537,2.10782,46.6405,2.46676,1.35672,1.66869,36.9237,1.95285,1.07407,2.93338,64.908,3.4329,1.8881,0,0,0,0,0,0,0,0,0,0,0,0,0,0
TIC 17038893,G9V,7.083,5069,1.1022,0.86,0.722617,21.8681,HD 195987,101382,0.850069,38.8726,0.816066,37.3177,1.97369,1.08553,1.02008,46.6471,2.46711,1.35691,0.807566,36.9289,1.95313,1.07422,1.41962,64.9172,3.43339,1.88836,0,0,0,0,0,0,0,0,0,0,0,0,0,0
TIC 315311759,K5-V,7.54,4375,0.922918,0.684021,0.281147,13.7137,HD  99279A,55691,0.530233,38.6645,0.509023,37.1179,1.96312,1.07972,0.636279,46.3973,2.4539,1.34964,0.503721,36.7312,1.94267,1.06847,0.885489,64.5696,3.41501,1.87825,0,0,0,0,0,0,0,0,0,0,0,0,0,0
TIC 277895096,G1V,6.885,6093,1.07271,1.04826,1.42885,30.7183,HD  90905,51386,1.19535,38.9131,1.14753,37.3566,1.97574,1.08666,1.43441,46.6957,2.46968,1.35832,1.13558,36.9675,1.95516,1.07534,1.99623,64.9849,3.43697,1.89033,0,0,0,0,0,0,0,0,0,0,0,0,0,0
TIC 55857787,K0V,6.963,5443,0.843044,0.902815,0.562015,19.2568,HD   9540,7235,0.749677,38.9305,0.71969,37.3733,1.97663,1.08715,0.899612,46.7167,2.47079,1.35893,0.712193,36.984,1.95604,1.07582,1.25196,65.014,3.43851,1.89118,0,0,0,0,0,0,0,0,0,0,0,0,0,0
TIC 193032655,G5V,6.92,5622,0.900186,0.927213,0.729328,21.9363,HD  90156,50921,0.854007,38.9312,0.819847,37.3739,1.97666,1.08716,1.02481,46.7174,2.47082,1.35895,0.811307,36.9846,1.95607,1.07584,1.42619,65.015,3.43856,1.89121,0,0,0,0,0,0,0,0,0,0,0,0,0,0
TIC 301329955,G1V,6.89,5901,1.35118,1.0053,1.99444,36.2721,12 Psc,115951,1.41225,38.9348,1.35576,37.3774,1.97685,1.08727,1.6947,46.7218,2.47106,1.35908,1.34163,36.9881,1.95625,1.07594,2.35845,65.0212,3.43889,1.89139,0,0,0,0,0,0,0,0,0,0,0,0,0,0
TIC 23582373,F7V,6.85,6199.1,1.36683,1.17384,2.48564,40.4857,HD  98220,55165,1.57659,38.9419,1.51353,37.3843,1.97721,1.08746,1.89191,46.7303,2.47151,1.35933,1.49776,36.9948,1.95661,1.07614,2.63291,65.033,3.43952,1.89173,0,0,0,0,0,0,0,0,0,0,0,0,0,0
TIC 210171104,G1V,6.876,5753,1.47023,0.998543,2.13326,37.4925,HD 195019,100970,1.46057,38.9563,1.40214,37.398,1.97794,1.08786,1.75268,46.7475,2.47242,1.35983,1.38754,37.0085,1.95733,1.07653,2.43915,65.057,3.44078,1.89243,0,0,0,0,0,0,0,0,0,0,0,0,0,0
TIC 76922247,G0+V,6.89,5901,1.43514,1.07,2.25003,38.4978,HD 164427,88531,1.50001,38.9635,1.44001,37.4049,1.9783,1.08807,1.80001,46.7562,2.47288,1.36008,1.42501,37.0153,1.95769,1.07673,2.50502,65.069,3.44142,1.89278,0,0,0,0,0,0,0,0,0,0,0,0,0,0
TIC 190856325,G0V,6.87,6011,1.40059,1.03489,2.30731,39.2807,HD  76668,43880,1.51898,38.6699,1.45822,37.1231,1.9634,1.07987,1.82278,46.4039,2.45425,1.34984,1.44303,36.7364,1.94295,1.06862,2.5367,64.5788,3.41549,1.87852,0,0,0,0,0,0,0,0,0,0,0,0,0,0
TIC 66409287,K2.5Vk:,7.171,4982,0.723209,0.758169,0.290294,13.9374,HD   5133,4148,0.538789,38.6578,0.517237,37.1115,1.96278,1.07953,0.646547,46.3894,2.45348,1.34941,0.51185,36.725,1.94234,1.06829,0.899778,64.5586,3.41442,1.87793,0,0,0,0,0,0,0,0,0,0,0,0,0,0
TIC 67517270,F5,6.878,6291.4,1.45471,1.22665,2.987,45.056,HD  11907,9151,1.7283,38.3589,1.65916,36.8245,1.9476,1.07118,2.07395,46.0306,2.4345,1.33898,1.64188,36.4409,1.92732,1.06002,2.88625,64.0593,3.38802,1.86341,0,0,0,0,0,0,0,0,0,0,0,0,0,0
TIC 283792891,G8V,6.92,5636,0.890134,0.942035,0.72026,22.0542,HD  26913,19855,0.848681,38.4816,0.814734,36.9423,1.95384,1.07461,1.01842,46.1779,2.44229,1.34326,0.806247,36.5575,1.93348,1.06342,1.4173,64.2643,3.39886,1.86937,0,0,0,0,0,0,0,0,0,0,0,0,0,0
TIC 393713800,G9V,7.068,5215,0.77939,0.861258,0.404783,16.5792,HD 116442,65352,0.636226,38.3749,0.610776,36.8399,1.94841,1.07163,0.763471,46.0498,2.43552,1.33954,0.604414,36.4561,1.92812,1.06047,1.0625,64.086,3.38943,1.86419,0,0,0,0,0,0,0,0,0,0,0,0,0,0
TIC 250975235,G5V,6.95,5669,1.48138,0.982822,2.04199,37.2006,HD 213575,111274,1.42898,38.4128,1.37182,36.8763,1.95034,1.07269,1.71478,46.0954,2.43793,1.34086,1.35753,36.4922,1.93003,1.06151,2.3864,64.1494,3.39278,1.86603,0,0,0,0,0,0,0,0,0,0,0,0,0,0
TIC 206828302,K2V,7.124,5066,0.739087,0.827596,0.32415,14.821,HD 144628,79190,0.569342,38.4146,0.546568,36.878,1.95043,1.07274,0.68321,46.0975,2.43804,1.34092,0.540875,36.4938,1.93011,1.06156,0.950801,64.1523,3.39294,1.86612,0,0,0,0,0,0,0,0,0,0,0,0,0,0
TIC 467753728,G0,6.88,6103,1.40366,1.15789,2.46258,40.8353,HD  26161,19428,1.56926,38.4291,1.50649,36.8919,1.95117,1.07314,1.88311,46.1149,2.43896,1.34143,1.4908,36.5076,1.93084,1.06196,2.62067,64.1765,3.39422,1.86682,0,0,0,0,0,0,0,0,0,0,0,0,0,0
TIC 119340944,F5V,6.84,6637.3,1.39148,1.29275,3.38542,47.8747,HD 168849,90282,1.83995,38.4326,1.76635,36.8953,1.95135,1.07324,2.20794,46.1191,2.43918,1.34155,1.74795,36.511,1.93102,1.06206,3.07272,64.1825,3.39453,1.86699,0,0,0,0,0,0,0,0,0,0,0,0,0,0
TIC 39048880,F6VFe-0.4,6.85,6473,1.1781,1.21566,2.19523,38.5295,HD   5028,3961,1.48163,38.4544,1.42236,36.9163,1.95246,1.07385,1.77796,46.1453,2.44057,1.34231,1.40755,36.5317,1.93212,1.06266,2.47432,64.2189,3.39646,1.86805,0,0,0,0,0,0,0,0,0,0,0,0,0,0
TIC 58853031,G5VFe-1,6.94,5712,0.974596,0.963539,0.910955,24.8073,HD  51419,33537,0.954439,38.4741,0.916262,36.9351,1.95345,1.0744,1.14533,46.1689,2.44182,1.343,0.906717,36.5504,1.9331,1.06321,1.59391,64.2517,3.39819,1.86901,0,0,0,0,0,0,0,0,0,0,0,0,0,0
GAIA DR3 4048089414733358208,F5V,6.89,6034,1.689,1.26793,3.40704,47.9636,HD 170142,90596,1.84582,38.4837,1.77199,36.9443,1.95394,1.07467,2.21498,46.1804,2.44243,1.34333,1.75353,36.5595,1.93359,1.06347,3.08252,64.2678,3.39904,1.86947,0,0,0,0,0,0,0,0,0,0,0,0,0,0
TIC 231700251,F7V,6.88,6077,1.73052,1.16789,3.67962,49.6505,HD 209268,108903,1.91823,38.6347,1.8415,37.0893,1.96161,1.07888,2.30188,46.3617,2.45201,1.34861,1.82232,36.703,1.94118,1.06765,3.20345,64.52,3.41238,1.87681,0,0,0,0,0,0,0,0,0,0,0,0,0,0
TIC 197981057,F5/7IV/V,6.843,6331,1.41563,1.22501,2.90058,44.2202,HD 206428,107300,1.70311,38.5143,1.63498,36.9737,1.95549,1.07552,2.04373,46.2171,2.44437,1.3444,1.61795,36.5886,1.93512,1.06432,2.84419,64.3188,3.40174,1.87096,0,0,0,0,0,0,0,0,0,0,0,0,0,0
TIC 114786312,G1V,6.93,5917,1.01583,0.982576,1.13957,27.713,HD 189931,98813,1.06751,38.52,1.02481,36.9792,1.95578,1.07568,1.28101,46.224,2.44473,1.3446,1.01413,36.594,1.93541,1.06448,1.78273,64.3284,3.40225,1.87124,0,0,0,0,0,0,0,0,0,0,0,0,0,0
TIC 261643880,G0V,6.88,6122,1.39552,1.09172,2.46455,40.7295,HD 220367,115547,1.56989,38.5443,1.50709,37.0025,1.95702,1.07636,1.88387,46.2531,2.44627,1.34545,1.49139,36.6171,1.93663,1.06515,2.62171,64.3689,3.40439,1.87242,0,0,0,0,0,0,0,0,0,0,0,0,0,0
TIC 234522993,G1/2V,6.915,5798.6,1.77583,1.11717,3.21212,46.4639,HD   6107,4772,1.79224,38.5727,1.72055,37.0298,1.95846,1.07715,2.15069,46.2872,2.44807,1.34644,1.70263,36.6441,1.93806,1.06593,2.99304,64.4164,3.4069,1.8738,0,0,0,0,0,0,0,0,0,0,0,0,0,0
TIC 441285430,F5V,6.88,6279.2,1.62879,1.29029,3.71571,49.9612,HD 185771,96932,1.92762,38.5823,1.85051,37.039,1.95895,1.07742,2.31314,46.2987,2.44868,1.34678,1.83124,36.6532,1.93854,1.0662,3.21912,64.4324,3.40775,1.87426,0,0,0,0,0,0,0,0,0,0,0,0,0,0
TIC 66100263,K3V,7.169,4951,0.738318,0.81,0.295089,14.0714,HD  61606,37349,0.543221,38.6046,0.521492,37.0604,1.96008,1.07804,0.651865,46.3255,2.4501,1.34755,0.51606,36.6744,1.93966,1.06681,0.907179,64.4697,3.40972,1.87535,0,0,0,0,0,0,0,0,0,0,0,0,0,0
TIC 357373129,K3,7.24,4781,0.744563,0.744854,0.260959,13.2289,HD 128165,71181,0.510842,38.6156,0.490408,37.0709,1.96064,1.07835,0.61301,46.3387,2.4508,1.34794,0.4853,36.6848,1.94021,1.06712,0.853106,64.488,3.41069,1.87588,0,0,0,0,0,0,0,0,0,0,0,0,0,0
TIC 188768068,G0,6.47,5813,1.25732,0.984711,1.62626,27.0012,HD 158259,85268,1.27525,47.2294,1.22424,45.3402,2.39799,1.31889,1.5303,56.6752,2.99748,1.64862,1.21149,44.8679,2.37301,1.30515,2.12966,78.873,4.1715,2.29432,0,0,0,0,0,0,0,0,0,0,0,0,0,0
TIC 124494439,G6.5V,6.366,5616,0.887452,0.93536,0.705818,16.6937,HD  43162,29568,0.84013,50.3263,0.806525,48.3132,2.55523,1.40537,1.00816,60.3915,3.19403,1.75672,0.798123,47.8099,2.52861,1.39073,1.40302,84.0448,4.44503,2.44477,0,0,0,0,0,0,0,0,0,0,0,0,0,0
TIC 33494267,F2V,6.385,6810.5,1.52251,1.39317,4.49295,44.8427,HD  10863,8233,2.11966,47.2687,2.03487,45.378,2.39998,1.31999,2.54359,56.7225,2.99998,1.64999,2.01368,44.9053,2.37499,1.30624,3.53983,78.9388,4.17497,2.29624,0,0,0,0,0,0,0,0,0,0,0,0,0,0
TIC 355476572,F4V,5.522,6792.5,1.61074,1.40391,4.97582,31.8042,omi Gru,115713,2.23065,70.1371,2.14143,67.3317,3.56109,1.9586,2.67679,84.1646,4.45136,2.44825,2.11912,66.6303,3.52399,1.9382,3.72519,117.129,6.19481,3.40715,0,0,0,0,0,0,0,0,0,0,0,0,0,0
TIC 29845542,G1V,5.76,5860,1.885,1.05,3.77493,29.7516,HD   9562,7276,1.94292,65.3046,1.8652,62.6924,3.31573,1.82365,2.3315,78.3655,4.14466,2.27956,1.84577,62.0394,3.28119,1.80465,3.24467,109.059,5.76798,3.17239,0,0,0,0,0,0,0,0,0,0,0,0,0,0
TIC 389757979,F7V,5.76,6243,1.46157,1.22017,2.92354,26.1721,HD    142,522,1.70983,65.3305,1.64144,62.7173,3.31704,1.82437,2.0518,78.3966,4.1463,2.28046,1.62434,62.064,3.28249,1.80537,2.85542,109.102,5.77027,3.17365,0,0,0,0,0,0,0,0,0,0,0,0,0,0
TIC 236871353,F5V,5.7,6270,2.64815,1.57103,9.76449,47.7436,68 Dra,99500,3.12482,65.45,2.99983,62.832,3.32311,1.82771,3.74978,78.5401,4.15389,2.28464,2.96858,62.1775,3.28849,1.80867,5.21845,109.302,5.78083,3.17945,0,0,0,0,0,0,0,0,0,0,0,0,0,0
TIC 29495621,F6V,5.7,6270,1.17114,1.14818,1.90979,21.0824,HD 199260,103389,1.38195,65.5502,1.32667,62.9282,3.32819,1.83051,1.65834,78.6602,4.16024,2.28813,1.31285,62.2727,3.29352,1.81144,2.30786,109.469,5.78967,3.18432,0,0,0,0,0,0,0,0,0,0,0,0,0,0
TIC 435927648,A1m,5.625,7255.3,1.99459,1.65111,9.93167,48.042,63 Tau,20484,3.15145,65.5979,3.0254,62.974,3.33062,1.83184,3.78175,78.7175,4.16327,2.2898,2.99388,62.318,3.29592,1.81276,5.26293,109.548,5.79388,3.18664,0,0,0,0,0,0,0,0,0,0,0,0,0,0
TIC 334453577,F5.5V,5.479,6833.6,1.34807,1.34,3.57043,28.7916,5 Pup,38048,1.88956,65.6287,1.81398,63.0036,3.33218,1.8327,2.26747,78.7545,4.16523,2.29088,1.79508,62.3473,3.29747,1.81361,3.15556,109.6,5.79661,3.18814,0,0,0,0,0,0,0,0,0,0,0,0,0,0
TIC 252676979,F5V,5.694,6526.6,1.76368,1.398,5.08492,34.3388,5 And,114210,2.25498,65.6684,2.16478,63.0416,3.33419,1.83381,2.70597,78.802,4.16774,2.29226,2.14223,62.3849,3.29946,1.8147,3.76581,109.666,5.80011,3.19006,0,0,0,0,0,0,0,0,0,0,0,0,0,0
TIC 261889817,F5V,5.677,6753.8,2.38579,1.64197,10.6697,49.6514,HD  33167,24109,3.26645,65.7876,3.13579,63.1561,3.34025,1.83714,3.91974,78.9451,4.17531,2.29642,3.10313,62.4982,3.30545,1.818,5.45497,109.865,5.81064,3.19585,0,0,0,0,0,0,0,0,0,0,0,0,0,0
TIC 88405751,G9:V,5.85,5102,2.68902,1.26,4.41413,31.9091,eps For,14086,2.10098,65.8427,2.01694,63.209,3.34305,1.83868,2.52118,79.0113,4.17881,2.29834,1.99593,62.5506,3.30822,1.81952,3.50864,109.957,5.81551,3.19853,0,0,0,0,0,0,0,0,0,0,0,0,0,0
TIC 386563653,F8V,5.71,6091,1.46509,1.14,2.6618,24.7366,HD  91889,51933,1.6315,65.955,1.56624,63.3168,3.34875,1.84181,1.9578,79.146,4.18593,2.30226,1.54993,62.6572,3.31386,1.82263,2.72461,110.145,5.82542,3.20398,0,0,0,0,0,0,0,0,0,0,0,0,0,0
TIC 422629660,F6V,5.68,6371.2,1.76287,1.27,4.61339,32.5531,16 Psc,116495,2.14788,65.9808,2.06197,63.3416,3.35006,1.84253,2.57746,79.177,4.18757,2.30317,2.04049,62.6818,3.31516,1.82334,3.58696,110.188,5.82771,3.20524,0,0,0,0,0,0,0,0,0,0,0,0,0,0
TIC 460022840,G2IIIb,5.729,5797,2.57358,1.06,6.73881,39.3421,84 Her,86731,2.59592,65.9833,2.49208,63.344,3.35018,1.8426,3.11511,79.18,4.18773,2.30325,2.46613,62.6841,3.31529,1.82341,4.33519,110.192,5.82792,3.20536,0,0,0,0,0,0,0,0,0,0,0,0,0,0
TIC 316919585,hF5gF5mF3,5.65,6429.3,2.25974,1.44,7.8608,42.3989,HD  31925,23166,2.80371,66.1269,2.69156,63.4819,3.35748,1.84661,3.36445,79.3523,4.19685,2.30827,2.66353,62.8206,3.3225,1.82738,4.6822,110.432,5.84061,3.21234,0,0,0,0,0,0,0,0,0,0,0,0,0,0
TIC 259592543,F0V,5.57,7101.63,1.92419,1.58,8.48441,43.9024,iot Pic A,22531,2.9128,66.3473,2.79629,63.6934,3.36866,1.85277,3.49536,79.6167,4.21083,2.31596,2.76716,63.0299,3.33357,1.83347,4.86438,110.8,5.86007,3.22304,0,0,0,0,0,0,0,0,0,0,0,0,0,0
TIC 338412799,F6V,5.663,6360,2.51393,1.59601,9.31601,46.0003,HD 166285,89000,3.05221,66.352,2.93013,63.6979,3.3689,1.8529,3.66266,79.6224,4.21113,2.31612,2.8996,63.0344,3.33381,1.8336,5.0972,110.808,5.86049,3.22327,0,0,0,0,0,0,0,0,0,0,0,0,0,0
TIC 265361101,G0V,5.712,5905,1.22975,1.08,1.65656,19.3684,HD  43587,29860,1.28707,66.4524,1.23559,63.7943,3.374,1.8557,1.54449,79.7428,4.2175,2.31963,1.22272,63.1297,3.33885,1.83637,2.14941,110.975,5.86935,3.22814,0,0,0,0,0,0,0,0,0,0,0,0,0,0
TIC 288468229,K2Vv,5.642,6235,2.6911,1.21,9.86054,47.1425,41 Dra,88136,3.14015,66.6098,3.01454,63.9454,3.38199,1.8601,3.76818,79.9317,4.22749,2.32512,2.98314,63.2793,3.34676,1.84072,5.24405,111.238,5.88326,3.23579,0,0,0,0,0,0,0,0,0,0,0,0,0,0
TIC 248383125,F3V,5.69,6463,2.20895,1.53053,7.67016,42.4233,38 Cet,5833,2.76951,65.2827,2.65873,62.6714,3.31461,1.82304,3.32341,78.3392,4.14326,2.2788,2.63103,62.0185,3.28008,1.80405,4.62507,109.022,5.76604,3.17132,0,0,0,0,0,0,0,0,0,0,0,0,0,0
TIC 72814920,G3IV,5.76,5837,1.81479,1.13704,3.44434,28.4447,HD 109409,61379,1.85589,65.2457,1.78166,62.6359,3.31274,1.822,2.22707,78.2949,4.14092,2.27751,1.7631,61.9834,3.27823,1.80303,3.09934,108.96,5.76278,3.16953,0,0,0,0,0,0,0,0,0,0,0,0,0,0
TIC 382969293,F6V,5.698,6408,1.28562,1.19819,2.5108,24.3368,HD  76653,43797,1.58455,65.1091,1.52117,62.5048,3.3058,1.81819,1.90146,78.1309,4.13225,2.27274,1.50532,61.8537,3.27136,1.79925,2.6462,108.732,5.75071,3.16289,0,0,0,0,0,0,0,0,0,0,0,0,0,0
TIC 8154501,F7V,5.735,6248,2.12603,1.43899,6.20579,38.5036,HD  89744,50786,2.49114,64.699,2.3915,62.1111,3.28498,1.80674,2.98937,77.6388,4.10622,2.25842,2.36659,61.4641,3.25076,1.78792,4.16021,108.047,5.71449,3.14297,0,0,0,0,0,0,0,0,0,0,0,0,0,0
TIC 20931913,F8V,5.785,5986,1.64632,1.13139,3.13523,27.6779,HD  11007,8433,1.77066,63.9738,1.69983,61.4148,3.24815,1.78648,2.12479,76.7685,4.06019,2.23311,1.68213,60.7751,3.21432,1.76788,2.957,106.836,5.65044,3.10774,0,0,0,0,0,0,0,0,0,0,0,0,0,0
TIC 429149602,F8V,5.671,6269,1.52618,1.15975,3.24115,28.1376,17 Crt B,56280,1.80032,63.9826,1.72831,61.4233,3.2486,1.78673,2.16038,76.7791,4.06075,2.23341,1.7103,60.7835,3.21476,1.76812,3.00653,106.851,5.65122,3.10817,0,0,0,0,0,0,0,0,0,0,0,0,0,0
TIC 396899912,F4V,5.699,6897.5,1.68207,1.46355,5.76964,37.4773,45 Tau,19554,2.40201,64.0923,2.30593,61.5287,3.25417,1.7898,2.88241,76.9108,4.06772,2.23724,2.28191,60.8877,3.22028,1.77115,4.01135,107.034,5.66091,3.1135,0,0,0,0,0,0,0,0,0,0,0,0,0,0
TIC 405267424,F1V,5.69,7038.3,1.61754,1.48938,5.78461,37.4983,c Psc,194,2.40512,64.1395,2.30892,61.574,3.25657,1.79111,2.88615,76.9674,4.07071,2.23889,2.28487,60.9326,3.22265,1.77246,4.01655,107.113,5.66508,3.11579,0,0,0,0,0,0,0,0,0,0,0,0,0,0
TIC 194387552,F0IV,5.712,6921,1.66072,1.48399,5.70112,37.1783,23 And,1086,2.3877,64.2229,2.29219,61.654,3.2608,1.79344,2.86524,77.0675,4.07601,2.2418,2.26832,61.0118,3.22684,1.77476,3.98746,107.252,5.67244,3.11984,0,0,0,0,0,0,0,0,0,0,0,0,0,0
GAIA DR3 2913765672571405440,F5V,5.717,6481,2.32042,1.62,8.5585,45.4592,HD  42443,29234,2.92549,64.3543,2.80847,61.7801,3.26747,1.79711,3.51059,77.2251,4.08434,2.24639,2.77922,61.1366,3.23344,1.77839,4.88557,107.472,5.68404,3.12622,0,0,0,0,0,0,0,0,0,0,0,0,0,0
TIC 245799490,F0V,5.552,7145,1.96664,1.62373,9.08145,46.5963,80 Tau,20995,3.01354,64.6735,2.893,62.0865,3.28368,1.80602,3.61625,77.6081,4.1046,2.25753,2.86287,61.4398,3.24947,1.78721,5.03262,108.005,5.71223,3.14173,0,0,0,0,0,0,0,0,0,0,0,0,0,0
TIC 88380516,F4V,5.686,6768.4,1.56649,1.3842,4.63977,33.2836,zet For,13942,2.15401,64.7169,2.06785,62.1283,3.28589,1.80724,2.58481,77.6603,4.10736,2.25905,2.04631,61.4811,3.25166,1.78841,3.5972,108.077,5.71607,3.14384,0,0,0,0,0,0,0,0,0,0,0,0,0,0
TIC 1271046655,F6V,5.69,6379.7,1.44758,1.3,3.1274,27.1654,mu. Dra B,,1.76845,65.0993,1.69771,62.4953,3.3053,1.81791,2.12214,78.1191,4.13162,2.27239,1.68002,61.8443,3.27087,1.79898,2.95331,108.716,5.74984,3.16241,0,0,0,0,0,0,0,0,0,0,0,0,0,0
TIC 176379354,G2IV,5.77,5890,1.62412,1.08463,2.86017,26.1248,HD  30562,22336,1.6912,64.7357,1.62356,62.1463,3.28684,1.80776,2.02945,77.6829,4.10855,2.2597,1.60664,61.4989,3.2526,1.78893,2.82431,108.109,5.71773,3.14475,0,0,0,0,0,0,0,0,0,0,0,0,0,0
TIC 408048143,F5V,5.705,6546,2.35923,1.58311,9.20743,46.8452,30 Cet,5296,3.03438,64.7745,2.913,62.1835,3.28881,1.80884,3.64125,77.7294,4.11101,2.26106,2.88266,61.5358,3.25455,1.79,5.06741,108.173,5.72116,3.14664,0,0,0,0,0,0,0,0,0,0,0,0,0,0
TIC 101642558,F5,5.75,6220,2.33846,1.51415,7.37423,41.8929,62 UMa,57029,2.71555,64.8214,2.60693,62.2285,3.29119,1.81015,3.25866,77.7856,4.11399,2.26269,2.57978,61.5803,3.25691,1.7913,4.53497,108.252,5.7253,3.14891,0,0,0,0,0,0,0,0,0,0,0,0,0,0
TIC 26884478,F7V,5.729,6287,1.38923,1.2056,2.71653,25.4145,HD 184960,96258,1.64819,64.8524,1.58226,62.2583,3.29277,1.81102,1.97783,77.8229,4.11596,2.26378,1.56578,61.6098,3.25847,1.79216,2.75248,108.304,5.72804,3.15042,0,0,0,0,0,0,0,0,0,0,0,0,0,0
TIC 441018038,F5VFe-0.8CH-0.4,5.696,6605,1.36251,1.28996,3.18321,27.48,37 Cap,106559,1.78415,64.9256,1.71279,62.3286,3.29648,1.81307,2.14098,77.9108,4.1206,2.26633,1.69495,61.6794,3.26215,1.79418,2.97954,108.426,5.73451,3.15398,0,0,0,0,0,0,0,0,0,0,0,0,0,0
TIC 122555698,G1V,5.79,5810,1.6305,1.0663,2.72924,25.4366,lam02 For,12186,1.65204,64.9474,1.58596,62.3495,3.29759,1.81367,1.98245,77.9369,4.12199,2.26709,1.56944,61.7,3.26324,1.79478,2.75891,108.462,5.73643,3.15504,0,0,0,0,0,0,0,0,0,0,0,0,0,0
TIC 300015238,F0/3,5.623,6521.51,2.24822,1.54191,8.23691,44.1838,gam01 Vol,34473,2.87,64.9561,2.7552,62.3578,3.29803,1.81392,3.444,77.9473,4.12253,2.26739,2.7265,61.7083,3.26367,1.79502,4.7929,108.477,5.73719,3.15546,0,0,0,0,0,0,0,0,0,0,0,0,0,0
TIC 382420372,F0V,5.62,6846.73,1.877,1.51622,6.9752,39.6289,pi.02 Gru,110506,2.64106,66.6448,2.53542,63.979,3.38377,1.86107,3.16927,79.9738,4.22971,2.32634,2.50901,63.3126,3.34852,1.84169,4.41057,111.297,5.88635,3.23749,0,0,0,0,0,0,0,0,0,0,0,0,0,0
TIC 37090252,A8VAm:,5.598,7362,1.8057,1.62137,8.62919,44.0302,HD  46304,31167,2.93755,66.7166,2.82005,64.048,3.38742,1.86308,3.52506,80.0599,4.23427,2.32885,2.79067,63.3808,3.35213,1.84367,4.90571,111.417,5.89269,3.24098,0,0,0,0,0,0,0,0,0,0,0,0,0,0
TIC 100011351,F8VmF5,5.465,6123,1.6765,1.17,3.55924,28.2617,HD 100203,56290,1.8866,66.7544,1.81113,64.0843,3.38934,1.86414,2.26391,80.1053,4.23667,2.33017,1.79227,63.4167,3.35403,1.84472,3.15061,111.48,5.89604,3.24282,0,0,0,0,0,0,0,0,0,0,0,0,0,0
TIC 205591703,G2.5IV,5.65,5653,1.78349,1.08973,2.92652,24.7107,HD 195564,101345,1.71071,69.2293,1.64228,66.4601,3.51499,1.93325,2.05285,83.0751,4.39374,2.41656,1.62517,65.7678,3.47838,1.91311,2.85688,115.613,6.11462,3.36304,0,0,0,0,0,0,0,0,0,0,0,0,0,0
TIC 408834794,F7V,5.64,6147,2.08297,1.19,5.58105,34.5543,31 Ari,12153,2.36242,68.3685,2.26793,65.6338,3.47129,1.90921,2.83491,82.0422,4.33911,2.38651,2.2443,64.9501,3.43513,1.88932,3.94525,114.175,6.0386,3.32123,0,0,0,0,0,0,0,0,0,0,0,0,0,0
TIC 168975758,F6V,5.61,6377,1.51968,1.27942,3.44083,27.0432,1 Hya,41211,1.85495,68.5921,1.78075,65.8484,3.48264,1.91545,2.22594,82.3105,4.3533,2.39432,1.7622,65.1625,3.44636,1.8955,3.09776,114.549,6.05835,3.33209,0,0,0,0,0,0,0,0,0,0,0,0,0,0
TIC 301138089,F4VFe-0.4,5.561,6675.9,1.76622,1.43337,5.58241,34.3712,96 Aqr,115142,2.36271,68.741,2.2682,65.9914,3.4902,1.91961,2.83526,82.4892,4.36275,2.39951,2.24458,65.304,3.45385,1.89962,3.94573,114.798,6.0715,3.33932,0,0,0,0,0,0,0,0,0,0,0,0,0,0
TIC 390733496,F5V,5.584,6372,1.50961,1.28039,3.38475,26.7249,HD  17948,13665,1.83977,68.8411,1.76618,66.0875,3.49528,1.92241,2.20772,82.6093,4.36911,2.40301,1.74778,65.3991,3.45888,1.90238,3.07242,114.965,6.08034,3.34419,0,0,0,0,0,0,0,0,0,0,0,0,0,0
TIC 393860634,F2V,5.565,6928,2.3219,1.68407,11.1896,48.5133,59 UMa,56770,3.34508,68.9519,3.21128,66.1938,3.50091,1.9255,4.0141,82.7422,4.37613,2.40687,3.17783,65.5043,3.46444,1.90544,5.58628,115.15,6.09012,3.34957,0,0,0,0,0,0,0,0,0,0,0,0,0,0
TIC 43790244,F4Vw,5.54,6488,1.91453,1.45207,5.85146,35.0485,HD 160910,86623,2.41898,69.0179,2.32222,66.2572,3.50426,1.92734,2.90277,82.8215,4.38033,2.40918,2.29803,65.5671,3.46776,1.90727,4.03969,115.26,6.09596,3.35278,0,0,0,0,0,0,0,0,0,0,0,0,0,0
TIC 91415280,F6V,5.58,6393.4,2.0625,1.41,6.40341,36.6523,rho Ari,13702,2.5305,69.0406,2.42928,66.279,3.50541,1.92798,3.0366,82.8487,4.38177,2.40997,2.40397,65.5886,3.4689,1.90789,4.22593,115.298,6.09796,3.35388,0,0,0,0,0,0,0,0,0,0,0,0,0,0
TIC 352487147,F5V,5.546,6423.3,1.76481,1.38073,4.77667,31.5359,HD 175317,92882,2.18556,69.304,2.09814,66.5318,3.51879,1.93533,2.62267,83.1648,4.39848,2.41917,2.07628,65.8388,3.48213,1.91517,3.64989,115.738,6.12122,3.36667,0,0,0,0,0,0,0,0,0,0,0,0,0,0
TIC 242250358,F5V,5.65,6254,2.10742,1.44366,6.12106,36.2919,HD  43318,29716,2.47408,68.1717,2.37511,65.4448,3.4613,1.90371,2.96889,81.806,4.32662,2.37964,2.35037,64.7631,3.42524,1.88388,4.13171,113.847,6.02121,3.31167,0,0,0,0,0,0,0,0,0,0,0,0,0,0
TIC 419994887,G1V,5.607,6023,1.42775,1.08919,2.41686,22.4064,HD  14214,10723,1.55463,69.3832,1.49244,66.6079,3.52281,1.93754,1.86555,83.2598,4.40351,2.42193,1.4769,65.914,3.48611,1.91736,2.59623,115.87,6.12822,3.37052,0,0,0,0,0,0,0,0,0,0,0,0,0,0
TIC 255630992,F8VFe-0.4,5.573,6221,2.20151,1.42223,6.53999,36.8549,HD  46569,31079,2.55734,69.3895,2.45505,66.6139,3.52313,1.93772,3.06881,83.2674,4.40391,2.42215,2.42947,65.9201,3.48643,1.91754,4.27076,115.881,6.12878,3.37083,0,0,0,0,0,0,0,0,0,0,0,0,0,0
TIC 281950041,F0III,5.55,7257.06,1.79856,1.59181,8.08324,40.8716,HD 178233,93843,2.8431,69.5619,2.72938,66.7795,3.53188,1.94254,3.41173,83.4743,4.41485,2.42817,2.70095,66.0838,3.49509,1.9223,4.74798,116.168,6.14401,3.3792,0,0,0,0,0,0,0,0,0,0,0,0,0,0
TIC 24467943,F8V,5.584,6084,1.29006,1.11717,2.05434,20.5995,HD 219623,114924,1.4333,69.5794,1.37597,66.7962,3.53277,1.94302,1.71996,83.4952,4.41596,2.42878,1.36163,66.1004,3.49597,1.92278,2.39361,116.198,6.14554,3.38005,0,0,0,0,0,0,0,0,0,0,0,0,0,0
TIC 154716863,A9V,5.51,7421,1.82615,1.69676,9.1121,43.3529,HD  89571,51384,3.01863,69.6292,2.89788,66.844,3.5353,1.94441,3.62235,83.555,4.41912,2.43052,2.86769,66.1477,3.49847,1.92416,5.04111,116.281,6.14994,3.38247,0,0,0,0,0,0,0,0,0,0,0,0,0,0
TIC 287619474,F3V,5.559,6461,1.72178,1.36782,4.65423,30.8382,HD 150453,81754,2.15737,69.9575,2.07107,67.1592,3.55197,1.95358,2.58884,83.949,4.43996,2.44198,2.0495,66.4596,3.51497,1.93323,3.6028,116.829,6.17894,3.39842,0,0,0,0,0,0,0,0,0,0,0,0,0,0
TIC 423700466,F0.5V,5.505,7159,1.61122,1.502,6.14346,35.3924,47 Cet,6748,2.4786,70.0319,2.37946,67.2307,3.55575,1.95566,2.97432,84.0383,4.44468,2.44458,2.35467,66.5303,3.51871,1.93529,4.13926,116.953,6.18552,3.40203,0,0,0,0,0,0,0,0,0,0,0,0,0,0
TIC 67445533,F2V,5.572,6740.1,2.34002,1.44,10.1812,46.7169,81 Leo,55765,3.1908,68.3008,3.06317,65.5688,3.46785,1.90732,3.82897,81.961,4.33482,2.38415,3.03126,64.8858,3.43173,1.88745,5.32864,114.062,6.03262,3.31794,0,0,0,0,0,0,0,0,0,0,0,0,0,0
TIC 337046898,G0IV,5.623,6095,2.55923,1.15,8.14342,41.9569,64 Cet,10212,2.85367,68.0143,2.73952,65.2937,3.4533,1.89932,3.4244,81.6171,4.31663,2.37415,2.71098,64.6135,3.41733,1.87953,4.76562,113.584,6.00731,3.30402,0,0,0,0,0,0,0,0,0,0,0,0,0,0
TIC 17668162,F2V,5.6,7015,1.47615,1.4242,4.75409,32.6521,alf01 CVn,63121,2.18039,66.7763,2.09317,64.1052,3.39044,1.86474,2.61646,80.1315,4.23806,2.33093,2.07137,63.4374,3.35513,1.84532,3.64125,111.516,5.89796,3.24388,0,0,0,0,0,0,0,0,0,0,0,0,0,0
TIC 234968549,F6V,5.647,6280,1.15926,1.13224,1.88319,20.4364,HD 219482,114948,1.3723,67.1495,1.3174,64.4635,3.40939,1.87517,1.64675,80.5793,4.26174,2.34396,1.30368,63.792,3.37388,1.85563,2.29173,112.14,5.93092,3.26201,0,0,0,0,0,0,0,0,0,0,0,0,0,0
TIC 14156987,F2IVs,5.617,6900.5,2.06464,1.59421,8.70777,44.1743,32 Tau,18471,2.95089,66.8011,2.83286,64.1291,3.39171,1.86544,3.54107,80.1614,4.23964,2.3318,2.80335,63.4611,3.35638,1.84601,4.92799,111.558,5.90016,3.24509,0,0,0,0,0,0,0,0,0,0,0,0,0,0
TIC 318163669,F6V,5.63,6261,2.01492,1.39,5.62063,35.4862,HD 118261,66438,2.37079,66.8088,2.27596,64.1364,3.3921,1.86565,2.84494,80.1705,4.24012,2.33207,2.25225,63.4684,3.35676,1.84622,3.95922,111.571,5.90084,3.24546,0,0,0,0,0,0,0,0,0,0,0,0,0,0
TIC 211305389,F7V,5.66,6339,1.22784,1.17054,2.1931,22.1256,HD 189245,98470,1.48091,66.932,1.42167,64.2547,3.39835,1.86909,1.77709,80.3184,4.24794,2.33637,1.40687,63.5854,3.36295,1.84963,2.47312,111.776,5.91172,3.25145,0,0,0,0,0,0,0,0,0,0,0,0,0,0
TIC 332800044,F8V,5.66,6104,2.25584,1.33805,6.36458,37.6521,66 Cet,10305,2.52281,67.0033,2.4219,64.3231,3.40197,1.87108,3.02737,80.4039,4.25246,2.33885,2.39667,63.6531,3.36653,1.85159,4.2131,111.895,5.91801,3.25491,0,0,0,0,0,0,0,0,0,0,0,0,0,0
TIC 379660147,G4V,5.735,5523,2.47633,1.33,5.14057,33.7952,HD 214850,111974,2.26728,67.0889,2.17659,64.4054,3.40632,1.87348,2.72074,80.5067,4.2579,2.34184,2.15392,63.7345,3.37084,1.85396,3.78636,112.038,5.92558,3.25907,0,0,0,0,0,0,0,0,0,0,0,0,0,0
TIC 456061659,F5V,5.651,6361,2.2932,1.51649,7.75672,41.5066,HD 136359,75308,2.78509,67.0999,2.67369,64.4159,3.40688,1.87378,3.34211,80.5199,4.2586,2.34223,2.64584,63.7449,3.37139,1.85426,4.6511,112.057,5.92655,3.2596,0,0,0,0,0,0,0,0,0,0,0,0,0,0
TIC 429149606,F8V,5.58,6240,1.61159,1.17705,3.54766,28.0658,17 Crt A,56280,1.88352,67.111,1.80818,64.4266,3.40744,1.87409,2.26023,80.5332,4.2593,2.34262,1.78935,63.7555,3.37195,1.85457,3.14548,112.075,5.92753,3.26014,0,0,0,0,0,0,0,0,0,0,0,0,0,0
TIC 462666639,F4V,5.648,6206,2.25092,1.4788,6.77114,38.7326,HD 159332,85912,2.60214,67.1822,2.49806,64.4949,3.41105,1.87608,3.12257,80.6186,4.26382,2.3451,2.47204,63.823,3.37552,1.85654,4.34558,112.194,5.93381,3.2636,0,0,0,0,0,0,0,0,0,0,0,0,0,0
TIC 311430135,F9.5V,5.67,5883,1.39715,1.08,2.10658,21.3656,HD 200525,104440,1.4514,67.9319,1.39335,65.2146,3.44912,1.89702,1.74169,81.5183,4.3114,2.37127,1.37883,64.5353,3.41319,1.87726,2.42385,113.446,6.00003,3.30002,0,0,0,0,0,0,0,0,0,0,0,0,0,0
TIC 198355687,F6V+F6V,4.92,6455,1.46548,1.29,3.35924,27.174,mu. Dra,83608,1.83282,67.4478,1.75951,64.7499,3.42454,1.8835,2.19939,80.9374,4.28068,2.35437,1.74118,64.0754,3.38887,1.86388,3.06082,112.638,5.95728,3.2765,0,0,0,0,0,0,0,0,0,0,0,0,0,0
TIC 320927564,F1III-IV,5.571,7199.6,1.87132,1.58852,8.47668,43.1589,del02 CMi,36723,2.91147,67.4593,2.79501,64.761,3.42513,1.88382,3.49377,80.9512,4.28141,2.35478,2.7659,64.0864,3.38945,1.8642,4.86216,112.657,5.95829,3.27706,0,0,0,0,0,0,0,0,0,0,0,0,0,0
TIC 454679177,A9IV,5.637,6853,2.11699,1.47,8.90544,44.221,pi. Cha,56675,2.9842,67.4838,2.86483,64.7844,3.42637,1.8845,3.58104,80.9805,4.28296,2.35563,2.83499,64.1096,3.39068,1.86487,4.98361,112.698,5.96045,3.27825,0,0,0,0,0,0,0,0,0,0,0,0,0,0
TIC 44743049,F0IV/V,5.59,6984.8,2.03684,1.60749,8.89661,44.0687,HD  25945,19095,2.98272,67.6834,2.86341,64.976,3.4365,1.89008,3.57926,81.2201,4.29563,2.3626,2.83358,64.2992,3.40071,1.87039,4.98114,113.031,5.97808,3.28795,0,0,0,0,0,0,0,0,0,0,0,0,0,0
TIC 357657732,F0V,5.58,6998.9,1.56901,1.45232,5.32185,34.055,HD 204153,105769,2.30691,67.7408,2.21464,65.0311,3.43942,1.89168,2.7683,81.2889,4.29927,2.3646,2.19157,64.3537,3.40359,1.87197,3.85255,113.127,5.98315,3.29073,0,0,0,0,0,0,0,0,0,0,0,0,0,0
TIC 309765388,F8-V,5.639,6242,1.45646,1.21371,2.90127,25.1379,HD 132254,73100,1.70331,67.7588,1.63518,65.0484,3.44033,1.89218,2.04397,81.3106,4.30041,2.36523,1.61815,64.3709,3.4045,1.87247,2.84453,113.157,5.98474,3.29161,0,0,0,0,0,0,0,0,0,0,0,0,0,0
TIC 435910664,F0IV,5.568,7315.61,1.92037,1.64578,9.51623,45.4379,h Tau,20219,3.08484,67.8913,2.96145,65.1757,3.44706,1.89588,3.70181,81.4696,4.30883,2.36986,2.9306,64.4968,3.41116,1.87614,5.15168,113.379,5.99645,3.29805,0,0,0,0,0,0,0,0,0,0,0,0,0,0
TIC 265917815,F7V,5.81,6194,2.22834,1.21,6.58478,40.1135,34 Peg,110785,2.56608,63.9705,2.46344,61.4117,3.24799,1.78639,3.0793,76.7647,4.05999,2.23299,2.43778,60.772,3.21416,1.76779,4.28536,106.831,5.65015,3.10758,0,0,0,0,0,0,0,0,0,0,0,0,0,0
TIC 118034753,F8V,5.755,6242,2.27713,1.44235,7.09197,41.6909,59 Eri,22325,2.66308,63.8766,2.55655,61.3216,3.24322,1.78377,3.19569,76.6519,4.05403,2.22971,2.52992,60.6828,3.20944,1.76519,4.44734,106.674,5.64185,3.10302,0,0,0,0,0,0,0,0,0,0,0,0,0,0
TIC 409319605,F2III/IV,5.7,6876.7,1.93955,1.54544,7.57906,43.1058,V* R CMa,35487,2.75301,63.8663,2.64289,61.3117,3.2427,1.78348,3.30361,76.6396,4.05337,2.22936,2.61536,60.673,3.20892,1.76491,4.59753,106.657,5.64094,3.10252,0,0,0,0,0,0,0,0,0,0,0,0,0,0
TIC 198304072,F9IV-V,5.867,5950,1.0487,1.02447,1.24184,18.1869,HD 130948,72567,1.11438,61.2736,1.0698,58.8227,3.11106,1.71108,1.33725,73.5283,3.88882,2.13885,1.05866,58.2099,3.07865,1.69326,1.86101,102.327,5.41195,2.97657,0,0,0,0,0,0,0,0,0,0,0,0,0,0
TIC 455817128,F5V,5.918,6276,1.45112,1.22941,2.9433,28.122,6 And,114430,1.71561,61.0058,1.64698,58.5656,3.09746,1.7036,2.05873,73.2069,3.87183,2.1295,1.62983,57.9555,3.06519,1.68586,2.86506,101.88,5.38829,2.96356,0,0,0,0,0,0,0,0,0,0,0,0,0,0
TIC 286176467,G0V,5.901,5904,1.83773,1.07,3.69694,31.5144,13 Tri,11548,1.92274,61.0116,1.84583,58.5711,3.09775,1.70376,2.30729,73.2139,3.87219,2.12971,1.82661,57.961,3.06548,1.68602,3.21098,101.889,5.3888,2.96384,0,0,0,0,0,0,0,0,0,0,0,0,0,0
TIC 422679659,G2IV,5.881,6045,1.76587,1.16959,3.75144,31.7451,112 Psc,9353,1.93686,61.013,1.85939,58.5725,3.09783,1.7038,2.32424,73.2156,3.87228,2.12975,1.84002,57.9623,3.06556,1.68606,3.23456,101.892,5.38893,2.96391,0,0,0,0,0,0,0,0,0,0,0,0,0,0
TIC 6172378,F6V,5.853,6332,1.50862,1.22,3.29623,29.7192,HD  59380,36399,1.81555,61.0902,1.74293,58.6466,3.10175,1.70596,2.17866,73.3083,3.87718,2.13245,1.72477,58.0357,3.06944,1.68819,3.03197,102.021,5.39575,2.96766,0,0,0,0,0,0,0,0,0,0,0,0,0,0
TIC 83391616,F9VFe-1.5CH-0.7,5.87,6120,0.977051,1.12185,1.20652,17.9787,HD 125276,69965,1.09842,61.0954,1.05448,58.6516,3.10201,1.70611,1.3181,73.3145,3.87751,2.13263,1.0435,58.0406,3.0697,1.68833,1.83436,102.029,5.3962,2.96791,0,0,0,0,0,0,0,0,0,0,0,0,0,0
TIC 99989598,F5VkF0mA9,5.833,6759,1.4958,1.36322,4.207,33.569,HD  99747,56035,2.0511,61.101,1.96905,58.6569,3.10229,1.70626,2.46132,73.3211,3.87786,2.13283,1.94854,58.0459,3.06998,1.68849,3.42533,102.039,5.3967,2.96818,0,0,0,0,0,0,0,0,0,0,0,0,0,0
TIC 159670453,F5V,5.83,6637,1.46915,1.30435,3.77323,31.7479,HD 201647,104680,1.94248,61.1846,1.86478,58.7372,3.10654,1.7086,2.33098,73.4215,3.88317,2.13575,1.84536,58.1254,3.07418,1.6908,3.24394,102.178,5.40408,2.97225,0,0,0,0,0,0,0,0,0,0,0,0,0,0
TIC 42334982,F9V,5.9,6037,1.84191,1.08,4.0599,32.8579,HD  45067,30545,2.01492,61.3223,1.93432,58.8694,3.11353,1.71244,2.4179,73.5867,3.89191,2.14055,1.91417,58.2562,3.0811,1.6946,3.36492,102.408,5.41624,2.97893,0,0,0,0,0,0,0,0,0,0,0,0,0,0
TIC 129865530,F0III-IV,5.795,7262.46,1.85762,1.62173,8.64854,48.2506,HD  14622,11090,2.94084,60.9493,2.82321,58.5114,3.09459,1.70203,3.52901,73.1392,3.86824,2.12753,2.7938,57.9019,3.06236,1.6843,4.9112,101.785,5.3833,2.96082,0,0,0,0,0,0,0,0,0,0,0,0,0,0
TIC 14347470,F7VFe-0.5,5.85,6387,1.41291,1.23445,2.99303,28.2042,ksi Cap,99572,1.73004,61.3398,1.66084,58.8862,3.11442,1.71293,2.07604,73.6077,3.89302,2.14116,1.64354,58.2728,3.08198,1.69509,2.88916,102.437,5.41779,2.97978,0,0,0,0,0,0,0,0,0,0,0,0,0,0
TIC 423245334,F5V,5.77,6563.56,1.4479,1.29498,3.50534,30.5219,n Pup A,36817,1.87226,61.3413,1.79737,58.8877,3.1145,1.71297,2.24671,73.6096,3.89312,2.14122,1.77864,58.2743,3.08205,1.69513,3.12667,102.44,5.41793,2.97986,0,0,0,0,0,0,0,0,0,0,0,0,0,0
TIC 141969034,F9V,5.85,6149,1.71127,1.18406,3.77183,31.5961,HD 103026,57841,1.94212,61.467,1.86443,59.0083,3.12088,1.71648,2.33054,73.7604,3.9011,2.1456,1.84501,58.3937,3.08837,1.6986,3.24334,102.65,5.42903,2.98597,0,0,0,0,0,0,0,0,0,0,0,0,0,0
TIC 175178258,F0IV,5.784,7098.5,1.78701,1.5471,7.30494,43.97,HD  62781,37710,2.70276,61.4684,2.59465,59.0097,3.12095,1.71652,3.24332,73.7621,3.90119,2.14565,2.56763,58.395,3.08844,1.69864,4.51362,102.652,5.42915,2.98603,0,0,0,0,0,0,0,0,0,0,0,0,0,0
TIC 405902259,F5V,5.826,6605.88,1.73327,1.40221,5.15404,36.9289,HD 191195,99026,2.27025,61.4764,2.17944,59.0173,3.12135,1.71674,2.7243,73.7716,3.90169,2.14593,2.15674,58.4025,3.08884,1.69886,3.79132,102.666,5.42985,2.98642,0,0,0,0,0,0,0,0,0,0,0,0,0,0
TIC 122556844,F6VFe-0.7CH-0.4,5.829,6348.4,1.78615,1.36784,4.66863,35.0739,iot02 For,12288,2.1607,61.6042,2.07427,59.14,3.12784,1.72031,2.59284,73.925,3.9098,2.15039,2.05267,58.524,3.09526,1.70239,3.60837,102.879,5.44114,2.99263,0,0,0,0,0,0,0,0,0,0,0,0,0,0
TIC 200093173,G8III/IV,5.928,5582,2.7933,0.98,6.82478,42.3483,HD  38529,27253,2.61243,61.689,2.50793,59.2215,3.13215,1.72268,3.13491,74.0268,3.91519,2.15335,2.48181,58.6046,3.09952,1.70474,4.36275,103.021,5.44864,2.99675,0,0,0,0,0,0,0,0,0,0,0,0,0,0
TIC 255752750,F5V,5.817,6554.44,2.22191,1.54534,8.209,46.9701,HD  35736,25397,2.86514,60.9992,2.75053,58.5592,3.09713,1.70342,3.43816,73.199,3.87141,2.12927,2.72188,57.9492,3.06486,1.68567,4.78478,101.869,5.38771,2.96324,0,0,0,0,0,0,0,0,0,0,0,0,0,0
TIC 139258210,F5V,5.83,6421,1.6963,1.34421,4.40668,34.5382,HD 218630,114382,2.09921,60.7794,2.01524,58.3482,3.08596,1.69728,2.51905,72.9352,3.85745,2.1216,1.99425,57.7404,3.05382,1.6796,3.50568,101.502,5.36829,2.95256,0,0,0,0,0,0,0,0,0,0,0,0,0,0
TIC 367460125,F1Vnn,5.762,7145,1.60973,1.50331,6.08428,39.8702,V* NZ Peg,106897,2.46663,61.8666,2.36797,59.3919,3.14117,1.72764,2.95996,74.2399,3.92646,2.15955,2.3433,58.7733,3.10844,1.70964,4.11928,103.317,5.46432,3.00538,0,0,0,0,0,0,0,0,0,0,0,0,0,0
TIC 6677245,G0VFe-1.6CH-0.5,5.916,5939,1.62843,1.12324,2.97224,28.645,HD  59984,36640,1.72402,60.1858,1.65506,57.7784,3.05583,1.6807,2.06882,72.2229,3.81978,2.10088,1.63782,57.1765,3.02399,1.6632,2.87911,100.51,5.31586,2.92372,0,0,0,0,0,0,0,0,0,0,0,0,0,0
TIC 424719589,F6Va,5.854,6488,1.90955,1.42724,5.82105,40.4068,V* V1143 Cyg,96620,2.41269,59.7098,2.31618,57.3215,3.03166,1.66741,2.89522,71.6518,3.78958,2.08427,2.29205,56.7244,3.00008,1.65004,4.02919,99.7154,5.27383,2.9006,0,0,0,0,0,0,0,0,0,0,0,0,0,0
TIC 95360265,G1.5IV-V,5.963,5676,1.82783,1.10786,3.12417,29.5857,35 Leo,50319,1.76753,59.7428,1.69683,57.3531,3.03334,1.66833,2.12104,71.6914,3.79167,2.08542,1.67916,56.7557,3.00174,1.65096,2.95178,99.7705,5.27674,2.90221,0,0,0,0,0,0,0,0,0,0,0,0,0,0
TIC 53134037,F7V,5.902,6310,1.84333,1.17,4.85309,36.8037,HD 169830,90485,2.20297,59.8574,2.11485,57.4631,3.03915,1.67153,2.64357,71.8289,3.79894,2.08942,2.09282,56.8646,3.0075,1.65412,3.67896,99.9619,5.28686,2.90777,0,0,0,0,0,0,0,0,0,0,0,0,0,0
TIC 91686663,G0V,5.949,5897,1.08633,1.07,1.28571,18.9386,HD  52711,34017,1.13389,59.872,1.08854,57.4771,3.0399,1.67194,1.36067,71.8464,3.79987,2.08993,1.0772,56.8784,3.00823,1.65453,1.8936,99.9863,5.28815,2.90848,0,0,0,0,0,0,0,0,0,0,0,0,0,0
TIC 468954743,F3V,5.8,6825,1.65851,1.44547,5.37703,38.6979,HD  64685,38712,2.31884,59.9217,2.22609,57.5248,3.04242,1.67333,2.78261,71.906,3.80302,2.09166,2.2029,56.9256,3.01073,1.6559,3.87247,100.069,5.29254,2.9109,0,0,0,0,0,0,0,0,0,0,0,0,0,0
TIC 70277020,F9V,5.87,5892,1.22629,1.11,1.63279,21.3105,HD 189340,98416,1.27781,59.9614,1.22669,57.5629,3.04443,1.67444,1.53337,71.9536,3.80554,2.09305,1.21392,56.9633,3.01272,1.657,2.13394,100.135,5.29604,2.91282,0,0,0,0,0,0,0,0,0,0,0,0,0,0
TIC 416939293,F5V:,5.864,6606,1.5638,1.33642,4.19575,34.1157,HD 192985,99889,2.04835,60.0413,1.96642,57.6397,3.04849,1.67667,2.45802,72.0496,3.81061,2.09584,1.94593,57.0392,3.01674,1.6592,3.42075,100.269,5.3031,2.91671,0,0,0,0,0,0,0,0,0,0,0,0,0,0
TIC 423245341,F6V,5.795,6535.12,1.43218,1.28214,3.37057,30.4848,n Pup B,36817,1.83591,60.2238,1.76247,57.8148,3.05775,1.68176,2.20309,72.2685,3.82219,2.10221,1.74411,57.2126,3.0259,1.66425,3.06597,100.574,5.31922,2.92557,0,0,0,0,0,0,0,0,0,0,0,0,0,0
TIC 280001313,G0V,5.888,5954.7,2.36781,1.09,6.35077,41.4707,HD  60803,37031,2.52007,60.7676,2.41927,58.3369,3.08537,1.69695,3.02409,72.9211,3.85671,2.12119,2.39407,57.7292,3.05323,1.67928,4.20852,101.482,5.36725,2.95199,0,0,0,0,0,0,0,0,0,0,0,0,0,0
TIC 92252166,,5.84,6870,1.51218,1.41728,4.58914,35.5677,HD  20631A,15411,2.14223,60.2296,2.05654,57.8204,3.05805,1.68193,2.57067,72.2756,3.82256,2.10241,2.03512,57.2181,3.0262,1.66441,3.57752,100.583,5.31974,2.92585,0,0,0,0,0,0,0,0,0,0,0,0,0,0
TIC 284992911,G5IV-V,5.95,5668,1.95206,1.14968,3.54325,31.2214,75 Cnc,44892,1.88235,60.2904,1.80706,57.8788,3.06114,1.68363,2.25882,72.3485,3.82642,2.10453,1.78823,57.2759,3.02925,1.66609,3.14353,100.685,5.3251,2.92881,0,0,0,0,0,0,0,0,0,0,0,0,0,0
TIC 403585118,G3V,5.929,5930,0.999838,1.00241,1.11371,17.4755,HD 193664,100017,1.05533,60.3888,1.01311,57.9733,3.06613,1.68637,1.26639,72.4666,3.83267,2.10797,1.00256,57.3694,3.0342,1.66881,1.76239,100.849,5.3338,2.93359,0,0,0,0,0,0,0,0,0,0,0,0,0,0
TIC 281667171,G0VFe-0.9CH-0.4,5.9,6022,1.40366,1.07591,2.33443,25.2477,HD   3823,3170,1.52789,60.5157,1.46677,58.0951,3.07258,1.68992,1.83346,72.6189,3.84072,2.1124,1.45149,57.4899,3.04057,1.67231,2.55157,101.061,5.34501,2.93975,0,0,0,0,0,0,0,0,0,0,0,0,0,0
TIC 284292958,G2V+G2V,4.98,5961,1.059,1.13,1.27575,18.622,eta CrB,75312,1.12949,60.6538,1.08431,58.2276,3.07959,1.69377,1.35539,72.7845,3.84948,2.11722,1.07302,57.6211,3.04751,1.67613,1.88625,101.292,5.3572,2.94646,0,0,0,0,0,0,0,0,0,0,0,0,0,0
TIC 397155236,F5IV,5.845,6709,1.8929,1.49061,6.54006,42.1051,HD  22701,19454,2.55735,60.7374,2.45506,58.3079,3.08383,1.69611,3.06883,72.8848,3.85479,2.12013,2.42949,57.7005,3.05171,1.67844,4.27078,101.431,5.36458,2.95052,0,0,0,0,0,0,0,0,0,0,0,0,0,0
TIC 15736408,G5V,5.9,5859,0.990939,0.982921,1.04252,16.8042,39 Tau,19076,1.02104,60.7609,0.980195,58.3304,3.08502,1.69676,1.22524,72.9131,3.85628,2.12095,0.969985,57.7228,3.05289,1.67909,1.70513,101.471,5.36666,2.95166,0,0,0,0,0,0,0,0,0,0,0,0,0,0
TIC 142277151,F6V,5.831,6293,1.36162,1.23,2.61963,26.1676,HD 111456,62512,1.61853,61.8523,1.55379,59.3782,3.14044,1.72724,1.94223,74.2228,3.92555,2.15905,1.5376,58.7597,3.10773,1.70925,2.70294,103.293,5.46306,3.00468,0,0,0,0,0,0,0,0,0,0,0,0,0,0
TIC 353168694,F6V,5.837,6293.9,1.43709,1.22777,2.91972,27.5784,38 Cas,7078,1.70872,61.9587,1.64037,59.4803,3.14584,1.73021,2.05046,74.3504,3.9323,2.16277,1.62328,58.8607,3.11307,1.71219,2.85356,103.471,5.47245,3.00985,0,0,0,0,0,0,0,0,0,0,0,0,0,0
TIC 18809756,F3V,5.731,6674.9,1.62088,1.37663,4.6987,33.9684,26 Oph,83196,2.16765,63.8137,2.08094,61.2612,3.24003,1.78202,2.60118,76.5765,4.05003,2.22752,2.05927,60.623,3.20628,1.76345,3.61997,106.569,5.6363,3.09996,0,0,0,0,0,0,0,0,0,0,0,0,0,0
TIC 336130128,F1Vnn,5.585,7211,1.967,1.63098,9.42507,48.3662,zet02 Lyr,91973,3.07003,63.4746,2.94723,60.9356,3.22281,1.77255,3.68403,76.1695,4.02851,2.21568,2.91653,60.3009,3.18924,1.75408,5.12695,106.003,5.60635,3.08349,0,0,0,0,0,0,0,0,0,0,0,0,0,0
TIC 127370064,F5V,5.765,6465,2.11725,1.499,7.05529,41.99,12 And,115280,2.65618,63.2575,2.54993,60.7272,3.21179,1.76648,3.18742,75.909,4.01473,2.2081,2.52337,60.0946,3.17833,1.74808,4.43582,105.64,5.58717,3.07294,0,0,0,0,0,0,0,0,0,0,0,0,0,0
TIC 358013866,F7V,5.768,6304,2.62828,1.59626,9.82884,49.5347,22 UMa,47013,3.1351,63.291,3.00969,60.7594,3.21349,1.76742,3.76212,75.9492,4.01686,2.20927,2.97834,60.1264,3.18001,1.74901,5.23561,105.696,5.59013,3.07457,0,0,0,0,0,0,0,0,0,0,0,0,0,0
TIC 49068464,F2V,5.73,6821,2.24405,1.63281,9.82092,49.4965,HD  95221,53699,3.13384,63.3143,3.00848,60.7818,3.21467,1.76807,3.7606,75.9772,4.01834,2.21009,2.97714,60.1486,3.18119,1.74965,5.23351,105.735,5.59219,3.0757,0,0,0,0,0,0,0,0,0,0,0,0,0,0
TIC 366700717,kF0hF0mF5II-III,5.714,7125.51,1.95607,1.59676,8.88641,47.0703,11 Vir,59309,2.98101,63.3309,2.86177,60.7977,3.21552,1.76853,3.57721,75.9971,4.01939,2.21067,2.83196,60.1644,3.18202,1.75011,4.97828,105.763,5.59366,3.07651,0,0,0,0,0,0,0,0,0,0,0,0,0,0
TIC 116307204,F6IVs,5.757,6462,2.42388,1.59407,9.22962,47.9614,h Boo,72487,3.03803,63.3432,2.91651,60.8095,3.21614,1.76888,3.64563,76.0119,4.02017,2.2111,2.88613,60.1761,3.18264,1.75045,5.07351,105.783,5.59474,3.07711,0,0,0,0,0,0,0,0,0,0,0,0,0,0
TIC 380543530,F5.5V,5.761,6488,1.34708,1.32,2.89682,26.8618,89 Leo,56445,1.70201,63.3616,1.63393,60.8271,3.21707,1.76939,2.04241,76.0339,4.02134,2.21174,1.61691,60.1935,3.18356,1.75096,2.84235,105.814,5.59637,3.078,0,0,0,0,0,0,0,0,0,0,0,0,0,0
TIC 79015105,F5.5V,5.761,6270,1.47339,1.24188,3.02274,27.4056,HD 199623,103673,1.7386,63.4396,1.66906,60.902,3.22103,1.77157,2.08632,76.1275,4.02629,2.21446,1.65167,60.2676,3.18748,1.75311,2.90347,105.944,5.60325,3.08179,0,0,0,0,0,0,0,0,0,0,0,0,0,0
TIC 441804565,F8V,5.53,6202,1.24762,1.13407,2.07484,22.6894,psi01 Dra B,86620,1.44043,63.4846,1.38281,60.9452,3.22332,1.77282,1.72852,76.1815,4.02914,2.21603,1.36841,60.3103,3.18974,1.75436,2.40552,106.019,5.60723,3.08397,0,0,0,0,0,0,0,0,0,0,0,0,0,0
TIC 220765386,G2IV-V,5.857,5611,2.02311,0.99,3.65506,30.2611,HD 152311,82621,1.91182,63.1775,1.83535,60.6504,3.20772,1.76425,2.29419,75.813,4.00965,2.20531,1.81623,60.0186,3.17431,1.74587,3.19274,105.506,5.5801,3.06906,0,0,0,0,0,0,0,0,0,0,0,0,0,0
TIC 277890728,G2IV-V,5.806,5842,1.93239,1.18793,3.9186,31.1379,HD 221420,116250,1.97954,63.5735,1.90036,61.0305,3.22783,1.77531,2.37545,76.2881,4.03479,2.21913,1.88057,60.3948,3.19421,1.75681,3.30584,106.168,5.61508,3.08829,0,0,0,0,0,0,0,0,0,0,0,0,0,0
TIC 17516667,Am,5.711,7465,1.88158,1.66115,9.90515,49.504,HD  28226,20842,3.14725,63.5755,3.02136,61.0325,3.22793,1.77536,3.77669,76.2906,4.03492,2.2192,2.98988,60.3967,3.19431,1.75687,5.2559,106.171,5.61526,3.08839,0,0,0,0,0,0,0,0,0,0,0,0,0,0
TIC 277234493,F0V:,5.715,7112,1.63659,1.51105,6.17365,39.0058,43 Cyg,100859,2.48468,63.7004,2.3853,61.1524,3.23427,1.77885,2.98162,76.4405,4.04284,2.22356,2.36045,60.5154,3.20058,1.76032,4.14942,106.38,5.62629,3.09446,0,0,0,0,0,0,0,0,0,0,0,0,0,0
TIC 348837162,G2VFe-1.8CH-1,5.86,5871,1.31884,1.03793,1.86177,21.4099,HD  76932,44075,1.36447,63.7305,1.30989,61.1813,3.2358,1.77969,1.63736,76.4766,4.04475,2.22461,1.29624,60.544,3.2021,1.76115,2.27866,106.43,5.62895,3.09592,0,0,0,0,0,0,0,0,0,0,0,0,0,0
TIC 435923755,A3m,5.71,7310,1.80056,1.59772,8.34022,45.3034,60 Tau,20400,2.88794,63.7468,2.77243,61.1969,3.23663,1.78015,3.46553,76.4961,4.04578,2.22518,2.74355,60.5594,3.20291,1.7616,4.82287,106.457,5.63038,3.09671,0,0,0,0,0,0,0,0,0,0,0,0,0,0
TIC 275240386,G0V,5.788,5925,1.07488,1.01096,1.28283,17.7609,15 Sge,98819,1.13262,63.7705,1.08732,61.2197,3.23783,1.78081,1.35914,76.5246,4.04729,2.22601,1.07599,60.582,3.20411,1.76226,1.89148,106.497,5.63248,3.09787,0,0,0,0,0,0,0,0,0,0,0,0,0,0
TIC 35761475,F7V,5.71,6285,1.19806,1.15935,2.01778,22.2656,84 Cet,12530,1.42049,63.7974,1.36367,61.2455,3.2392,1.78156,1.70458,76.5569,4.049,2.22695,1.34946,60.6076,3.20546,1.763,2.37221,106.542,5.63486,3.09917,0,0,0,0,0,0,0,0,0,0,0,0,0,0
TIC 1629931,F2V(n),5.726,6966,1.65301,1.46264,5.7967,38.0684,HD 109141,61212,2.40763,63.245,2.31133,60.7152,3.21115,1.76613,2.88916,75.894,4.01394,2.20767,2.28725,60.0827,3.1777,1.74774,4.02075,105.619,5.58607,3.07234,0,0,0,0,0,0,0,0,0,0,0,0,0,0
TIC 356426177,F2VkF1mF0,5.739,7081.1,1.55193,1.45803,5.45562,36.9983,HD  56963,35643,2.33573,63.1306,2.2423,60.6054,3.20534,1.76294,2.80287,75.7567,4.00668,2.20367,2.21894,59.9741,3.17195,1.74458,3.90066,105.428,5.57596,3.06678,0,0,0,0,0,0,0,0,0,0,0,0,0,0
TIC 91437378,F0V(e),5.787,6681.8,1.50836,1.41,4.08579,32.6138,47 Ari,13834,2.02133,61.9778,1.94048,59.4987,3.14681,1.73075,2.4256,74.3733,3.93351,2.16343,1.92027,58.8789,3.11403,1.71272,3.37563,103.503,5.47414,3.01078,0,0,0,0,0,0,0,0,0,0,0,0,0,0
TIC 385924749,F5VFe-0.8CH-0.5,5.78,6488,1.8445,1.41332,5.43122,37.2693,HD  58461,35998,2.3305,62.5314,2.23728,60.0301,3.17492,1.7462,2.7966,75.0376,3.96865,2.18276,2.21397,59.4048,3.14185,1.72802,3.89193,104.427,5.52303,3.03767,0,0,0,0,0,0,0,0,0,0,0,0,0,0
TIC 394234013,G1V,5.87,5856.4,1.62958,1.08491,2.8143,26.982,HD  10800,7601,1.67759,62.1742,1.61048,59.6872,3.15678,1.73623,2.0131,74.6091,3.94598,2.17029,1.59371,59.0655,3.1239,1.71815,2.80157,103.831,5.49149,3.02032,0,0,0,0,0,0,0,0,0,0,0,0,0,0
TIC 463794734,F6V,5.8,6413,1.8038,1.3778,4.95813,35.7545,HD  89569,50493,2.22669,62.277,2.13762,59.786,3.16201,1.7391,2.67202,74.7324,3.95251,2.17388,2.11535,59.1632,3.12907,1.72099,3.71857,104.003,5.50057,3.02531,0,0,0,0,0,0,0,0,0,0,0,0,0,0
TIC 80881274,F2:V:,5.772,6681,2.02145,1.5181,7.33477,43.4013,HD  65301,39221,2.70828,62.4008,2.59995,59.9048,3.16829,1.74256,3.24993,74.8809,3.96036,2.1782,2.57286,59.2807,3.13529,1.72441,4.52282,104.209,5.5115,3.03133,0,0,0,0,0,0,0,0,0,0,0,0,0,0
TIC 392326236,F9IV,5.82,5981,1.90466,1.20656,4.1824,32.7604,CD-29 12513A,80399,2.04509,62.4258,1.96329,59.9288,3.16956,1.74326,2.45411,74.911,3.96195,2.17907,1.94284,59.3045,3.13654,1.7251,3.4153,104.251,5.51371,3.03254,0,0,0,0,0,0,0,0,0,0,0,0,0,0
TIC 27550294,F8V+G0V,4.664,6094.4,1.43188,1.5,2.54818,25.5689,zet Cnc,40167,1.5963,62.4314,1.53245,59.9341,3.16984,1.74341,1.91556,74.9176,3.9623,2.17927,1.51649,59.3098,3.13682,1.72525,2.66582,104.26,5.5142,3.03281,0,0,0,0,0,0,0,0,0,0,0,0,0,0
TIC 429102184,F4IV-V+DA,5.795,6642,1.97833,1.49183,6.8626,41.9566,56 Per A,20591,2.61966,62.4373,2.51487,59.9398,3.17014,1.74358,3.14359,74.9247,3.96268,2.17947,2.48867,59.3154,3.13712,1.72542,4.37483,104.27,5.51472,3.0331,0,0,0,0,0,0,0,0,0,0,0,0,0,0
TIC 118295808,F6III-IV,5.792,6467,2.04044,1.46413,6.56078,40.9936,20 Ari,10540,2.5614,62.483,2.45895,59.9837,3.17246,1.74485,3.07368,74.9796,3.96558,2.18107,2.43333,59.3588,3.13942,1.72668,4.27754,104.347,5.51876,3.03532,0,0,0,0,0,0,0,0,0,0,0,0,0,0
TIC 160103179,F0V,5.752,7186,1.79455,1.56536,7.73671,44.4533,HD 204485,106003,2.78149,62.5711,2.67023,60.0683,3.17694,1.74732,3.33779,75.0854,3.97117,2.18414,2.64242,59.4426,3.14384,1.72911,4.6451,104.494,5.52655,3.0396,0,0,0,0,0,0,0,0,0,0,0,0,0,0
TIC 116541746,F2V,5.742,6753.6,1.66101,1.44,5.17106,36.0494,HD 139798,76568,2.274,63.08,2.18304,60.5568,3.20278,1.76153,2.72879,75.696,4.00347,2.20191,2.1603,59.926,3.16941,1.74318,3.79757,105.344,5.5715,3.06432,0,0,0,0,0,0,0,0,0,0,0,0,0,0
TIC 36363632,F0V+,5.731,7308,1.56095,1.52832,6.26135,39.9646,HD  49434,32617,2.50227,62.6121,2.40218,60.1076,3.17902,1.74846,3.00272,75.1345,3.97377,2.18557,2.37716,59.4815,3.1459,1.73025,4.17879,104.562,5.53016,3.04159,0,0,0,0,0,0,0,0,0,0,0,0,0,0
TIC 95360514,F6V,5.82,6128,1.23651,1.14,1.9425,22.2483,39 Leo,50384,1.39374,62.6446,1.33799,60.1389,3.18067,1.74937,1.67248,75.1736,3.97584,2.18671,1.32405,59.5124,3.14754,1.73115,2.32754,104.617,5.53304,3.04317,0,0,0,0,0,0,0,0,0,0,0,0,0,0
TIC 281812116,F3V,5.771,6606.6,1.42548,1.30518,3.48764,29.7938,HD  49933,32851,1.86752,62.6815,1.79282,60.1743,3.18254,1.7504,2.24103,75.2179,3.97818,2.188,1.77415,59.5475,3.14939,1.73217,3.11876,104.678,5.5363,3.04497,0,0,0,0,0,0,0,0,0,0,0,0,0,0
TIC 277303601,F4IV-V,5.759,6628,1.4755,1.31122,3.78533,30.9829,HD 162917,87558,1.94559,62.7957,1.86777,60.2839,3.18834,1.75359,2.33471,75.3548,3.98542,2.19198,1.84831,59.6559,3.15513,1.73532,3.24914,104.869,5.54638,3.05051,0,0,0,0,0,0,0,0,0,0,0,0,0,0
TIC 4748040,F8VFe-0.4,5.79,6254,1.16605,1.24,1.87397,21.7597,HD  16673,12444,1.36893,62.9112,1.31417,60.3948,3.1942,1.75681,1.64272,75.4934,3.99276,2.19602,1.30048,59.7656,3.16093,1.73851,2.28612,105.062,5.55658,3.05612,0,0,0,0,0,0,0,0,0,0,0,0,0,0
TIC 382509773,F4V,5.771,6649.7,1.6011,1.36289,4.51586,33.7506,HD  64185,38160,2.12506,62.9635,2.04005,60.4449,3.19686,1.75827,2.55007,75.5562,3.99607,2.19784,2.0188,59.8153,3.16356,1.73996,3.54884,105.149,5.5612,3.05866,0,0,0,0,0,0,0,0,0,0,0,0,0,0
TIC 114960770,K2V,5.749,6609,1.28903,1.38,2.85604,26.7945,66 Vir,65420,1.68998,63.0719,1.62238,60.5491,3.20236,1.7613,2.02798,75.6863,4.00296,2.20163,1.60548,59.9183,3.16901,1.74295,2.82227,105.33,5.57078,3.06393,0,0,0,0,0,0,0,0,0,0,0,0,0,0
TIC 175400332,F4V,5.537,6579,1.84709,1.43333,5.75849,34.2607,phi Gru,115054,2.39968,70.0419,2.3037,67.2402,3.55625,1.95594,2.87962,84.0503,4.44531,2.44492,2.2797,66.5398,3.51921,1.93556,4.00747,116.97,6.1864,3.40252,0,0,0,0,0,0,0,0,0,0,0,0,0,0
TIC 323194041,F2V,5.52,6742,1.67388,1.42168,5.21556,32.5455,HD 210884,109474,2.28376,70.1714,2.19241,67.3645,3.56283,1.95955,2.74051,84.2056,4.45353,2.44944,2.16957,66.6628,3.52571,1.93914,3.81388,117.186,6.19783,3.40881,0,0,0,0,0,0,0,0,0,0,0,0,0,0
TIC 1042868,G2V,6.465,5802,1.5583,1.04062,2.47918,33.3021,24 LMi,50316,1.57454,47.2805,1.51156,45.3893,2.40058,1.32032,1.88945,56.7366,3.00073,1.6504,1.49581,44.9165,2.37558,1.30657,2.62948,78.9585,4.17602,2.29681,0,0,0,0,0,0,0,0,0,0,0,0,0,0
TIC 344770812,F2V,5.501,6825.6,1.73386,1.4778,5.87879,34.5293,e Psc,5346,2.42462,70.2192,2.32764,67.4104,3.56525,1.96089,2.90955,84.263,4.45657,2.45111,2.30339,66.7082,3.52812,1.94046,4.04912,117.266,6.20206,3.41113,0,0,0,0,0,0,0,0,0,0,0,0,0,0
TIC 248411315,F5.5VkF4mF2,5.119,6363,1.78657,1.37413,4.71394,25.3215,68 Eri,23941,2.17116,85.7436,2.08431,82.3139,4.35348,2.39441,2.60539,102.892,5.44185,2.99302,2.0626,81.4565,4.30813,2.36947,3.62584,143.192,7.57324,4.16528,0,0,0,0,0,0,0,0,0,0,0,0,0,0
TIC 21509804,F6V,5.104,6416,2.01198,1.45628,6.18017,28.8904,19 LMi,48833,2.486,86.049,2.38656,82.6071,4.36899,2.40294,2.98319,103.259,5.46123,3.00368,2.3617,81.7466,4.32348,2.37791,4.15161,143.702,7.60022,4.18012,0,0,0,0,0,0,0,0,0,0,0,0,0,0
TIC 265435357,F6(m)pec,5.15,6837,2.77432,1.80806,15.152,45.0459,alf Oct,104043,3.89256,86.4132,3.73685,82.9566,4.38747,2.41311,4.67107,103.696,5.48434,3.01639,3.69793,82.0925,4.34177,2.38797,6.50057,144.31,7.63238,4.19781,0,0,0,0,0,0,0,0,0,0,0,0,0,0
TIC 351604689,G0VFe-0.8CH-0.5,5.121,6043,1.94209,1.13,4.53153,24.6332,phi02 Pav,101983,2.12874,86.4176,2.04359,82.9609,4.3877,2.41323,2.55449,103.701,5.48462,3.01654,2.0223,82.0967,4.34199,2.3881,3.555,144.317,7.63277,4.19802,0,0,0,0,0,0,0,0,0,0,0,0,0,0
TIC 77288515,F3IV,5.05,6816.7,1.8177,1.48242,6.42739,28.8851,bet Cae,21861,2.53523,87.7696,2.43382,84.2588,4.45634,2.45099,3.04228,105.323,5.57043,3.06374,2.40847,83.3811,4.40992,2.42546,4.23383,146.575,7.75218,4.2637,0,0,0,0,0,0,0,0,0,0,0,0,0,0
TIC 303319608,F8V,5.067,6272,1.75016,1.32746,4.27044,23.364,64 Psc,3810,2.06651,88.4484,1.98384,84.9104,4.49081,2.46994,2.47981,106.138,5.61351,3.08743,1.96318,84.0259,4.44403,2.44422,3.45106,147.709,7.81213,4.29667,0,0,0,0,0,0,0,0,0,0,0,0,0,0
TIC 49845357,F8.5V,5.07,6145,1.78512,1.14,4.09372,22.8631,94 Cet,14954,2.02329,88.4961,1.94236,84.9563,4.49323,2.47128,2.42795,106.195,5.61654,3.0891,1.92213,84.0713,4.44643,2.44553,3.3789,147.788,7.81635,4.29899,0,0,0,0,0,0,0,0,0,0,0,0,0,0
TIC 366412503,F5V,5.03,6325,2.71511,1.65538,10.6295,36.6987,16 Cep,108535,3.26029,88.8395,3.12988,85.2859,4.51067,2.48087,3.91235,106.607,5.63833,3.10108,3.09728,84.3975,4.46368,2.45502,5.44468,148.362,7.84668,4.31567,0,0,0,0,0,0,0,0,0,0,0,0,0,0
TIC 461297684,F8IV,5.045,6105,2.00298,1.26504,5.02098,25.1285,5 Ser,74975,2.24075,89.1718,2.15112,85.605,4.52754,2.49015,2.68891,107.006,5.65943,3.11268,2.12872,84.7132,4.48038,2.46421,3.74206,148.917,7.87603,4.33182,0,0,0,0,0,0,0,0,0,0,0,0,0,0
TIC 308210818,F5.5V,5.04,6325,2.48792,1.58644,8.92501,33.3691,53 Vir,64407,2.98748,89.5282,2.86798,85.9471,4.54564,2.5001,3.58497,107.434,5.68204,3.12512,2.8381,85.0518,4.49828,2.47406,4.98908,149.512,7.90751,4.34913,0,0,0,0,0,0,0,0,0,0,0,0,0,0
TIC 441813918,F6IV-Vs,5.031,6191,2.46356,1.21,8.03273,31.6354,35 Dra,87234,2.83421,89.5897,2.72084,86.0061,4.54876,2.50182,3.40105,107.508,5.68594,3.12727,2.6925,85.1102,4.50137,2.47575,4.73313,149.615,7.91294,4.35212,0,0,0,0,0,0,0,0,0,0,0,0,0,0
TIC 458485558,F1IVab,8.75,7295,1.89698,1.65,9.18168,33.7069,V* CL Dra,78180,3.03013,89.8964,2.90892,86.3005,4.56433,2.51038,3.63616,107.876,5.70541,3.13797,2.87862,85.4015,4.51678,2.48423,5.06032,150.127,7.94003,4.36701,0,0,0,0,0,0,0,0,0,0,0,0,0,0
TIC 229534764,F2V,4.93,6806.57,1.64023,1.42388,5.20258,25.3328,78 UMa,63503,2.28092,90.0381,2.18968,86.4366,4.57152,2.51434,2.7371,108.046,5.71441,3.14292,2.16687,85.5362,4.5239,2.48815,3.80913,150.364,7.95255,4.3739,0,0,0,0,0,0,0,0,0,0,0,0,0,0
TIC 327701133,F2V,4.984,7030.9,1.63687,1.47745,5.89887,26.9676,9 Aur,23783,2.42876,90.0621,2.33161,86.4596,4.57274,2.51501,2.91451,108.075,5.71593,3.14376,2.30732,85.559,4.52511,2.48881,4.05603,150.404,7.95467,4.37507,0,0,0,0,0,0,0,0,0,0,0,0,0,0
TIC 233121747,F5V,4.987,6473,1.65906,1.35649,4.35351,23.1416,36 Dra,89348,2.08651,90.1625,2.00305,86.556,4.57784,2.51781,2.50381,108.195,5.7223,3.14726,1.98218,85.6544,4.53015,2.49158,3.48446,150.571,7.96353,4.37994,0,0,0,0,0,0,0,0,0,0,0,0,0,0
TIC 282254078,G2IV,5.079,5642,2.8318,1.02,7.3207,29.9821,kap Del,101916,2.70568,90.2431,2.59745,86.6334,4.58193,2.52006,3.24682,108.292,5.72742,3.15008,2.5704,85.731,4.5342,2.49381,4.51848,150.706,7.97065,4.38386,0,0,0,0,0,0,0,0,0,0,0,0,0,0
TIC 49725171,F5V,4.87,6532,1.95807,1.34645,6.28835,27.6821,ksi Sco B,,2.50766,90.5877,2.40735,86.9642,4.59943,2.52969,3.00919,108.705,5.74929,3.16211,2.38228,86.0583,4.55152,2.50334,4.18779,151.281,8.00109,4.4006,0,0,0,0,0,0,0,0,0,0,0,0,0,0
TIC 206238826,F2V,5.08,6806,1.64292,1.43724,5.21789,26.7553,mu. Cap,108036,2.28427,85.3764,2.1929,81.9614,4.33484,2.38416,2.74112,102.452,5.41854,2.9802,2.17006,81.1076,4.28968,2.35932,3.81473,142.579,7.54081,4.14744,0,0,0,0,0,0,0,0,0,0,0,0,0,0
TIC 254003502,F4VFe-0.8+,4.83,6776,1.93937,1.59316,7.1435,31.4159,eps CrA,93174,2.67273,85.0758,2.56582,81.6728,4.31957,2.37576,3.20728,102.091,5.39946,2.96971,2.5391,80.822,4.27458,2.35102,4.46346,142.077,7.51425,4.13284,0,0,0,0,0,0,0,0,0,0,0,0,0,0
TIC 279342892,G0V,5.198,5865,1.9224,1.19647,3.93961,23.333,kap For,11072,1.98484,85.0659,1.90545,81.6633,4.31907,2.37549,2.38181,102.079,5.39884,2.96936,1.8856,80.8126,4.27408,2.35074,3.31469,142.06,7.51338,4.13236,0,0,0,0,0,0,0,0,0,0,0,0,0,0
TIC 154842794,F1VFe-0.8,5.124,7148.09,1.59132,1.498,5.95621,29.0333,pi. PsA,113860,2.44053,84.0598,2.34291,80.6974,4.26798,2.34739,2.92864,100.872,5.33498,2.93424,2.31851,79.8568,4.22353,2.32294,4.07569,140.38,7.42452,4.08348,0,0,0,0,0,0,0,0,0,0,0,0,0,0
TIC 46125330,F5.5IV-V,5.192,6533.2,1.39541,1.27063,3.19595,21.7757,71 Ori,29650,1.78772,82.0972,1.71621,78.8133,4.16834,2.29259,2.14527,98.5166,5.21042,2.86573,1.69834,77.9923,4.12492,2.2687,2.9855,137.102,7.25117,3.98814,0,0,0,0,0,0,0,0,0,0,0,0,0,0
TIC 160268882,kA6hF0mF0(III),5.137,6823.5,1.99218,1.57017,7.75144,33.7938,V* CO Cam,59504,2.78414,82.3861,2.67278,79.0907,4.18301,2.30065,3.34097,98.8633,5.22876,2.87582,2.64493,78.2668,4.13944,2.27669,4.64952,137.585,7.27669,4.00218,0,0,0,0,0,0,0,0,0,0,0,0,0,0
TIC 383518546,F4V,5.16,6718,1.59822,1.37766,4.68734,26.2585,b02 Car,44143,2.16503,82.4507,2.07843,79.1526,4.18629,2.30246,2.59803,98.9408,5.23286,2.87807,2.05678,78.3281,4.14268,2.27847,3.61559,137.693,7.28239,4.00532,0,0,0,0,0,0,0,0,0,0,0,0,0,0
TIC 289715844,F1V,5.148,6898,1.54468,1.43184,4.86702,26.7528,37 UMa,51814,2.20613,82.4636,2.11789,79.165,4.18694,2.30282,2.64736,98.9563,5.23367,2.87852,2.09583,78.3404,4.14333,2.27883,3.68424,137.714,7.28353,4.00594,0,0,0,0,0,0,0,0,0,0,0,0,0,0
TIC 315568090,F7V,5.17,6368,1.90656,1.40346,5.3853,27.857,HD  99453,55779,2.32062,83.3048,2.2278,79.9726,4.22965,2.32631,2.78475,99.9658,5.28707,2.90789,2.20459,79.1396,4.18559,2.30208,3.87544,139.119,7.35783,4.04681,0,0,0,0,0,0,0,0,0,0,0,0,0,0
TIC 405148007,F5V,5.15,6621.1,1.57173,1.34907,4.27732,24.7166,HD 104731,58803,2.06817,83.6754,1.98544,80.3284,4.24847,2.33666,2.4818,100.411,5.31059,2.92082,1.96476,79.4916,4.20422,2.31232,3.45384,139.738,7.39057,4.06481,0,0,0,0,0,0,0,0,0,0,0,0,0,0
TIC 386886976,F3V,5.16,6597.5,1.53535,1.38,4.02369,23.9363,alf01 Lib,72603,2.00591,83.8023,1.92568,80.4502,4.25491,2.3402,2.4071,100.563,5.31864,2.92525,1.90562,79.6122,4.21059,2.31582,3.34988,139.95,7.40177,4.07097,0,0,0,0,0,0,0,0,0,0,0,0,0,0
TIC 170225363,F5.5V,5.14,6437,1.70343,1.36062,4.48823,25.2012,X Pup,32765,2.11855,84.0652,2.0338,80.7026,4.26826,2.34754,2.54225,100.878,5.33532,2.93443,2.01262,79.8619,4.2238,2.32309,3.53797,140.389,7.42499,4.08375,0,0,0,0,0,0,0,0,0,0,0,0,0,0
TIC 232563914,F8V,5.138,6144,1.89216,1.24363,4.59636,25.266,HD 136064,74605,2.14391,84.8536,2.05816,81.4594,4.30829,2.36956,2.57269,101.824,5.38536,2.96195,2.03672,80.6109,4.26341,2.34488,3.58033,141.705,7.49463,4.12205,0,0,0,0,0,0,0,0,0,0,0,0,0,0
TIC 235682463,A7V,5.107,7091.69,1.52912,1.46801,5.32819,27.3581,59 Dra,94083,2.30829,84.3732,2.21596,80.9983,4.2839,2.35614,2.76995,101.248,5.35487,2.94518,2.19287,80.1545,4.23927,2.3316,3.85484,140.903,7.4522,4.09871,0,0,0,0,0,0,0,0,0,0,0,0,0,0
TIC 389610795,F2V,5.1,6885,2.2678,1.5,10.4117,38.2143,iot Mic,102693,3.22671,84.4372,3.09764,81.0597,4.28715,2.35793,3.87205,101.325,5.35894,2.94741,3.06538,80.2154,4.24249,2.33337,5.38861,141.01,7.45785,4.10182,0,0,0,0,0,0,0,0,0,0,0,0,0,0
TIC 284120761,F5V,5.13,6424,1.63888,1.32858,4.1211,24.0126,37 Cet,5799,2.03005,84.5411,1.94885,81.1594,4.29242,2.36083,2.43606,101.449,5.36553,2.95104,1.92855,80.314,4.24771,2.33624,3.39018,141.184,7.46703,4.10686,0,0,0,0,0,0,0,0,0,0,0,0,0,0
TIC 318705095,F6V,5.16,6252,1.97187,1.40324,5.35211,27.3187,sig Peg,112935,2.31346,84.6841,2.22092,81.2968,4.29968,2.36483,2.77616,101.621,5.37461,2.95603,2.19779,80.4499,4.2549,2.34019,3.86348,141.422,7.47966,4.11381,0,0,0,0,0,0,0,0,0,0,0,0,0,0
TIC 207149599,F0III/IV,5.122,6857.9,2.59893,1.74788,13.4601,43.2903,mu. Hor,14240,3.6688,84.7489,3.52205,81.3589,4.30297,2.36664,4.40256,101.699,5.37872,2.95829,3.48536,80.5114,4.25815,2.34198,6.1269,141.531,7.48538,4.11696,0,0,0,0,0,0,0,0,0,0,0,0,0,0
TIC 471012084,F8V,4.96,6274.68,2.57129,1.56066,9.23343,35.8256,gam01 Del,102531,3.03866,84.818,2.91711,81.4253,4.30648,2.36857,3.64639,101.782,5.38311,2.96071,2.88672,80.5771,4.26163,2.34389,5.07455,141.646,7.49149,4.12032,0,0,0,0,0,0,0,0,0,0,0,0,0,0
TIC 82066,F0VSr,5.11,7253.55,1.64359,1.53302,6.73729,30.5917,m Hya A,72197,2.59563,84.8474,2.4918,81.4535,4.30798,2.36939,3.11475,101.817,5.38497,2.96173,2.46585,80.6051,4.2631,2.34471,4.3347,141.695,7.49409,4.12175,0,0,0,0,0,0,0,0,0,0,0,0,0,0
TIC 136915882,F6III-IV,5,6325,2.64274,1.61232,10.0704,34.9803,nu.01 Lup,75206,3.17339,90.7194,3.04645,87.0906,4.60611,2.53336,3.80807,108.863,5.75764,3.1667,3.01472,86.1834,4.55813,2.50697,5.29956,151.501,8.01272,4.407,0,0,0,0,0,0,0,0,0,0,0,0,0,0
TIC 160600809,F5V,4.965,6820,1.94487,1.53879,7.37246,29.8969,eta UMi,79822,2.71523,90.8197,2.60662,87.1869,4.61121,2.53616,3.25827,108.984,5.76401,3.1702,2.57947,86.2787,4.56317,2.50975,4.53443,151.669,8.02158,4.41187,0,0,0,0,0,0,0,0,0,0,0,0,0,0
TIC 502502097,F4(V),5.16,6532,1.99899,1.34645,6.5539,27.9938,ksi Sco A,,2.56006,91.4508,2.45766,87.7927,4.64325,2.55379,3.07207,109.741,5.80406,3.19223,2.43206,86.8782,4.59488,2.52719,4.2753,152.723,8.07732,4.44253,0,0,0,0,0,0,0,0,0,0,0,0,0,0
TIC 421444084,F8IV-V+F9IV-V,4.51,6161,2.93376,1.62345,11.1724,28.3796,ups Cep,102431,3.34252,117.779,3.20882,113.068,5.98003,3.28902,4.01103,141.335,7.47503,4.11127,3.1754,111.89,5.91774,3.25475,5.58201,196.691,10.4028,5.72152,0,0,0,0,0,0,0,0,0,0,0,0,0,0
TIC 252756054,F1V,4.52,7173.4,1.75731,1.57355,7.36698,24.8165,7 And,114570,2.71422,109.371,2.60565,104.997,5.55314,3.05423,3.25706,131.246,6.94143,3.81778,2.57851,103.903,5.4953,3.02241,4.53274,182.65,9.66015,5.31308,0,0,0,0,0,0,0,0,0,0,0,0,0,0
TIC 125165048,F3V,4.54,6643.9,2.68681,1.4,12.6725,32.2044,47 Oph,85365,3.55985,110.539,3.41745,106.118,5.61243,3.08683,4.27181,132.647,7.01553,3.85854,3.38185,105.012,5.55396,3.05468,5.94494,184.6,9.76328,5.3698,0,0,0,0,0,0,0,0,0,0,0,0,0,0
TIC 100708841,A9IV,4.495,7358.55,1.65919,1.57508,7.27203,24.183,eta Ind,102333,2.69667,111.511,2.5888,107.05,5.66176,3.11397,3.236,133.813,7.07721,3.89246,2.56184,105.935,5.60279,3.08153,4.50344,186.223,9.84911,5.41701,0,0,0,0,0,0,0,0,0,0,0,0,0,0
TIC 175800228,F2V,4.49,7027,2.09131,1.55,9.60748,27.5136,16 Lib,73165,3.09959,112.657,2.97561,108.151,5.71996,3.14598,3.71951,135.188,7.14994,3.93247,2.94461,107.024,5.66037,3.1132,5.17632,188.137,9.95034,5.47269,0,0,0,0,0,0,0,0,0,0,0,0,0,0
TIC 150182413,kA3VmF5IIISr,4.48,7342.13,1.99643,1.67637,10.435,28.5874,f UMa,44901,3.23032,112.998,3.10111,108.478,5.73729,3.15551,3.87639,135.598,7.17161,3.94438,3.06881,107.348,5.67752,3.12264,5.39464,188.707,9.98049,5.48927,0,0,0,0,0,0,0,0,0,0,0,0,0,0
TIC 334487469,Am+F7/8V,4.29,7262,2.2943,1.73773,13.1892,31.3438,ksi Cep,108917,3.63169,115.866,3.48643,111.232,5.88291,3.2356,4.35803,139.04,7.35364,4.0445,3.45011,110.073,5.82163,3.2019,6.06493,193.497,10.2338,5.6286,0,0,0,0,0,0,0,0,0,0,0,0,0,0
TIC 456871289,F6IV-V,4.39,6208,2.66548,1.2,9.50717,26.2067,HD  60532,36795,3.08337,117.656,2.96004,112.95,5.97377,3.28558,3.70004,141.187,7.46722,4.10697,2.9292,111.773,5.91155,3.25135,5.14923,196.486,10.3919,5.71553,0,0,0,0,0,0,0,0,0,0,0,0,0,0
TIC 381132939,A9IIIp,4.26,7105.76,2.21411,1.6,11.2599,26.5359,mu. Cet,12828,3.35558,126.454,3.22135,121.396,6.42048,3.53127,4.02669,151.745,8.02561,4.41408,3.1878,120.131,6.3536,3.49448,5.60381,211.178,11.169,6.14293,0,0,0,0,0,0,0,0,0,0,0,0,0,0
TIC 104572330,F2V,4.616,6634.8,1.84201,1.46204,5.92364,22.9711,zet Ser,88175,2.43385,105.953,2.3365,101.715,5.37956,2.95876,2.92062,127.143,6.72445,3.69845,2.31216,100.655,5.32352,2.92794,4.06453,176.941,9.35819,5.147,0,0,0,0,0,0,0,0,0,0,0,0,0,0
TIC 330608569,F0V(Sr),4.187,7307.6,2.08038,1.70769,11.1193,26.1808,eps Cep,109857,3.33457,127.367,3.20118,122.272,6.46682,3.55675,4.00148,152.84,8.08352,4.44594,3.16784,120.998,6.39946,3.5197,5.56872,212.702,11.2496,6.18726,0,0,0,0,0,0,0,0,0,0,0,0,0,0
TIC 282038438,F5.5IV-V,4.19,6367,2.04451,1.46163,6.18889,19.3423,110 Her,92043,2.48775,128.617,2.38824,123.472,6.53029,3.59166,2.9853,154.34,8.16286,4.48958,2.36336,122.186,6.46227,3.55425,4.15454,214.79,11.36,6.24799,0,0,0,0,0,0,0.125667,0,0,0,0,0,0,0.0733333
TIC 87238691,kA5hA9mF1III,4.153,7499,1.91965,1.67217,10.4991,24.9464,b Oph,85340,3.24024,129.888,3.11063,124.693,6.59484,3.62716,3.88829,155.866,8.24356,4.53396,3.07823,123.394,6.52615,3.58938,5.4112,216.913,11.4723,6.30976,0,0,0,0,0,0,0,0,0,0,0,0,0,0
TIC 396915247,F3V,3.937,6760,2.40903,1.72,10.9185,23.598,iot Leo,55642,3.30432,140.026,3.17215,134.424,7.10955,3.91025,3.96519,168.031,8.88693,4.88781,3.13911,133.024,7.03549,3.86952,5.51822,233.843,12.3676,6.80221,0,0,0,0,0,0,0.000333333,0,0,0,0,0,0,0
TIC 441709021,F7V,4.05,6280,1.72695,1.32081,4.17922,14.4737,tet Boo,70497,2.04431,141.243,1.96254,135.594,7.17138,3.94426,2.45318,169.492,8.96422,4.93032,1.9421,134.181,7.09667,3.90317,3.414,235.876,12.4752,6.86136,0,0,0,0,0,0,0.492667,0,0,0,0,0,0,0.779667
TIC 262841041,F4V,3.98,6542.1,2.50226,1.64053,10.333,22.697,gam Tuc,114996,3.2145,141.627,3.08592,135.962,7.19086,3.95497,3.85741,169.952,8.98857,4.94371,3.05378,134.546,7.11595,3.91377,5.36822,236.517,12.5091,6.88,0,0,0,0,0,0,0.0116667,0,0,0,0,0,0,0
TIC 86336880,F0V,3.67,6748.4,2.86492,1.44,15.3364,23.7287,h UMa,46733,3.91617,165.04,3.75953,158.438,8.37959,4.60877,4.69941,198.047,10.4745,5.76097,3.72036,156.788,8.2923,4.56077,6.54001,275.616,14.577,8.01735,0,0,0,0,0,0,0,0,0,0,0,0,0,0
TIC 350347140,F2III,4.62,7022,2.08231,1.61,9.49796,28.9011,chi Leo,54182,3.08188,106.635,2.9586,102.37,5.41422,2.97782,3.69825,127.962,6.76777,3.72227,2.92778,101.304,5.35782,2.9468,5.14673,178.081,9.41848,5.18016,0,0,0,0,0,0,0,0,0,0,0,0,0,0
TIC 417826718,F6IIIn,4.64,7390,2.28938,1.75763,14.0834,36.1399,tau UMa,45075,3.75278,103.84,3.60267,99.6867,5.27231,2.89977,4.50334,124.608,6.59038,3.62471,3.56514,98.6483,5.21739,2.86956,6.26714,173.413,9.17162,5.04439,0,0,0,0,0,0,0,0,0,0,0,0,0,0
TIC 229686929,kA3hF0mF0(IV-V),4.897,7415.27,1.69023,1.59777,7.78207,30.0925,nu.01 Dra,85819,2.78964,92.702,2.67805,88.9939,4.70678,2.58873,3.34756,111.242,5.88348,3.23591,2.65015,88.0669,4.65775,2.56176,4.65869,154.812,8.18784,4.50331,0,0,0,0,0,0,0,0,0,0,0,0,0,0
TIC 4746245,F5V,4.87,6458,2.11031,1.35,6.9788,27.0343,eps Cet,12390,2.64174,97.7181,2.53607,93.8094,4.96146,2.7288,3.17009,117.262,6.20183,3.41101,2.50965,92.8322,4.90978,2.70038,4.41171,163.189,8.63088,4.74698,0,0,0,0,0,0,0,0,0,0,0,0,0,0
TIC 37018039,F4V,4.92,6468,2.13127,1.56,7.16229,28.8296,eps Lib,75379,2.67625,92.8299,2.5692,89.1167,4.71327,2.5923,3.21149,111.396,5.89159,3.24037,2.54243,88.1884,4.66418,2.5653,4.46933,155.026,8.19913,4.50952,0,0,0,0,0,0,0,0,0,0,0,0,0,0
TIC 52194638,F6V+K1V,4.25,6513,1.70939,1.36597,4.73697,23.2875,kap Tuc,5896,2.17646,93.4603,2.0894,89.7219,4.74528,2.6099,2.61175,112.152,5.9316,3.26238,2.06764,88.7873,4.69585,2.58272,3.63468,156.079,8.25481,4.54015,0,0,0,0,0,0,0,0,0,0,0,0,0,0
TIC 229686919,kA4hF2VmF3,4.865,7272,1.76009,1.58987,7.80512,29.8779,nu.02 Dra,85829,2.79376,93.5061,2.68201,89.7659,4.74761,2.61118,3.35252,112.207,5.93451,3.26398,2.65408,88.8308,4.69815,2.58398,4.66559,156.155,8.25886,4.54237,0,0,0,0,0,0,0,0,0,0,0,0,0,0
TIC 199661915,F2V,4.837,6719,1.89703,1.43,6.60785,26.7163,HD 151613,82020,2.57057,96.2175,2.46775,92.3688,4.88527,2.6869,3.08469,115.461,6.10659,3.35862,2.44205,91.4066,4.83438,2.65891,4.29286,160.683,8.49834,4.67408,0,0,0,0,0,0,0,0,0,0,0,0,0,0
TIC 433140338,F9V,4.92,6103,2.06192,1.28875,5.31388,23.8988,12 Per,12623,2.30519,96.4562,2.21298,92.5979,4.89739,2.69357,2.76622,115.747,6.12174,3.36696,2.18993,91.6334,4.84638,2.66551,3.84966,161.082,8.51942,4.68568,0,0,0,0,0,0,0,0,0,0,0,0,0,0
TIC 270639162,A9Ib/II,4.817,7009.5,1.84087,1.54097,7.37038,28.1173,sig Ser,80179,2.71484,96.5544,2.60625,92.6922,4.90238,2.69631,3.25781,115.865,6.12797,3.37038,2.5791,91.7266,4.85131,2.66822,4.53379,161.246,8.52809,4.69045,0,0,0,0,0,0,0,0,0,0,0,0,0,0
TIC 191764184,F4IV,4.83,6534.6,2.17431,1.53832,7.76626,28.7818,ome And,6813,2.7868,96.8251,2.67533,92.9521,4.91612,2.70387,3.34416,116.19,6.14515,3.37983,2.64746,91.9839,4.86491,2.6757,4.65396,161.698,8.55201,4.7036,0,0,0,0,0,0,0,0,0,0,0,0,0,0
TIC 60986648,F0V,4.766,7311,2.46971,1.65,15.6998,40.4193,lam Ari,9153,3.9623,98.0298,3.8038,94.1086,4.97729,2.73751,4.75476,117.636,6.22161,3.42188,3.76418,93.1283,4.92544,2.70899,6.61704,163.71,8.6584,4.76212,0,0,0,0,0,0,0,0,0,0,0,0,0,0
TIC 308844962,F6VFe-0.8CH-0.4,4.742,6483,2.26839,1.5429,8.18903,27.6095,B Car,39903,2.86165,103.647,2.74718,99.5015,5.26251,2.89438,3.43398,124.377,6.57814,3.61797,2.71857,98.465,5.20769,2.86423,4.77895,173.091,9.15457,5.03502,0,0,0,0,0,0,0,0,0,0,0,0,0,0
TIC 351475845,F0V,4.745,7211.12,1.79554,1.58493,7.85411,28.0573,phi01 Pav,101612,2.80252,99.8855,2.69042,95.8901,5.07151,2.78933,3.36302,119.863,6.33938,3.48666,2.66239,94.8912,5.01868,2.76027,4.68021,166.809,8.82231,4.85227,0,0,0,0,0,0,0,0,0,0,0,0,0,0
TIC 233195546,F4V,4.778,6504.82,1.87978,1.42579,5.69964,23.7494,ome Dra,86201,2.38739,100.524,2.2919,96.5032,5.10394,2.80717,2.86487,120.629,6.37992,3.50896,2.26802,95.498,5.05077,2.77792,3.98695,167.875,8.87872,4.8833,0,0,0,0,0,0,0,0,0,0,0,0,0,0
TIC 354619745,A9VpSrCrEu,4.68,7489.1,2.12615,1.74051,12.8115,35.3637,gam Equ,104521,3.57932,101.214,3.43614,97.1657,5.13898,2.82644,4.29518,121.457,6.42372,3.53305,3.40035,96.1536,5.08545,2.79699,5.97746,169.028,8.93968,4.91682,0,0,0,0,0,0,0,0,0,0,0,0,0,0
TIC 24910738,F0V,4.68,6342.5,1.97138,1.26,5.66601,23.4874,chi Cet,8497,2.38034,101.345,2.28512,97.2916,5.14563,2.8301,2.85641,121.615,6.43204,3.53762,2.26132,96.2782,5.09203,2.80062,3.97516,169.247,8.95126,4.92319,0,0,0,0,0,0,0,0,0,0,0,0,0,0
TIC 23913506,A3II,4.72,7090,2.98869,1.57,20.3348,44.2319,mu. Aqr,103045,4.50941,101.949,4.32904,97.8713,5.17629,2.84696,5.4113,122.339,6.47036,3.5587,4.28394,96.8518,5.12237,2.8173,7.53072,170.255,9.00459,4.95252,0,0,0,0,0,0,0,0,0,0,0,0,0,0
TIC 155463738,kA8mF0Vp,4.715,7178,1.85413,1.60451,8.22223,27.9408,e Gem,33202,2.86744,102.626,2.75275,98.5206,5.21063,2.86585,3.44093,123.151,6.51329,3.58231,2.72407,97.4944,5.15636,2.836,4.78863,171.385,9.06433,4.98538,0,0,0,0,0,0,0,0,0,0,0,0,0,0
TIC 79215518,F1.5V,4.664,6745.3,2.25708,1.62067,9.50157,29.762,pi. CMa,33302,3.08246,103.57,2.95916,99.4277,5.25861,2.89223,3.69895,124.285,6.57326,3.61529,2.92834,98.392,5.20383,2.86211,5.14771,172.963,9.14778,5.03128,0,0,0,0,0,0,0,0,0,0,0,0,0,0
TIC 150268783,F5III,5.178,6922,2.1047,1.61581,9.1622,36.9304,HD  92787,52469,3.02691,81.9626,2.90584,78.6841,4.16151,2.28883,3.6323,98.3552,5.20188,2.86104,2.87557,77.8645,4.11816,2.26499,5.05495,136.878,7.23929,3.98161,0,0,0,0,0,0,0,0,0,0,0,0,0,0
TIC 60846097,F3V,5.24,6592,2.03761,1.49343,7.0633,32.4535,63 Gem,36238,2.65769,81.8921,2.55138,78.6164,4.15793,2.28686,3.18922,98.2705,5.19741,2.85857,2.5248,77.7975,4.11461,2.26304,4.43834,136.76,7.23306,3.97818,0,0,0,0,0,0,0,0,0,0,0,0,0,0
TIC 52160996,F6V,5.24,6449,1.95443,1.43828,5.95256,30.0361,b03 Hya,53252,2.43979,81.2284,2.34219,77.9793,4.12423,2.26832,2.92774,97.4741,5.15528,2.83541,2.3178,77.167,4.08127,2.2447,4.07444,135.651,7.17444,3.94594,0,0,0,0,0,0,0,0,0,0,0,0,0,0
TIC 405799481,G1V,5.412,5929,2.41286,1.45,6.48164,34.4234,ome Leo,46454,2.54591,73.9586,2.44407,71.0002,3.75511,2.06531,3.05509,88.7503,4.69389,2.58164,2.41861,70.2606,3.716,2.0438,4.25166,123.511,6.53233,3.59278,0,0,0,0,0,0,0,0,0,0,0,0,0,0
TIC 389012309,A8/9IV,5.419,7147.07,2.26358,1.72586,12.0447,47.581,zet Oct,43908,3.47055,72.9399,3.33173,70.0223,3.70339,2.03687,4.16466,87.5278,4.62924,2.54608,3.29702,69.2929,3.66481,2.01565,5.79582,121.81,6.44236,3.5433,0,0,0,0,0,0,0,0,0,0,0,0,0,0
TIC 371127111,F3V,5.425,6787.1,1.78828,1.47427,6.1137,33.8515,HD 171834,91237,2.47259,73.0422,2.37369,70.1205,3.70859,2.03972,2.96711,87.6507,4.63574,2.54965,2.34896,69.3901,3.66996,2.01848,4.12922,121.981,6.4514,3.54827,0,0,0,0,0,0,0,0,0,0,0,0,0,0
TIC 249864448,F3IV/V,5.68,6749,1.715,1.41215,5.49771,32.0975,42 Aql,96556,2.34472,73.05,2.25093,70.128,3.70898,2.03994,2.81366,87.66,4.63623,2.54993,2.22748,69.3975,3.67035,2.01869,3.91568,121.993,6.45208,3.54865,0,0,0,0,0,0,0,0,0,0,0,0,0,0
TIC 439213914,F7V,5.451,6360,1.90472,1.40512,5.34793,31.6255,HD 184985,96536,2.31256,73.1233,2.22006,70.1984,3.71271,2.04199,2.77507,87.748,4.64088,2.55249,2.19693,69.4672,3.67403,2.02072,3.86197,122.116,6.45856,3.55221,0,0,0,0,0,0,0,0,0,0,0,0,0,0
TIC 410696277,F8V,5.47,6321,1.73812,1.26,4.34509,28.3688,49 Lib,78400,2.08449,73.4781,2.00111,70.539,3.73072,2.0519,2.50139,88.1737,4.6634,2.56487,1.98026,69.8042,3.69186,2.03052,3.4811,122.708,6.4899,3.56944,0,0,0,0,0,0,0,0,0,0,0,0,0,0
TIC 60709182,F2IV,5.41,6912,1.75068,1.50072,6.30262,34.1332,HD 109799,61621,2.5105,73.5502,2.41008,70.6082,3.73438,2.05391,3.0126,88.2603,4.66798,2.56739,2.38498,69.8727,3.69548,2.03252,4.19254,122.829,6.49627,3.57295,0,0,0,0,0,0,0,0,0,0,0,0,0,0
TIC 219420836,F6IV,5.45,6380,2.16515,1.48693,6.99766,35.8782,zet Pic,24829,2.64531,73.7303,2.5395,70.7811,3.74352,2.05894,3.17437,88.4764,4.6794,2.57367,2.51304,70.0438,3.70453,2.03749,4.41766,123.13,6.51217,3.58169,0,0,0,0,0,0,0,0,0,0,0,0,0,0
TIC 145740988,F5IV/V,5.43,6461,2.4556,1.60284,9.46693,41.6016,HD 155078,83962,3.07684,73.9595,2.95376,71.0011,3.75516,2.06534,3.69221,88.7514,4.69395,2.58167,2.923,70.2615,3.71605,2.04383,5.13832,123.512,6.53242,3.59283,0,0,0,0,0,0,0,0,0,0,0,0,0,0
TIC 29385285,F2IV-V,5.424,6930,2.12058,1.61194,9.34412,42.0035,lam CrB,78012,3.05682,72.7753,2.93454,69.8643,3.69504,2.03227,3.66818,87.3304,4.61879,2.54034,2.90398,69.1365,3.65655,2.0111,5.10488,121.535,6.42782,3.5353,0,0,0,0,0,0,0,0,0,0,0,0,0,0
TIC 354552931,F8/G2,5.453,6002,2.97229,1.13,10.3291,43.4083,HD  36553,25768,3.21389,74.0386,3.08533,71.077,3.75918,2.06755,3.85667,88.8463,4.69897,2.58443,3.05319,70.3366,3.72002,2.04601,5.36719,123.644,6.5394,3.59667,0,0,0,0,0,0,0,0,0,0,0,0,0,0
TIC 86433449,F5IV,5.396,6715,1.43623,1.33341,3.77858,26.0793,18 Boo,69989,1.94386,74.5364,1.8661,71.5549,3.78445,2.08145,2.33263,89.4436,4.73056,2.60181,1.84667,70.8095,3.74503,2.05977,3.24624,124.476,6.58337,3.62085,0,0,0,0,0,0,0,0,0,0,0,0,0,0
TIC 237622598,F5VFe-1CH-0.7,5.39,6844.7,1.45478,1.36603,4.18509,27.4161,51 Aql,97650,2.04575,74.6187,1.96392,71.634,3.78863,2.08375,2.4549,89.5425,4.73579,2.60468,1.94346,70.8878,3.74917,2.06204,3.4164,124.613,6.59064,3.62485,0,0,0,0,0,0,0,0,0,0,0,0,0,0
TIC 371026327,F5III,5.39,6742,2.18951,1.59138,8.92364,39.8139,HD 171802,91217,2.98725,75.0302,2.86776,72.029,3.80952,2.09524,3.5847,90.0362,4.7619,2.61905,2.83788,71.2787,3.76984,2.07341,4.9887,125.3,6.62698,3.64484,0,0,0,0,0,0,0,0,0,0,0,0,0,0
TIC 303606981,F5VFe-0.7CH-0.5,5.39,6639,1.92419,1.4,6.48038,33.9202,128 Car,45571,2.54566,75.0485,2.44383,72.0466,3.81045,2.09575,3.05479,90.0582,4.76307,2.61969,2.41838,71.2961,3.77076,2.07392,4.25125,125.331,6.6286,3.64573,0,0,0,0,0,0,0,0,0,0,0,0,0,0
TIC 219367750,F5V,5.372,6635,1.49108,1.31771,3.88204,26.2403,eta01 Pic,23482,1.97029,75.0865,1.89148,72.083,3.81238,2.09681,2.36435,90.1038,4.76548,2.62101,1.87178,71.3322,3.77267,2.07497,3.29038,125.394,6.63196,3.64758,0,0,0,0,0,0,0,0,0,0,0,0,0,0
TIC 292234186,A9III/IV,5.36,7160.54,2.3889,1.757,13.5168,48.8504,HD 129422,72131,3.67651,75.2607,3.52945,72.2502,3.82123,2.10167,4.41182,90.3128,4.77653,2.62709,3.49269,71.4976,3.78142,2.07978,6.13978,125.685,6.64734,3.65604,0,0,0,0,0,0,0,0,0,0,0,0,0,0
TIC 408130113,F3V(n),5.421,6894.5,1.52296,1.40765,4.7215,29.8188,HD  14691,11029,2.1729,72.8702,2.08599,69.9554,3.69985,2.03492,2.60748,87.4442,4.62482,2.54365,2.06426,69.2267,3.66131,2.01372,3.62875,121.693,6.4362,3.53991,0,0,0,0,0,0,0,0,0,0,0,0,0,0
TIC 40535161,F6.5V,5.48,6195,1.68617,1.20162,3.77278,26.8234,iot Crt,56802,1.94236,72.4129,1.86467,69.5164,3.67664,2.02215,2.33084,86.8955,4.5958,2.52769,1.84525,68.7923,3.63834,2.00109,3.24375,120.93,6.39582,3.5177,0,0,0,0,0,0,0,0,0,0,0,0,0,0
TIC 382582555,F2II/III,5.355,6848,2.56592,1.48,13.0447,47.7309,lam Hor,11258,3.61175,75.669,3.46728,72.6422,3.84196,2.11308,4.3341,90.8028,4.80245,2.64135,3.43116,71.8856,3.80194,2.09107,6.03162,126.367,6.68341,3.67587,0,0,0,0,0,0,0,0,0,0,0,0,0,0
TIC 422142487,F6.5V,5.54,6316,1.33701,1.18893,2.56291,22.543,18 Pup,40035,1.60091,71.0159,1.53687,68.1753,3.60571,1.98314,1.92109,85.2191,4.50713,2.47892,1.52086,67.4651,3.56815,1.96248,2.67352,118.597,6.27243,3.44984,0,0,0,0,0,0,0,0,0,0,0,0,0,0
TIC 17542164,F6V,5.55,5923,1.51756,1.05681,2.55361,22.6784,sig CrB A,79607,1.598,70.4638,1.53408,67.6452,3.57767,1.96772,1.9176,84.5565,4.47209,2.45965,1.5181,66.9406,3.5404,1.94722,2.66867,117.674,6.22366,3.42301,0,0,0,0,0,0,0,0,0,0,0,0,0,0
TIC 431380163,F5IV-V,5.506,6612,1.57009,1.34054,4.24497,29.1874,iot Hyi,15201,2.06033,70.5898,1.97792,67.7662,3.58407,1.97124,2.4724,84.7077,4.48009,2.46405,1.95732,67.0603,3.54674,1.95071,3.44076,117.885,6.23479,3.42913,0,0,0,0,0,0,0,0,0,0,0,0,0,0
TIC 288404080,F0V,5.476,7295,2.09022,1.70087,11.1476,47.2808,18 Aqr,105668,3.3388,70.6165,3.20525,67.7918,3.58543,1.97198,4.00656,84.7398,4.48178,2.46498,3.17186,67.0857,3.54808,1.95144,5.5758,117.93,6.23715,3.43043,0,0,0,0,0,0,0,0,0,0,0,0,0,0
TIC 152449405,F6V,5.526,6384,2.79634,1.63093,11.7016,48.3995,HD 156098,84551,3.42076,70.6776,3.28393,67.8505,3.58853,1.97369,4.10491,84.8131,4.48566,2.46711,3.24972,67.1437,3.55115,1.95313,5.71267,118.032,6.24255,3.4334,0,0,0,0,0,0,0,0,0,0,0,0,0,0
TIC 325279209,F0IIp,5.472,7254.34,1.74032,1.56285,7.55693,38.8226,psi Oct,110078,2.74899,70.8089,2.63903,67.9765,3.5952,1.97736,3.29879,84.9707,4.49399,2.4717,2.61154,67.2685,3.55775,1.95676,4.59081,118.251,6.25414,3.43978,0,0,0,0,0,0,0,0,0,0,0,0,0,0
TIC 156016477,F5V+,5.51,6696.8,1.84978,1.4487,6.20015,35.1369,lam02 Phe,2802,2.49001,70.866,2.39041,68.0314,3.59809,1.97895,2.98801,85.0392,4.49762,2.47369,2.36551,67.3227,3.56061,1.95834,4.15832,118.346,6.25919,3.44255,0,0,0,0,0,0,0,0,0,0,0,0,0,0
TIC 210514156,F5IV,5.502,6380,2.55392,1.60944,9.73623,43.9628,HD 146836,79980,3.12029,70.9758,2.99548,68.1367,3.60367,1.98202,3.74435,85.1709,4.50458,2.47752,2.96428,67.427,3.56613,1.96137,5.21089,118.53,6.26888,3.44788,0,0,0,0,0,0,0,0,0,0,0,0,0,0
TIC 326202925,F2V,5.53,6346,1.58544,1.30694,3.67278,26.9574,15 Peg,107975,1.91645,71.0918,1.83979,68.2482,3.60956,1.98526,2.29974,85.3102,4.51195,2.48157,1.82063,67.5372,3.57196,1.96458,3.20047,118.723,6.27913,3.45352,0,0,0,0,0,0,0,0,0,0,0,0,0,0
TIC 407997659,F2Vs,5.448,6762.1,1.85247,1.48914,6.4643,35.1364,HD  25570,18975,2.5425,72.3609,2.4408,69.4664,3.67399,2.0207,3.051,86.8331,4.59249,2.52587,2.41537,68.7428,3.63572,1.99965,4.24597,120.843,6.39122,3.51517,0,0,0,0,0,0,0,0,0,0,0,0,0,0
TIC 126983005,F0V,5.535,6821.4,1.67629,1.38,5.48137,32.9322,pi. Psc,7535,2.34123,71.0926,2.24758,68.2489,3.6096,1.98528,2.80948,85.3111,4.512,2.4816,2.22417,67.538,3.572,1.9646,3.90986,118.725,6.2792,3.45356,0,0,0,0,0,0,0,0,0,0,0,0,0,0
TIC 353257675,F8V,5.522,6381,1.23494,1.1579,2.27793,21.1749,50 Per,19335,1.50928,71.2768,1.44891,68.4257,3.61895,1.99042,1.81114,85.5321,4.52369,2.48803,1.43382,67.7129,3.58125,1.96969,2.5205,119.032,6.29546,3.46251,0,0,0,0,0,0,0,0,0,0,0,0,0,0
TIC 459250741,F8V,5.529,6167,2.10062,1.30519,5.75022,33.622,14 Boo,69536,2.39796,71.3211,2.30204,68.4682,3.6212,1.99166,2.87755,85.5853,4.5265,2.48958,2.27806,67.755,3.58348,1.97091,4.00459,119.106,6.29938,3.46466,0,0,0,0,0,0,0,0,0,0,0,0,0,0
TIC 156003229,F6V,5.57,6434,1.47901,1.25117,3.37725,25.7411,HD   3158,2711,1.83773,71.3928,1.76422,68.5371,3.62484,1.99366,2.20528,85.6713,4.53105,2.49208,1.74584,67.8231,3.58708,1.97289,3.06901,119.226,6.30571,3.46814,0,0,0,0,0,0,0,0,0,0,0,0,0,0
TIC 39836825,F4V,5.48,6722,1.4228,1.32571,3.72371,26.9727,HD 147365,80008,1.92969,71.5425,1.8525,68.6808,3.63244,1.99784,2.31563,85.851,4.54055,2.4973,1.83321,67.9654,3.5946,1.97703,3.22259,119.476,6.31893,3.47541,0,0,0,0,0,0,0,0,0,0,0,0,0,0
TIC 422856892,F6IV-V,5.49,6479,2.06314,1.32,6.75745,36.1348,HD 186185,97063,2.59951,71.9392,2.49553,69.0616,3.65258,2.00892,3.11941,86.327,4.56573,2.51115,2.46953,68.3422,3.61454,1.988,4.34118,120.138,6.35398,3.49469,0,0,0,0,0,0,0,0,0,0,0,0,0,0
TIC 63041201,F3V,5.47,6738.4,2.15583,1.52,8.63275,40.631,HD  51733,33478,2.93815,72.3132,2.82063,69.4207,3.67157,2.01937,3.52578,86.7758,4.58947,2.52421,2.79125,68.6975,3.63333,1.99833,4.90672,120.763,6.38701,3.51285,0,0,0,0,0,0,0,0,0,0,0,0,0,0
TIC 73764350,A8V,5.329,7408,1.88866,1.69,9.67846,41.2773,HD  90132,50888,3.11102,75.3689,2.98658,72.3541,3.82672,2.1047,3.73323,90.4427,4.7834,2.63087,2.95547,71.6004,3.78686,2.08277,5.19541,125.866,6.6569,3.66129,0,0,0,0,0,0,0,0,0,0,0,0,0,0
TIC 234498449,F6V,5.381,6365,2.63315,1.27,10.2527,42.2225,rho Tuc,3330,3.20199,75.8361,3.07391,72.8027,3.85044,2.11774,3.84239,91.0033,4.81305,2.64718,3.04189,72.0443,3.81033,2.09568,5.34732,126.646,6.69817,3.68399,0,0,0,0,0,0,0,0,0,0,0,0,0,0
TIC 446006789,G1IVb,5.3,5792,1.91725,1.16604,3.72705,23.7858,mu.02 Cnc,39780,1.93056,81.1644,1.85334,77.9179,4.12098,2.26654,2.31667,97.3973,5.15122,2.83317,1.83403,77.1062,4.07805,2.24293,3.22403,135.545,7.16879,3.94283,0,0,0,0,0,0,0,0,0,0,0,0,0,0
TIC 141201605,F0Vam,5.219,7357.11,1.6455,1.56142,7.14687,33.337,67 UMa,58684,2.67336,80.1921,2.56643,76.9844,4.07161,2.23939,3.20804,96.2305,5.08951,2.79923,2.5397,76.1825,4.0292,2.21606,4.46452,133.921,7.08291,3.8956,0,0,0,0,0,0,0,0,0,0,0,0,0,0
TIC 367631379,F4VkF2mF2,5.252,6831.5,1.30083,1.48,3.32046,22.949,HD  90089,51502,1.82221,79.4028,1.74932,76.2267,4.03153,2.21734,2.18665,95.2833,5.03942,2.77168,1.7311,75.4326,3.98954,2.19425,3.04309,132.603,7.01319,3.85725,0,0,0,0,0,0,0,0,0,0,0,0,0,0
TIC 283723212,F2V,5.29,6864,2.171,1.49,9.42594,38.6561,46 Tau,19719,3.07017,79.4226,2.94736,76.2457,4.03254,2.2179,3.6842,95.3071,5.04068,2.77237,2.91666,75.4515,3.99054,2.19479,5.12718,132.636,7.01494,3.85822,0,0,0,0,0,0,0,0,0,0,0,0,0,0
TIC 137206215,F0V,5.268,6970,1.83311,1.48,7.14498,33.557,47 Cas,9727,2.67301,79.6558,2.56609,76.4696,4.04438,2.22441,3.20761,95.587,5.05548,2.78051,2.53936,75.673,4.00225,2.20124,4.46393,133.025,7.03554,3.86955,0,0,0,0,0,0,0,0,0,0,0,0,0,0
TIC 298810162,F0IV,5.209,7295,1.49315,1.51198,5.68859,29.8755,51 Eri,21547,2.38508,79.834,2.28967,76.6406,4.05343,2.22939,2.86209,95.8008,5.06679,2.78673,2.26582,75.8423,4.01121,2.20616,3.98308,133.323,7.05128,3.8782,0,0,0,0,0,0,0,0,0,0,0,0,0,0
TIC 45883663,F1V,5.222,7173.38,1.72081,1.54673,7.0641,33.2514,eta Ant,48926,2.65784,79.9315,2.55152,76.7343,4.05838,2.23211,3.1894,95.9178,5.07297,2.79014,2.52495,75.9349,4.0161,2.20886,4.43859,133.486,7.05989,3.88294,0,0,0,0,0,0,0,0,0,0,0,0,0,0
TIC 159672173,F6VFe-0.9CH-0.5,5.26,6478.6,2.16528,1.52507,7.44131,34.1237,HD 201772,104738,2.72788,79.9407,2.61876,76.7431,4.05885,2.23237,3.27345,95.9288,5.07356,2.79046,2.59148,75.9437,4.01657,2.20911,4.55555,133.501,7.0607,3.88339,0,0,0,0,0,0,0,0,0,0,0,0,0,0
TIC 142319244,F3IV,5.225,7157.78,1.53356,1.48171,5.5617,29.4226,8 Dra,63076,2.35833,80.1536,2.26399,76.9474,4.06965,2.23831,2.82999,96.1843,5.08707,2.79789,2.24041,76.1459,4.02726,2.21499,3.93841,133.856,7.0795,3.89373,0,0,0,0,0,0,0,0,0,0,0,0,0,0
TIC 42551532,F0V,5.22,6884.3,2.46606,1.71215,12.3067,43.6613,17 Lyr,93917,3.50809,80.3478,3.36776,77.1339,4.07952,2.24373,4.20971,96.4174,5.0994,2.80467,3.33268,76.3304,4.03702,2.22036,5.85851,134.181,7.09666,3.90316,0,0,0,0,0,0,0,0,0,0,0,0,0,0
TIC 32500750,F5V,5.31,6373,2.69502,1.6424,10.7943,41.5026,nu.02 Col,26460,3.28547,79.1629,3.15405,75.9964,4.01936,2.21065,3.94256,94.9955,5.0242,2.76331,3.12119,75.2048,3.97749,2.18762,5.48673,132.202,6.99201,3.8456,0,0,0,0,0,0,0,0,0,0,0,0,0,0
TIC 114435313,F3VFe-1,5.22,6972.3,1.49379,1.43153,4.75094,27.1208,HD   4247,3505,2.17966,80.3689,2.09248,77.1541,4.08059,2.24432,2.6156,96.4427,5.10073,2.8054,2.07068,76.3504,4.03808,2.22094,3.64004,134.216,7.09852,3.90419,0,0,0,0,0,0,0,0,0,0,0,0,0,0
TIC 70847587,F5V,5.239,6533.3,1.36301,1.25756,3.04948,21.7058,tet Scl,950,1.74628,80.4519,1.67642,77.2338,4.0848,2.24664,2.09553,96.5423,5.106,2.8083,1.65896,76.4293,4.04225,2.22324,2.91628,134.355,7.10585,3.90822,0,0,0,0,0,0,0,0,0,0,0,0,0,0
TIC 348889829,F0,5.2,6870.5,1.58111,1.43106,5.01846,27.7967,psi Tau,19205,2.24019,80.592,2.15058,77.3684,4.09192,2.25055,2.68823,96.7104,5.1149,2.81319,2.12818,76.5624,4.04929,2.22711,3.74112,134.589,7.11823,3.91503,0,0,0,0,0,0,0,0,0,0,0,0,0,0
TIC 180240197,F0III-IV,5.23,6906,2.68507,1.76878,14.7745,47.571,19 Aql,94068,3.84376,80.8005,3.69001,77.5685,4.1025,2.25638,4.61252,96.9606,5.12813,2.82047,3.65157,76.7605,4.05977,2.23287,6.41908,134.937,7.13664,3.92515,0,0,0,0,0,0,0,0,0,0,0,0,0,0
TIC 69889261,F7V,5.203,6605,1.42421,1.29023,3.47803,23.01,ups Aqr,111449,1.86495,81.0495,1.79035,77.8075,4.11514,2.26333,2.23794,97.2594,5.14393,2.82916,1.7717,76.997,4.07228,2.23975,3.11446,135.353,7.15863,3.93725,0,0,0,0,0,0,0,0,0,0,0,0,0,0
TIC 329759640,F8V,5.255,6237,2.61842,1.55142,9.34708,37.7049,HD 210855,109572,3.0573,81.0849,2.93501,77.8415,4.11694,2.26432,3.66876,97.3019,5.14618,2.8304,2.90443,77.0307,4.07406,2.24073,5.10569,135.412,7.16176,3.93897,0,0,0,0,0,0,0,0,0,0,0,0,0,0
TIC 306484795,F5V,5.227,6432,1.95776,1.3,5.91011,29.9702,eta Ari,10306,2.43107,81.1163,2.33383,77.8716,4.11854,2.26519,2.91729,97.3396,5.14817,2.83149,2.30952,77.0605,4.07563,2.2416,4.05989,135.464,7.16454,3.94049,0,0,0,0,0,0,0,0,0,0,0,0,0,0
TIC 376904850,A7IV,5.19,7340.7,2.00086,1.68687,10.4732,40.8205,zet Psc A,5737,3.23623,79.2797,3.10678,76.1085,4.02528,2.21391,3.88348,95.1356,5.03161,2.76738,3.07442,75.3157,3.98335,2.19084,5.40451,132.397,7.00232,3.85127,0,0,0,0,0,0,0,0,0,0,0,0,0,0
TIC 212317204,F5VFe+0.5,5.278,6497,1.66628,1.3367,4.457,26.749,eps02 Ara,83431,2.11116,78.9249,2.02671,75.7679,4.00727,2.204,2.53339,94.7099,5.00909,2.755,2.0056,74.9786,3.96553,2.18104,3.52564,131.805,6.97098,3.83404,0,0,0,0,0,0,0,0,0,0,0,0,0,0
TIC 33492996,F1V+K1V,5.31,6796,1.53963,1.39651,4.55557,28.0283,eps Scl,8209,2.13438,76.1507,2.049,73.1047,3.86642,2.12653,2.56125,91.3809,4.83302,2.65816,2.02766,72.3432,3.82614,2.10438,3.56441,127.172,6.72595,3.69927,0,0,0,0,0,0,0,0,0,0,0,0,0,0
TIC 115015109,F5V,5.305,6653.5,2.05279,1.4,7.44016,35.208,zet Mic,103882,2.72767,77.4729,2.61856,74.374,3.93355,2.16345,3.2732,92.9675,4.91694,2.70432,2.59128,73.5993,3.89258,2.14092,4.5552,129.38,6.84274,3.76351,0,0,0,0,0,0,0,0,0,0,0,0,0,0
TIC 456865914,F2V,5.344,6817,1.40744,1.33844,3.85414,25.7279,rho Psc,6706,1.9632,76.3063,1.88467,73.254,3.87431,2.13087,2.35584,91.5675,4.84289,2.66359,1.86504,72.491,3.83396,2.10868,3.27854,127.431,6.73969,3.70683,0,0,0,0,0,0,0,0,0,0,0,0,0,0
TIC 46802551,G1.5IV-V,5.384,5674,2.44839,1.31,5.59777,30.8974,HD  81809,46404,2.36596,76.5748,2.27132,73.5118,3.88795,2.13837,2.83915,91.8898,4.85994,2.67297,2.24766,72.7461,3.84745,2.1161,3.95115,127.88,6.76341,3.71988,0,0,0,0,0,0,0,0,0,0,0,0,0,0
TIC 328324648,F6V,5.357,6349,1.29285,1.19748,2.44689,20.3932,22 Lyn,36439,1.56425,76.7047,1.50168,73.6365,3.89454,2.142,1.8771,92.0456,4.86818,2.6775,1.48604,72.8695,3.85398,2.11969,2.6123,128.097,6.77488,3.72619,0,0,0,0,0,0,0,0,0,0,0,0,0,0
TIC 464774815,F6V,5.353,6273,2.28512,1.49961,7.28476,35.0807,HD  25621,18993,2.69903,76.9378,2.59107,73.8603,3.90638,2.14851,3.23884,92.3254,4.88298,2.68564,2.56408,73.0909,3.86569,2.12613,4.50738,128.486,6.79548,3.73751,0,0,0,0,0,0,0,0,0,0,0,0,0,0
TIC 449884234,F3IV,5.312,6695,2.18243,1.57185,8.62141,38.0513,HD 116457,65479,2.93622,77.1649,2.81878,74.0783,3.91791,2.15485,3.52347,92.5979,4.89739,2.69356,2.78941,73.3067,3.8771,2.1324,4.90349,128.865,6.81553,3.74854,0,0,0,0,0,0,0,0,0,0,0,0,0,0
TIC 308884000,F3V,5.296,6855,1.52033,1.48,4.59832,27.7235,HD  88215,49809,2.14437,77.3485,2.05859,74.2546,3.92723,2.15998,2.57324,92.8182,4.90904,2.69997,2.03715,73.4811,3.88632,2.13748,3.5811,129.172,6.83175,3.75746,0,0,0,0,0,0,0,0,0,0,0,0,0,0
TIC 350856014,F0IV,5.29,6902,2.15683,1.62387,9.51105,39.8214,iot TrA,80645,3.084,77.4458,2.96064,74.348,3.93217,2.1627,3.7008,92.935,4.91522,2.70337,2.9298,73.5735,3.89121,2.14017,5.15028,129.335,6.84034,3.76219,0,0,0,0,0,0,0,0,0,0,0,0,0,0
TIC 118389700,F0III,5.29,7265.41,2.39234,1.77546,14.3675,48.8975,12 Tri,11486,3.79044,77.5181,3.63883,74.4174,3.93585,2.16471,4.54853,93.0218,4.91981,2.70589,3.60092,73.6422,3.89485,2.14217,6.33004,129.455,6.84673,3.7657,0,0,0,0,0,0,0,0,0,0,0,0,0,0
TIC 429118330,F5V,5.29,6637,2.26297,1.58349,8.95237,38.0739,43 Per,18453,2.99205,78.5854,2.87237,75.442,3.99003,2.19452,3.59046,94.3025,4.98754,2.74315,2.84245,74.6561,3.94847,2.17166,4.99673,131.238,6.941,3.81755,0,0,0,0,0,0,0,0,0,0,0,0,0,0
TIC 159292629,F0V,5.333,6975.5,1.57789,1.45894,5.31071,29.7265,53 Her,82587,2.3045,77.5232,2.21232,74.4223,3.9361,2.16486,2.7654,93.0279,4.92013,2.70607,2.18927,73.6471,3.8951,2.14231,3.84851,129.464,6.84718,3.76595,0,0,0,0,0,0,0,0,0,0,0,0,0,0
TIC 17414107,F0Vn,5.264,7432.6,2.11945,1.7508,12.3511,45.3224,kap02 Tau,20641,3.51441,77.5425,3.37384,74.4408,3.93708,2.1654,4.21729,93.0511,4.92136,2.70675,3.33869,73.6654,3.89607,2.14284,5.86907,129.496,6.84889,3.76689,0,0,0,0,0,0,0,0,0,0,0,0,0,0
TIC 375092757,F1V,5.29,7225.89,1.75052,1.56852,7.52653,35.2903,HD  40292,27947,2.74345,77.7396,2.63371,74.63,3.94709,2.1709,3.29214,93.2875,4.93386,2.71362,2.60628,73.8526,3.90597,2.14829,4.58157,129.825,6.86629,3.77646,0,0,0,0,0,0,0,0,0,0,0,0,0,0
TIC 65165118,F4III,5.32,6655,2.1616,1.5564,8.25726,36.9098,36 Per,16499,2.87354,77.8531,2.7586,74.739,3.95285,2.17407,3.44825,93.4237,4.94107,2.71759,2.72987,73.9604,3.91168,2.15142,4.79882,130.015,6.87632,3.78197,0,0,0,0,0,0,0,0,0,0,0,0,0,0
TIC 259761784,F0IV,5.265,7374.64,2.37072,1.80522,14.9768,49.6255,V* LW Vel,50070,3.86998,77.9837,3.71518,74.8643,3.95948,2.17771,4.64398,93.5804,4.94935,2.72214,3.67648,74.0845,3.91824,2.15503,6.46287,130.233,6.88785,3.78832,0,0,0,0,0,0,0,0,0,0,0,0,0,0
TIC 166808854,A6V,5.293,7139,2.05947,1.64774,9.92554,40.3699,eta Hor,12225,3.15048,78.0403,3.02446,74.9187,3.96236,2.1793,3.78058,93.6484,4.95295,2.72412,2.99296,74.1383,3.92108,2.1566,5.26131,130.327,6.89285,3.79107,0,0,0,0,0,0,0,0,0,0,0,0,0,0
TIC 9728611,G0V,5.39,5704,1.16608,0.929456,1.2968,14.5766,w Her,84862,1.13877,78.1233,1.09322,74.9984,3.96657,2.18161,1.36653,93.748,4.95822,2.72702,1.08183,74.2172,3.92525,2.15889,1.90175,130.466,6.90018,3.7951,0,0,0,0,0,0,0.351,0,0,0,0,0,0,0.338667
TIC 389853353,F9V_Fe-0.3,5.95,5889,1.00322,1.02808,1.09056,17.5454,10 CVn,62207,1.0443,59.5199,1.00253,57.1391,3.02202,1.66211,1.25316,71.4239,3.77752,2.07764,0.992085,56.5439,2.99054,1.6448,1.74398,99.3983,5.25705,2.89138,0,0,0,0,0,0,0,0,0,0,0,0,0,0
TIC 248448574,F5V,5.892,6477.3,1.75705,1.37111,4.89597,37.1807,HD  33608,24162,2.21268,59.5117,2.12418,57.1312,3.0216,1.66188,2.65522,71.414,3.777,2.07735,2.10205,56.5361,2.99012,1.64457,3.69518,99.3845,5.25632,2.89098,0,0,0,0,0,0,0,0,0,0,0,0,0,0
TIC 406345664,F0(V)+F5(V),5.96,6654,2.08278,1.49,7.66149,46.5333,HD 207964,108195,2.76794,59.483,2.65722,57.1037,3.02014,1.66108,3.32153,71.3796,3.77518,2.07635,2.62954,56.5088,2.98868,1.64378,4.62246,99.3366,5.25379,2.88958,0,0,0,0,0,0,0,0,0,0,0,0,0,0
TIC 329574145,G1V,5.95,5892,0.975418,0.993722,1.03306,17.1077,HD 165185,88694,1.0164,59.4118,0.975741,57.0353,3.01653,1.65909,1.21968,71.2941,3.77066,2.07386,0.965577,56.4412,2.98511,1.64181,1.69738,99.2177,5.2475,2.88613,0,0,0,0,0,0,0,0,0,0,0,0,0,0
TIC 242430354,G0V,6.305,5923,0.99805,1.01951,1.1045,20.8893,HD 124580,69671,1.05095,50.3107,1.00891,48.2982,2.55443,1.40494,1.26114,60.3728,3.19304,1.75617,0.998405,47.7951,2.52783,1.3903,1.75509,84.0188,4.44365,2.44401,0,0,0,0,0,0,0,0,0,0,0,0,0,0
TIC 11799874,F6V,6.23,6451,1.71773,1.34315,4.60374,42.6341,HD  48767,32609,2.14563,50.3267,2.05981,48.3136,2.55525,1.40539,2.57476,60.392,3.19406,1.75673,2.03835,47.8103,2.52863,1.39075,3.58321,84.0455,4.44506,2.44479,0,0,0,0,0,0,0,0,0,0,0,0,0,0
TIC 50283734,F8VFe-1.3CH-0.8,6.056,6124,1.63056,1.26469,3.36906,36.4518,HD  59438,36395,1.8355,50.3542,1.76208,48.34,2.55664,1.40615,2.2026,60.425,3.1958,1.75769,1.74372,47.8365,2.53001,1.39151,3.06528,84.0915,4.44749,2.44612,0,0,0,0,0,0,0,0,0,0,0,0,0,0
TIC 328798400,F2,6.26,6543.6,1.58012,1.35,4.12423,40.3231,HD  45947,31703,2.03082,50.3637,1.94959,48.3492,2.55713,1.40642,2.43698,60.4365,3.19641,1.75803,1.92928,47.8455,2.53049,1.39177,3.39147,84.1074,4.44834,2.44659,0,0,0,0,0,0,0,0,0,0,0,0,0,0
TIC 347543281,F3V:,6.26,6721,1.45527,1.35265,3.89331,39.1738,HD  16647,12447,1.97315,50.3691,1.89422,48.3543,2.5574,1.40657,2.36778,60.4429,3.19675,1.75821,1.87449,47.8506,2.53076,1.39192,3.29516,84.1164,4.44881,2.44685,0,0,0,0,0,0,0,0,0,0,0,0,0,0
TIC 447179213,F6V,6.24,6401,1.30488,1.20833,2.57528,31.8554,HD 149837,81657,1.60477,50.3767,1.54058,48.3616,2.55779,1.40678,1.92572,60.452,3.19723,1.75848,1.52453,47.8578,2.53114,1.39213,2.67996,84.1291,4.44948,2.44722,0,0,0,0,0,0,0,0,0,0,0,0,0,0
TIC 158711270,G2V+K2V,6.323,5808,1.6145,1.11,2.67225,32.4467,HD 163840,87895,1.6347,50.3811,1.56931,48.3659,2.55801,1.40691,1.96164,60.4573,3.19751,1.75863,1.55297,47.8621,2.53137,1.39225,2.72995,84.1365,4.44987,2.44743,0,0,0,0,0,0,0,0,0,0,0,0,0,0
TIC 449486081,F6VFe+0.4,6.261,6394,1.31962,1.20003,2.6223,32.1249,HD  93372,52535,1.61935,50.4081,1.55458,48.3917,2.55938,1.40766,1.94322,60.4897,3.19922,1.75957,1.53839,47.8877,2.53272,1.393,2.70432,84.1815,4.45225,2.44874,0,0,0,0,0,0,0,0,0,0,0,0,0,0
TIC 140690428,F9VFe-0.5,6.28,6165.1,1.43376,1.18861,2.67551,32.4386,HD  31975,22717,1.6357,50.4245,1.57027,48.4076,2.56022,1.40812,1.96284,60.5095,3.20027,1.76015,1.55391,47.9033,2.53355,1.39345,2.73162,84.209,4.45371,2.44954,0,0,0,0,0,0,0,0,0,0,0,0,0,0
TIC 27304566,G1V,6.342,5813,1.08979,0.970258,1.22174,21.9186,HD  71148,41484,1.10532,50.4285,1.06111,48.4113,2.56042,1.40823,1.32639,60.5142,3.20052,1.76029,1.05006,47.9071,2.53375,1.39356,1.84589,84.2156,4.45406,2.44973,0,0,0,0,0,0,0,0,0,0,0,0,0,0
TIC 114922178,F6VFe-0.9CH-0.5,6.26,6352,1.50885,1.27004,3.33908,36.2201,HD  30743,22439,1.82732,50.4504,1.75422,48.4323,2.56153,1.40884,2.19278,60.5404,3.20191,1.76105,1.73595,47.9278,2.53484,1.39416,3.05162,84.2521,4.45599,2.45079,0,0,0,0,0,0,0,0,0,0,0,0,0,0
TIC 450267649,F5V,6.26,6595.8,1.67842,1.37258,4.80362,43.4313,HD  25948,19400,2.19172,50.464,2.10405,48.4455,2.56222,1.40922,2.63006,60.5568,3.20278,1.76153,2.08213,47.9408,2.53553,1.39454,3.66017,84.2749,4.4572,2.45146,0,0,0,0,0,0,0,0,0,0,0,0,0,0
TIC 268565917,G0V,6.282,6114,1.34479,1.12988,2.2767,29.8929,HD  52265,33719,1.50887,50.4761,1.44852,48.457,2.56283,1.40956,1.81065,60.5713,3.20354,1.76195,1.43343,47.9523,2.53614,1.39487,2.51982,84.295,4.45826,2.45204,0,0,0,0,0,0,0,0,0,0,0,0,0,0
TIC 12723528,G2V+G3V,5.55,5806,0.968026,1.01,0.959349,19.4038,53 Aqr,110778,0.979464,50.4779,0.940285,48.4588,2.56293,1.40961,1.17536,60.5735,3.20366,1.76201,0.930491,47.954,2.53623,1.39493,1.6357,84.2982,4.45843,2.45213,0,0,0,0,0,0,0,0,0,0,0,0,0,0
TIC 293807888,G0V,6.295,6063,2.09199,1.28567,5.32802,45.7032,HD 186760,97033,2.30825,50.5052,2.21592,48.485,2.56431,1.41037,2.7699,60.6063,3.20539,1.76296,2.19284,47.98,2.5376,1.39568,3.85478,84.3437,4.46083,2.45346,0,0,0,0,0,0,0,0,0,0,0,0,0,0
TIC 24978373,G9VCN+1,6.42,5336,1.98482,0.91,2.87739,33.5351,HD  11964,9094,1.69629,50.5824,1.62843,48.5591,2.56823,1.41253,2.03554,60.6989,3.21029,1.76566,1.61147,48.0533,2.54148,1.39781,2.8328,84.4727,4.46766,2.45721,0,0,0,0,0,0,0,0,0,0,0,0,0,0
TIC 180929040,F3/5V,6.114,6632,1.56991,1.39,4.29557,40.9317,HD  73900,42455,2.07258,50.6349,1.98967,48.6095,2.5709,1.41399,2.48709,60.7619,3.21362,1.76749,1.96895,48.1032,2.54412,1.39926,3.4612,84.5603,4.47229,2.45976,0,0,0,0,0,0,0,0,0,0,0,0,0,0
TIC 283792884,G0IV,6.316,5975,1.03494,1.04467,1.22993,22.0601,HD  26923,19859,1.10902,50.2726,1.06466,48.2617,2.5525,1.40388,1.33083,60.3272,3.19063,1.75485,1.05357,47.759,2.52591,1.38925,1.85206,83.9553,4.44029,2.44216,0,0,0,0,0,0,0,0,0,0,0,0,0,0
TIC 376904847,F7V,6.1,6380.09,1.66363,1.31775,4.13156,40.448,zet Psc B,5743,2.03262,50.2527,1.95132,48.2426,2.55149,1.40332,2.43915,60.3032,3.18936,1.75415,1.93099,47.7401,2.52491,1.3887,3.39448,83.922,4.43853,2.44119,0,0,0,0,0,0,0,0,0,0,0,0,0,0
TIC 44561692,F7IVsv,6.283,6537,1.64202,1.34425,4.43573,41.9796,HD   8774,6776,2.10612,50.17,2.02187,48.1632,2.54729,1.40101,2.52734,60.204,3.18412,1.75126,2.00081,47.6615,2.52076,1.38642,3.51722,83.7839,4.43123,2.43717,0,0,0,0,0,0,0,0,0,0,0,0,0,0
TIC 13984854,F8V,6.303,6295,1.32003,1.1734,2.46516,31.6194,HD  32820,23555,1.57008,49.6556,1.50728,47.6694,2.52117,1.38665,1.8841,59.5867,3.15147,1.73331,1.49158,47.1728,2.49491,1.3722,2.62204,82.9248,4.38579,2.41219,0,0,0,0,0,0,0,0,0,0,0,0,0,0
TIC 38469670,G1V,6.38,5766,1.16999,0.951211,1.36319,23.5891,HD  26491,19233,1.16756,49.4955,1.12085,47.5157,2.51304,1.38217,1.40107,59.3946,3.14131,1.72772,1.10918,47.0207,2.48687,1.36778,1.94982,82.6574,4.37165,2.40441,0,0,0,0,0,0,0,0,0,0,0,0,0,0
TIC 46297363,G1V,6.361,5841,1.94249,1.19216,3.95697,40.1751,54 Cnc,43454,1.98921,49.5135,1.90964,47.533,2.51396,1.38268,2.38706,59.4163,3.14245,1.72835,1.88975,47.0379,2.48777,1.36828,3.32199,82.6876,4.37325,2.40529,0,0,0,0,0,0,0,0,0,0,0,0,0,0
TIC 319869555,F5V,6.285,6511.7,1.40635,1.27039,3.20376,36.0995,mu. Tel,95932,1.78991,49.5825,1.71831,47.5992,2.51746,1.3846,2.14789,59.499,3.14683,1.73076,1.70041,47.1034,2.49124,1.37018,2.98914,82.8027,4.37934,2.40863,0,0,0,0,0,0,0,0,0,0,0,0,0,0
TIC 159630982,F3V,6.29,6711.7,1.50769,1.36442,4.15576,41.1016,V* DL Dra,71876,2.03857,49.5982,1.95703,47.6143,2.51826,1.38504,2.44628,59.5179,3.14783,1.7313,1.93664,47.1183,2.49203,1.37062,3.40441,82.829,4.38072,2.4094,0,0,0,0,0,0,0,0,0,0,0,0,0,0
TIC 153072777,F6V,6.332,6111,1.91568,1.16,4.61092,43.2715,HD 150177,81580,2.14731,49.624,2.06141,47.6391,2.51957,1.38576,2.57677,59.5488,3.14946,1.7322,2.03994,47.1428,2.49333,1.37133,3.586,82.8721,4.383,2.41065,0,0,0,0,0,0,0,0,0,0,0,0,0,0
TIC 450323783,F3V,6.287,6484,1.81918,1.41183,5.27007,46.2385,35 LMi,51914,2.29566,49.6483,2.20384,47.6623,2.5208,1.38644,2.7548,59.5779,3.151,1.73305,2.18088,47.1659,2.49454,1.372,3.83376,82.9126,4.38515,2.41183,0,0,0,0,0,0,0,0,0,0,0,0,0,0
TIC 48228593,G0/1V,6.29,5997,1.77037,1.17683,3.65224,38.4892,HD 131117,72772,1.91108,49.6525,1.83464,47.6664,2.52102,1.38656,2.2933,59.583,3.15127,1.7332,1.81553,47.1699,2.49476,1.37212,3.19151,82.9196,4.38552,2.41203,0,0,0,0,0,0,0,0,0,0,0,0,0,0
TIC 154841835,F1IV,6.259,6920,1.67014,1.47813,5.76269,48.3249,V* UY UMi,59767,2.40056,49.6755,2.30454,47.6885,2.52218,1.3872,2.88067,59.6106,3.15273,1.734,2.28053,47.1917,2.49591,1.37275,4.00894,82.958,4.38755,2.41315,0,0,0,0,0,0,0,0,0,0,0,0,0,0
TIC 27525457,G5VCH0.3,6.365,5650,1.22294,0.916935,1.37309,23.3731,HD 127334,70873,1.17179,50.1342,1.12492,48.1288,2.54547,1.40001,1.40615,60.161,3.18184,1.75001,1.1132,47.6274,2.51896,1.38543,1.95689,83.724,4.42806,2.43543,0,0,0,0,0,0,0,0,0,0,0,0,0,0
TIC 198485277,G9V,6.418,5428,2.50672,0.96,4.91434,44.5611,HD 112060,62904,2.21683,49.748,2.12816,47.7581,2.52587,1.38923,2.6602,59.6977,3.15734,1.73653,2.10599,47.2606,2.49956,1.37476,3.70211,83.0792,4.39396,2.41668,0,0,0,0,0,0,0,0,0,0,0,0,0,0
TIC 347304641,G3V+G8V,5.988,5823,1.01901,0.918314,1.07558,20.7787,HD    123,518,1.0371,49.9118,0.995617,47.9153,2.53418,1.3938,1.24452,59.8941,3.16773,1.74225,0.985246,47.4162,2.50778,1.37928,1.73196,83.3527,4.40842,2.42463,0,0,0,0,0,0,0,0,0,0,0,0,0,0
TIC 48881783,F2V,6.23,7026.4,1.64348,1.48262,5.93136,48.7301,V* V350 CMa,32144,2.43544,49.9781,2.33802,47.979,2.53755,1.39565,2.92253,59.9737,3.17194,1.74457,2.31367,47.4792,2.51112,1.38111,4.06718,83.4635,4.41428,2.42785,0,0,0,0,0,0,0,0,0,0,0,0,0,0
TIC 142734765,G8IV(+A),6.356,5801,1.76645,1.04,3.18353,35.6908,HD 154962,83906,1.78424,49.9917,1.71288,47.9921,2.53824,1.39603,2.14109,59.9901,3.1728,1.74504,1.69503,47.4922,2.5118,1.38149,2.97969,83.4862,4.41548,2.42852,0,0,0,0,0,0,0,0,0,0,0,0,0,0
TIC 98878315,F3V,6.23,6700.8,1.66715,1.40618,5.04838,44.8908,HD  54958,34617,2.24686,50.0516,2.15698,48.0496,2.54128,1.3977,2.69623,60.0619,3.1766,1.74713,2.13452,47.549,2.51481,1.38315,3.75225,83.5862,4.42077,2.43142,0,0,0,0,0,0,0,0,0,0,0,0,0,0
TIC 379117362,G0V,6.334,5887,1.51315,1.04753,2.47761,31.43,HD 120066,67246,1.57404,50.0809,1.51108,48.0776,2.54277,1.39852,1.88885,60.097,3.17846,1.74815,1.49534,47.5768,2.51628,1.38395,2.62865,83.6351,4.42335,2.43285,0,0,0,0,0,0,0,0,0,0,0,0,0,0
TIC 279563894,F7IV,6.218,6253.78,1.43013,1.23,2.81849,33.4947,33 Peg,110548,1.67883,50.1224,1.61168,48.1175,2.54488,1.39968,2.0146,60.1469,3.18109,1.7496,1.59489,47.6163,2.51837,1.3851,2.80365,83.7044,4.42702,2.43486,0,0,0,0,0,0,0,0,0,0,0,0,0,0
TIC 125521270,F1V,6.245,6736.4,1.61483,1.39014,4.83793,43.3846,HD 222451,116824,2.19953,50.6984,2.11155,48.6704,2.57412,1.41577,2.63943,60.838,3.21765,1.76971,2.08955,48.1634,2.54731,1.40102,3.67321,84.6663,4.47789,2.46284,0,0,0,0,0,0,0,0,0,0,0,0,0,0
TIC 410994457,G2V,6.32,5872,1.35307,1.025,1.96101,27.578,HD 144585,78955,1.40036,50.7782,1.34435,48.7471,2.57817,1.418,1.68043,60.9339,3.22272,1.77249,1.33034,48.2393,2.55132,1.40322,2.3386,84.7996,4.48495,2.46672,0,0,0,0,0,0,0,0,0,0,0,0,0,0
TIC 454901855,G0VFe+0.4,6.285,5947,1.1499,0.988858,1.49007,24.0163,HD 134060,74273,1.22069,50.8273,1.17186,48.7943,2.58067,1.41937,1.46482,60.9928,3.22583,1.77421,1.15965,48.286,2.55379,1.40458,2.03854,84.8817,4.48929,2.46911,0,0,0,0,0,0,0,0,0,0,0,0,0,0
TIC 15612471,F7IV-V,6.202,6492,1.77023,1.38737,5.01499,43.2326,HD   6301,5034,2.23942,51.7993,2.14984,49.7274,2.63002,1.44651,2.6873,62.1592,3.28752,1.80814,2.12745,49.2094,2.60262,1.43144,3.73983,86.5049,4.57514,2.51632,0,0,0,0,0,0,0,0,0,0,0,0,0,0
TIC 96520633,F5V,6.224,6445,1.78696,1.34,4.96384,43.1965,HD  51825,33451,2.22797,51.5774,2.13885,49.5143,2.61875,1.44031,2.67356,61.8929,3.27344,1.80039,2.11657,48.9986,2.59147,1.42531,3.72071,86.1343,4.55554,2.50555,0,0,0,0,0,0,0,0,0,0,0,0,0,0
TIC 468431110,F5Vbwv,6.186,6833.6,1.35372,1.32143,3.60042,36.7403,32 Lyn,41975,1.89748,51.6457,1.82158,49.5799,2.62222,1.44222,2.27697,61.9749,3.27777,1.80278,1.8026,49.0634,2.5949,1.4272,3.16879,86.2483,4.56157,2.50886,0,0,0,0,0,0,0,0,0,0,0,0,0,0
TIC 441721258,F2IVnn,6.18,7079,1.59776,1.5087,5.77571,46.5034,V* VX UMi,83317,2.40327,51.6794,2.30714,49.6123,2.62393,1.44316,2.88392,62.0153,3.27991,1.80395,2.28311,49.0955,2.5966,1.42813,4.01346,86.3047,4.56455,2.5105,0,0,0,0,0,0,0,0,0,0,0,0,0,0
TIC 115271591,F3/5IV/V,6.183,6771,1.57942,1.37977,4.72391,42.0515,HD  10481,7886,2.17346,51.6856,2.08652,49.6182,2.62425,1.44333,2.60815,62.0228,3.28031,1.80417,2.06478,49.1013,2.59691,1.4283,3.62967,86.315,4.56509,2.5108,0,0,0,0,0,0,0,0,0,0,0,0,0,0
TIC 74129611,F0IV,6.165,7081.6,1.6034,1.48834,5.82509,46.674,HD 146514,79781,2.41352,51.7102,2.31698,49.6418,2.62549,1.44402,2.89623,62.0522,3.28187,1.80503,2.29285,49.1247,2.59814,1.42898,4.03058,86.356,4.56726,2.51199,0,0,0,0,0,0,0,0,0,0,0,0,0,0
TIC 394547839,K0V,6.376,5405,0.920642,0.93,0.651717,15.6023,HD 182488,95319,0.80729,51.7417,0.774998,49.672,2.62709,1.4449,0.968748,62.09,3.28387,1.80613,0.766926,49.1546,2.59973,1.42985,1.34817,86.4087,4.57005,2.51353,0,0,0,0,0,0,0,0,0,0,0,0,0,0
TIC 229012143,F3V,6.173,6762.9,1.49783,1.36125,4.22814,39.7051,HD    203,560,2.05624,51.7879,1.974,49.7164,2.62944,1.44619,2.46749,62.1455,3.2868,1.80774,1.95343,49.1985,2.60205,1.43113,3.43393,86.4858,4.57413,2.51577,0,0,0,0,0,0,0,0,0,0,0,0,0,0
TIC 149565707,F6Vs,6.188,6588,1.60828,1.34007,4.38965,40.4413,HD 113022,63497,2.09515,51.8072,2.01134,49.7349,2.63042,1.44673,2.51418,62.1686,3.28802,1.80841,1.99039,49.2168,2.60302,1.43166,3.4989,86.518,4.57583,2.51671,0,0,0,0,0,0,0,0,0,0,0,0,0,0
TIC 73570422,F8V,6.226,6199,2.20559,1.42144,6.47187,49.3872,HD  16220,12200,2.54399,51.511,2.44223,49.4506,2.61538,1.43846,3.05278,61.8132,3.26923,1.79807,2.41679,48.9355,2.58814,1.42348,4.24846,86.0234,4.54967,2.50232,0,0,0,0,0,0,0,0,0,0,0,0,0,0
TIC 59476871,G3V,6.278,5689,1.04648,0.894821,1.03348,19.6081,HD 157347,85042,1.0166,51.8461,0.975937,49.7723,2.63239,1.44782,1.21992,62.2153,3.29049,1.80977,0.965771,49.2538,2.60497,1.43273,1.69772,86.583,4.57927,2.5186,0,0,0,0,0,0,0,0,0,0,0,0,0,0
TIC 430455303,F7V,6.206,6305,1.91661,1.38194,5.22999,44.0415,HD 157968,85397,2.28692,51.9264,2.19544,49.8493,2.63647,1.45006,2.7443,62.3117,3.29559,1.81257,2.17257,49.3301,2.60901,1.43495,3.81915,86.7171,4.58636,2.5225,0,0,0,0,0,0,0,0,0,0,0,0,0,0
TIC 284898141,F7Vs,6.21,6221,1.22415,1.13589,2.02211,27.3504,5 LMi,43410,1.42201,51.9924,1.36513,49.9127,2.63982,1.4519,1.70641,62.3908,3.29977,1.81488,1.35091,49.3927,2.61232,1.43678,2.37476,86.8272,4.59219,2.5257,0,0,0,0,0,0,0,0,0,0,0,0,0,0
TIC 118817518,F5V,6.191,6540,1.62891,1.34471,4.37322,40.1814,HD  77084,44162,2.09122,52.0446,2.00758,49.9628,2.64247,1.45336,2.50947,62.4535,3.30309,1.8167,1.98666,49.4424,2.61495,1.43822,3.49235,86.9145,4.5968,2.52824,0,0,0,0,0,0,0,0,0,0,0,0,0,0
GAIA DR3 1773135299209107712,F3V,6.174,6975,1.78341,1.50636,6.78222,49.9984,V* V372 Peg,107558,2.60427,52.0871,2.5001,50.0036,2.64463,1.45455,3.12512,62.5045,3.30578,1.81818,2.47406,49.4827,2.61708,1.43939,4.34913,86.9854,4.60055,2.5303,0,0,0,0,0,0,0,0,0,0,0,0,0,0
TIC 32360983,G2V,6.48,5817,1.0199,1.055,1.07301,19.8771,HD 181321,95149,1.03586,52.1133,0.994427,50.0288,2.64596,1.45528,1.24303,62.536,3.30745,1.8191,0.984069,49.5077,2.6184,1.44012,1.72989,87.0293,4.60287,2.53158,0,0,0,0,0,0,0,0,0,0,0,0,0,0
TIC 157940833,F6V,6.2,6383,1.1456,1.25,1.96274,26.8814,HD 128429,71469,1.40098,52.117,1.34494,50.0323,2.64615,1.45538,1.68117,62.5404,3.30768,1.81923,1.33093,49.5111,2.61858,1.44022,2.33963,87.0354,4.60319,2.53176,0,0,0,0,0,0,0,0,0,0,0,0,0,0
TIC 144168568,G0V,6.226,6030,2.10546,1.28113,5.28028,44.5556,HD 102574,57587,2.29789,51.5734,2.20597,49.5105,2.61855,1.4402,2.75746,61.8881,3.27319,1.80025,2.18299,48.9948,2.59127,1.4252,3.83747,86.1276,4.55518,2.50535,0,0,0,0,0,0,0,0,0,0,0,0,0,0
TIC 187730895,F5V,6.204,6494.9,1.822,1.4074,5.32206,44.8095,HD 128917,71861,2.30696,51.4837,2.21468,49.4244,2.61399,1.4377,2.76835,61.7805,3.26749,1.79712,2.19161,48.9095,2.58677,1.42272,3.85262,85.9778,4.54726,2.50099,0,0,0,0,0,0,0,0,0,0,0,0,0,0
TIC 289074137,G4V,6.347,5635,1.23434,1.01,1.38401,23.136,HD 131923,73241,1.17644,50.8489,1.12938,48.8149,2.58176,1.41997,1.41173,61.0187,3.2272,1.77496,1.11762,48.3065,2.55487,1.40518,1.96465,84.9177,4.49119,2.47015,0,0,0,0,0,0,0,0,0,0,0,0,0,0
TIC 188401533,G7.5IV-V,6.37,5467,0.833559,0.96,0.559195,14.6644,HD 196761,101997,0.747794,50.9939,0.717882,48.9541,2.58912,1.42402,0.897352,61.1927,3.2364,1.78002,0.710404,48.4442,2.56215,1.40918,1.24882,85.1598,4.504,2.4772,0,0,0,0,0,0,0,0,0,0,0,0,0,0
TIC 197951576,F5.5IV-V,6.24,6495,1.64943,1.34099,4.36192,41.0598,HD 218269,114167,2.08852,50.8654,2.00498,48.8308,2.5826,1.42043,2.50623,61.0384,3.22825,1.77554,1.98409,48.3221,2.5557,1.40563,3.48783,84.9452,4.49264,2.47095,0,0,0,0,0,0,0,0,0,0,0,0,0,0
TIC 248127641,F9Vp,5.89,5970,1.78538,1.28133,3.64799,37.512,HD 112164,63033,1.90997,50.9162,1.83357,48.8796,2.58518,1.42185,2.29197,61.0995,3.23147,1.77731,1.81447,48.3704,2.55825,1.40704,3.18965,85.0301,4.49714,2.47342,0,0,0,0,0,0,0,0,0,0,0,0,0,0
TIC 174440331,F5IV,6.254,6740,1.59889,1.38838,4.75302,42.8166,78 Psc,5319,2.18014,50.9181,2.09294,48.8814,2.58528,1.4219,2.61617,61.1017,3.23159,1.77738,2.07113,48.3722,2.55835,1.40709,3.64084,85.0332,4.4973,2.47352,0,0,0,0,0,0,0,0,0,0,0,0,0,0
TIC 29901695,F8.5VFe-0.5,6.24,6148,1.96324,1.31,4.9611,43.7298,HD  10009,7580,2.22735,50.9345,2.13826,48.8971,2.58611,1.42236,2.67282,61.1214,3.23263,1.77795,2.11599,48.3878,2.55917,1.40754,3.71968,85.0606,4.49875,2.47431,0,0,0,0,0,0,0,0,0,0,0,0,0,0
TIC 351165656,F3V,6.211,6990.4,1.53072,1.39398,5.04074,44.0783,HD 178476,93975,2.24516,50.9357,2.15535,48.8983,2.58617,1.42239,2.69419,61.1228,3.23271,1.77799,2.1329,48.3889,2.55923,1.40758,3.74942,85.0626,4.49886,2.47437,0,0,0,0,0,0,0,0,0,0,0,0,0,0
TIC 164870223,F4V,6.243,6512,1.94367,1.44571,6.12066,48.5198,HD  40832,28644,2.474,50.9894,2.37504,48.9498,2.5889,1.42389,2.9688,61.1873,3.23612,1.77987,2.3503,48.4399,2.56193,1.40906,4.13157,85.1523,4.5036,2.47698,0,0,0,0,0,0,0,0,0,0,0,0,0,0
TIC 416117806,G1V,6.298,5791,1.17916,0.955111,1.40882,23.2773,HD 168009,89474,1.18694,50.9912,1.13946,48.9516,2.58899,1.42394,1.42432,61.1895,3.23624,1.77993,1.12759,48.4417,2.56202,1.40911,1.98218,85.1554,4.50376,2.47707,0,0,0,0,0,0,0,0,0,0,0,0,0,0
TIC 455305421,F5V,6.236,6473,1.91422,1.32,5.79561,47.1539,4 Sex,48273,2.40741,51.0543,2.31111,49.0121,2.59219,1.4257,2.88889,61.2651,3.24024,1.78213,2.28704,48.5015,2.56519,1.41085,4.02037,85.2606,4.50933,2.48013,0,0,0,0,0,0,0,0,0,0,0,0,0,0
TIC 355810854,G0IV-V,6.241,5993,2.06805,1.15,4.97045,43.3657,HD 137510,75535,2.22945,51.4105,2.14027,49.3541,2.61028,1.43565,2.67534,61.6926,3.26285,1.79456,2.11798,48.84,2.58309,1.4207,3.72318,85.8555,4.54079,2.49744,0,0,0,0,0,0,0,0,0,0,0,0,0,0
TIC 219030951,F9.5V,6.207,6002,1.10773,1.03686,1.43464,23.4186,88 Leo,56242,1.19777,51.146,1.14986,49.1001,2.59685,1.42826,1.43732,61.3752,3.24606,1.78533,1.13788,48.5887,2.56979,1.41339,2.00027,85.4138,4.51743,2.48459,0,0,0,0,0,0,0,0,0,0,0,0,0,0
TIC 156646494,F5V,6.221,7008.1,1.33157,1.36062,3.85322,38.3442,HD 126141,70310,1.96296,51.1932,1.88444,49.1455,2.59924,1.42958,2.35555,61.4318,3.24905,1.78698,1.86481,48.6335,2.57217,1.41469,3.27815,85.4926,4.5216,2.48688,0,0,0,0,0,0,0,0,0,0,0,0,0,0
TIC 313723578,F5V,6.217,6640.5,1.42689,1.2993,3.56681,36.8866,HD 170773,90936,1.8886,51.2002,1.81306,49.1522,2.5996,1.42978,2.26632,61.4403,3.2495,1.78722,1.79417,48.6402,2.57252,1.41489,3.15396,85.5044,4.52222,2.48722,0,0,0,0,0,0,0,0,0,0,0,0,0,0
TIC 422044019,F9VCH-0.4,6.25,6215,1.06379,1.09486,1.52114,24.0793,HD 190422,99137,1.23334,51.22,1.18401,49.1712,2.60061,1.43033,1.48001,61.464,3.25076,1.78792,1.17168,48.659,2.57352,1.41543,2.05968,85.5374,4.52397,2.48818,0,0,0,0,0,0,0,0,0,0,0,0,0,0
TIC 166578417,F9V,6.28,5992,1.48313,1.08255,2.5547,31.1933,HD 193307,100412,1.59834,51.2399,1.53441,49.1903,2.60161,1.43089,1.91801,61.4879,3.25202,1.78861,1.51842,48.6779,2.57451,1.41598,2.66923,85.5706,4.52572,2.48915,0,0,0,0,0,0,0,0,0,0,0,0,0,0
TIC 2288734,F8V,6.237,6229,1.21285,1.11134,1.99518,27.5113,HD 179949,94645,1.41251,51.3429,1.35601,49.2892,2.60684,1.43376,1.69501,61.6115,3.25856,1.79221,1.34188,48.7758,2.57969,1.41883,2.35889,85.7427,4.53482,2.49415,0,0,0,0,0,0,0,0,0,0,0,0,0,0
TIC 434494629,F8V,6.228,6164,1.76224,1.30401,4.03899,39.1335,HD 100219,56245,2.00972,51.3556,1.92934,49.3014,2.60749,1.43412,2.41167,61.6268,3.25936,1.79265,1.90924,48.7878,2.58033,1.41918,3.35624,85.7639,4.53595,2.49477,0,0,0,0,0,0,0,0,0,0,0,0,0,0
TIC 94945758,F8V(n)k:,6.295,6227,1.14009,1.06191,1.7607,26.8245,V* AF Lep,25486,1.32692,49.4666,1.27384,47.488,2.51158,1.38137,1.5923,59.3599,3.13947,1.72671,1.26057,46.9933,2.48542,1.36698,2.21595,82.6093,4.3691,2.40301,0,0,0,0,0,0,0,0,0,0,0,0,0,0
TIC 302190720,F7V,6.375,6159,1.76279,1.31115,4.02843,40.583,HD   3268,2832,2.00709,49.4566,1.92681,47.4783,2.51107,1.38109,2.40851,59.3479,3.13884,1.72636,1.90674,46.9837,2.48491,1.3667,3.35185,82.5924,4.36821,2.40252,0,0,0,0,0,0,0,0,0,0,0,0,0,0
TIC 23959521,G5V,6.389,5740,2.20425,1.27162,4.75184,44.0946,HD 198802,103077,2.17987,49.4363,2.09268,47.4588,2.51004,1.38052,2.61585,59.3235,3.13755,1.72565,2.07088,46.9645,2.48389,1.36614,3.64039,82.5586,4.36642,2.40153,0,0,0,0,0,0,0,0,0,0,0,0,0,0
TIC 6041460,G5/6V,6.5,5652,1.64477,1.03499,2.48723,32.9199,HD 125184,69881,1.57709,47.9071,1.51401,45.9908,2.4324,1.33782,1.89251,57.4885,3.04049,1.67227,1.49824,45.5117,2.40706,1.32388,2.63375,80.0048,4.23136,2.32725,0,0,0,0,0,0,0,0,0,0,0,0,0,0
TIC 153725546,F5.5V,6.383,6570.1,1.37355,1.26891,3.16717,37.2598,HD  28246,20630,1.77966,47.7635,1.70847,45.8529,2.42511,1.33381,2.13559,57.3162,3.03138,1.66726,1.69067,45.3753,2.39984,1.31991,2.97202,79.765,4.21867,2.32027,0,0,0,0,0,0,0,0,0,0,0,0,0,0
TIC 144504128,F7V,6.404,6271.5,2.00769,1.29852,5.61788,49.572,HD  20853,15585,2.37021,47.8134,2.2754,45.9009,2.42764,1.3352,2.84425,57.3761,3.03455,1.669,2.2517,45.4228,2.40235,1.32129,3.95825,79.8484,4.22309,2.3227,0,0,0,0,0,0,0,0,0,0,0,0,0,0
TIC 270262695,G2III/IV,6.44,5855,2.00885,1.22172,4.27264,43.2239,HD 101563,57001,2.06704,47.8216,1.98436,45.9088,2.42806,1.33543,2.48044,57.3859,3.03507,1.66929,1.96369,45.4305,2.40276,1.32152,3.45195,79.8621,4.22381,2.32309,0,0,0,0,0,0,0,0,0,0,0,0,0,0
TIC 287197149,K2V,6.597,5102.41,1.10847,0.85,0.750324,18.0979,HD 184467,95995,0.866213,47.8626,0.831564,45.9481,2.43014,1.33658,1.03946,57.4351,3.03767,1.67072,0.822902,45.4695,2.40482,1.32265,1.44658,79.9305,4.22743,2.32508,0,0,0,0,0,0,0,0,0,0,0,0,0,0
TIC 282257777,F8V,6.385,6262,1.38155,1.18072,2.64413,33.9644,HD 196885,101966,1.62608,47.876,1.56104,45.961,2.43082,1.33695,1.95129,57.4512,3.03852,1.67119,1.54477,45.4822,2.4055,1.32302,2.71555,79.9529,4.22861,2.32574,0,0,0,0,0,0,0,0,0,0,0,0,0,0
TIC 452767166,,6.352,6596.1,1.58444,1.34688,4.28152,43.2051,HD  28736,21152,2.06918,47.8921,1.98642,45.9764,2.43164,1.3374,2.48302,57.4705,3.03955,1.67175,1.96572,45.4975,2.40631,1.32347,3.45554,79.9798,4.23003,2.32652,0,0,0,0,0,0,0,0,0,0,0,0,0,0
TIC 418602340,F0V,6.363,6696.3,1.5531,1.36769,4.36953,43.6451,HD 161023,86769,2.09034,47.8941,2.00673,45.9783,2.43174,1.33746,2.50841,57.4729,3.03967,1.67182,1.98582,45.4994,2.40641,1.32352,3.49087,79.9831,4.23021,2.32662,0,0,0,0,0,0,0,0,0,0,0,0,0,0
TIC 148469073,F3V:,6.377,6610,1.42665,1.29632,3.50054,39.0403,HD  32715,24017,1.87097,47.9241,1.79613,46.0072,2.43326,1.33829,2.24517,57.509,3.04158,1.67287,1.77742,45.5279,2.40792,1.32435,3.12452,80.0333,4.23286,2.32807,0,0,0,0,0,0,0,0,0,0,0,0,0,0
TIC 61397572,G6IV-V,6.46,5740,1.26315,0.939032,1.56047,26.1587,23 Lib,74500,1.24919,47.7542,1.19922,45.844,2.42463,1.33355,1.49902,57.305,3.03079,1.66694,1.18673,45.3665,2.39938,1.31966,2.08614,79.7495,4.21785,2.31982,0,0,0,0,0,0,0,0,0,0,0,0,0,0
TIC 101349357,F8V,6.399,6193,1.08444,1.05613,1.55851,26.0325,HD  20367,15323,1.2484,47.9557,1.19847,46.0375,2.43486,1.33918,1.49809,57.5468,3.04358,1.67397,1.18598,45.5579,2.4095,1.32523,2.08484,80.086,4.23565,2.32961,0,0,0,0,0,0,0,0,0,0,0,0,0,0
TIC 35229531,G9V,6.51,5449,1.07162,0.92,0.912109,19.9083,pi.01 Cnc,45170,0.955044,47.9721,0.916842,46.0533,2.4357,1.33964,1.14605,57.5666,3.04463,1.67454,0.907292,45.5735,2.41033,1.32568,1.59492,80.1135,4.2371,2.33041,0,0,0,0,0,0,0,0,0,0,0,0,0,0
TIC 330872058,G5V,6.44,5822,0.98682,0.987329,1.008,20.9286,HD 197076,102040,1.00399,47.9722,0.963831,46.0533,2.4357,1.33964,1.20479,57.5667,3.04463,1.67455,0.953791,45.5736,2.41033,1.32568,1.67666,80.1136,4.23711,2.33041,0,0,0,0,0,0,0,0,0,0,0,0,0,0
TIC 157324520,G6V,6.48,5593,0.906089,0.890931,0.723795,17.733,HD 102438,57507,0.850761,47.9761,0.816731,46.057,2.4359,1.33975,1.02091,57.5713,3.04488,1.67468,0.808223,45.5773,2.41053,1.32579,1.42077,80.1201,4.23745,2.3306,0,0,0,0,0,0,0,0,0,0,0,0,0,0
TIC 178155732,F6V,6.382,6308.3,1.27319,1.16951,2.31277,31.6824,HD  17926,13363,1.52078,48.0007,1.45995,46.0807,2.43715,1.34043,1.82494,57.6008,3.04644,1.67554,1.44474,45.6007,2.41176,1.32647,2.5397,80.1612,4.23963,2.33179,0,0,0,0,0,0,0,0,0,0,0,0,0,0
TIC 344755784,F5V,6.364,6514,1.67212,1.38053,4.53545,44.3202,77 Psc A,5141,2.12966,48.0516,2.04447,46.1296,2.43974,1.34185,2.55559,57.662,3.04967,1.67732,2.02318,45.6491,2.41432,1.32788,3.55653,80.2462,4.24412,2.33427,0,0,0,0,0,0,0,0,0,0,0,0,0,0
TIC 252487672,F9-V,6.442,5763,1.10761,0.95014,1.21917,22.9687,HD  90508,51248,1.10416,48.0724,1.05999,46.1495,2.44079,1.34243,1.32499,57.6869,3.05099,1.67804,1.04895,45.6688,2.41537,1.32845,1.84395,80.2809,4.24596,2.33528,0,0,0,0,0,0,0,0,0,0,0,0,0,0
TIC 213739541,F5V,6.368,6640.8,1.50871,1.34925,3.98828,41.8141,HD 184663,96351,1.99707,47.7606,1.91718,45.8502,2.42496,1.33373,2.39648,57.3127,3.0312,1.66716,1.89721,45.3726,2.3997,1.31983,3.3351,79.7602,4.21842,2.32013,0,0,0,0,0,0,0,0,0,0,0,0,0,0
TIC 212296912,A9V,6.377,6982.9,1.55696,1.43852,5.19273,47.7409,HD 196385,101808,2.27876,47.7317,2.18761,45.8224,2.42349,1.33292,2.73451,57.278,3.02936,1.66615,2.16482,45.3451,2.39825,1.31904,3.80552,79.7119,4.21587,2.31873,0,0,0,0,0,0,0,0,0,0,0,0,0,0
TIC 311148485,,6.34,6670.1,1.4475,1.31613,3.73646,40.1264,HD  25102,18658,1.93299,48.1726,1.85567,46.2457,2.44588,1.34523,2.31959,57.8071,3.05735,1.68154,1.83634,45.764,2.4204,1.33122,3.2281,80.4483,4.25481,2.34014,0,0,0,0,0,0,0,0,0,0,0,0,0,0
TIC 146523123,G1V,6.44,5804,1.61437,1.05987,2.66445,34.4273,HD  33095,23818,1.63232,47.4133,1.56702,45.5168,2.40733,1.32403,1.95878,56.896,3.00916,1.65504,1.5507,45.0427,2.38225,1.31024,2.72597,79.1803,4.18775,2.30326,0,0,0,0,0,0,0,0,0,0,0,0,0,0
TIC 368454136,F3V,6.402,6635.2,1.47855,1.32074,3.81754,41.2937,HD   4295,3641,1.95385,47.316,1.8757,45.4234,2.40239,1.32131,2.34462,56.7792,3.00298,1.65164,1.85616,44.9502,2.37736,1.30755,3.26294,79.0177,4.17915,2.29853,0,0,0,0,0,0,0,0,0,0,0,0,0,0
TIC 2944024,F7V,6.41,6304,1.35755,1.19832,2.62222,34.2079,HD  35681,25580,1.61933,47.3377,1.55455,45.4442,2.40349,1.32192,1.94319,56.8053,3.00436,1.6524,1.53836,44.9709,2.37845,1.30815,2.70427,79.054,4.18107,2.29959,0,0,0,0,0,0,0,0,0,0,0,0,0,0
TIC 97369520,F5V,6.413,6366.6,1.41138,1.24704,2.94859,36.2728,HD  13201,10050,1.71715,47.3398,1.64846,45.4462,2.40359,1.32198,2.06057,56.8077,3.00449,1.65247,1.63129,44.9728,2.37855,1.30821,2.86763,79.0574,4.18125,2.29969,0,0,0,0,0,0,0,0,0,0,0,0,0,0
TIC 321436233,F8V,6.461,5922,1.94133,1.20083,4.17607,43.1398,18 Cam,25973,2.04354,47.3703,1.9618,45.4755,2.40514,1.32283,2.45225,56.8444,3.00643,1.65354,1.94137,45.0018,2.38009,1.30905,3.41272,79.1084,4.18395,2.30117,0,0,0,0,0,0,0,0,0,0,0,0,0,0
TIC 135171750,,6.41,6309,1.31103,1.20252,2.45338,33.0626,HD 125040A,69751,1.56633,47.3746,1.50367,45.4796,2.40536,1.32295,1.87959,56.8495,3.0067,1.65369,1.48801,45.0059,2.3803,1.30917,2.61577,79.1156,4.18433,2.30138,0,0,0,0,0,0,0,0,0,0,0,0,0,0
TIC 355916910,G6V,6.51,5587,1.0556,0.886989,0.978148,20.8702,HD 117043,65530,0.989014,47.3888,0.949453,45.4933,2.40608,1.32335,1.18682,56.8666,3.0076,1.65418,0.939563,45.0194,2.38102,1.30956,1.65165,79.1393,4.18558,2.30207,0,0,0,0,0,0,0,0,0,0,0,0,0,0
TIC 260266504,F9.5V,6.43,6011,1.57452,1.1059,2.91593,36.0214,HD  44120,29788,1.70761,47.4054,1.6393,45.5092,2.40693,1.32381,2.04913,56.8865,3.00866,1.65476,1.62223,45.0351,2.38185,1.31002,2.85171,79.167,4.18705,2.30288,0,0,0,0,0,0,0,0,0,0,0,0,0,0
TIC 297060389,F2IV,6.36,6865,1.4751,1.37732,4.35411,44.0074,HD 103482,58085,2.08665,47.4159,2.00318,45.5193,2.40746,1.3241,2.50398,56.8991,3.00932,1.65513,1.98232,45.0451,2.38238,1.31031,3.48471,79.1845,4.18797,2.30339,0,0,0,0,0,0,0,0,0,0,0,0,0,0
TIC 37748347,G3VFe0.5,6.46,5737,1.1263,0.927894,1.23806,23.3818,HD   1461,1499,1.11268,47.5874,1.06817,45.6839,2.41617,1.32889,1.33522,57.1049,3.02021,1.66111,1.05705,45.2081,2.391,1.31505,1.85818,79.471,4.20312,2.31172,0,0,0,0,0,0,0,0,0,0,0,0,0,0
TIC 439839143,F3V,6.379,6600,1.5093,1.30913,3.89424,41.6157,HD 211575,110091,1.97338,47.4192,1.89445,45.5224,2.40762,1.32419,2.36806,56.903,3.00953,1.65524,1.87471,45.0482,2.38254,1.3104,3.29555,79.19,4.18826,2.30354,0,0,0,0,0,0,0,0,0,0,0,0,0,0
TIC 56555398,G1V,6.42,6085,1.82492,1.20908,4.11361,42.7321,HD  85380,48351,2.0282,47.4633,1.94708,45.5648,2.40986,1.32543,2.43385,56.956,3.01233,1.65678,1.92679,45.0901,2.38476,1.31162,3.3871,79.2637,4.19216,2.30569,0,0,0,0,0,0,0,0,0,0,0,0,0,0
TIC 172734582,G0VFe-0.8CH-0.5,6.43,6018,1.17399,1.0584,1.62868,26.888,HD  48938,32322,1.2762,47.4634,1.22515,45.5648,2.40987,1.32543,1.53144,56.956,3.01233,1.65678,1.21239,45.0902,2.38476,1.31162,2.13125,79.2638,4.19216,2.30569,0,0,0,0,0,0,0,0,0,0,0,0,0,0
TIC 95077078,F0,6.37,7224.4,1.42337,1.43216,4.97206,46.9233,HD  61035,37165,2.22981,47.5204,2.14062,45.6196,2.41276,1.32702,2.67577,57.0244,3.01595,1.65877,2.11832,45.1443,2.38763,1.3132,3.72378,79.359,4.1972,2.30846,0,0,0,0,0,0,0,0,0,0,0,0,0,0
TIC 257428151,G5VFe-0.8,6.44,5749,1.56014,1.07,2.39546,32.5627,HD 217166,113445,1.54773,47.5307,1.48582,45.6295,2.41329,1.32731,1.85727,57.0368,3.01661,1.65913,1.47034,45.1541,2.38815,1.31348,2.5847,79.3762,4.19811,2.30896,0,0,0,0,0,0,0,0,0,0,0,0,0,0
TIC 297138738,G1/2V,8.69,5888,1.10976,1.05582,1.33358,24.2732,HD 108799,60994,1.15481,47.5755,1.10862,45.6725,2.41556,1.32856,1.38577,57.0906,3.01945,1.6607,1.09707,45.1968,2.3904,1.31472,1.92853,79.4512,4.20207,2.31114,0,0,0,0,0,0,0,0,0,0,0,0,0,0
TIC 299099679,F4V,5.92,6579,1.64001,1.49,4.5397,44.7828,HD   8556,6564,2.13066,47.5776,2.04543,45.6745,2.41567,1.32862,2.55679,57.0931,3.01958,1.66077,2.02412,45.1987,2.3905,1.31478,3.5582,79.4546,4.20225,2.31124,0,0,0,0,0,0,0,0,0,0,0,0,0,0
TIC 380595719,F5V,6.36,6588.8,1.31094,1.24731,2.91799,35.4901,HD 162521,87822,1.70821,48.132,1.63988,46.2067,2.44382,1.3441,2.04985,57.7584,3.05477,1.68012,1.6228,45.7254,2.41836,1.3301,2.85271,80.3805,4.25122,2.33817,0,0,0,0,0,0,0,0,0,0,0,0,0,0
TIC 328861895,F8Va,6.376,6278,1.94655,1.38557,5.30287,47.7595,9 Com,60098,2.3028,48.2165,2.21068,46.2879,2.44811,1.34646,2.76335,57.8598,3.06013,1.68307,2.18766,45.8057,2.42261,1.33243,3.84567,80.5216,4.25869,2.34228,0,0,0,0,0,0,0,0,0,0,0,0,0,0
TIC 93281916,F8.5V,6.341,6081,1.16158,1.05842,1.66224,26.145,HD  38382,27075,1.28928,49.3126,1.23771,47.3401,2.50376,1.37707,1.54713,59.1751,3.1297,1.72133,1.22481,46.8469,2.47768,1.36272,2.15309,82.352,4.3555,2.39552,0,0,0,0,0,0,0,0,0,0,0,0,0,0
TIC 11799872,F4V,6.29,6443.6,1.67328,1.33627,4.34858,42.4932,HD  48766,32609,2.08533,49.0743,2.00191,47.1113,2.49166,1.37041,2.50239,58.8892,3.11458,1.71302,1.98106,46.6206,2.46571,1.35614,3.48249,81.9541,4.33445,2.38395,0,0,0,0,0,0,0,0,0,0,0,0,0,0
TIC 373445744,F8V,6.397,6039,1.19065,1.01768,1.69873,26.6711,HD 203454,105406,1.30335,48.8675,1.25122,46.9128,2.48116,1.36464,1.56402,58.641,3.10145,1.7058,1.23818,46.4242,2.45532,1.35042,2.1766,81.6088,4.31619,2.3739,0,0,0,0,0,0,0,0,0,0,0,0,0,0
TIC 286305421,G2IV+G2IV,6.39,5917,1.92498,1.32,4.09216,41.3907,HD 202582,104788,2.02291,48.8735,1.94199,46.9185,2.48146,1.3648,2.42749,58.6481,3.10183,1.70601,1.92176,46.4298,2.45561,1.35059,3.37826,81.6187,4.31671,2.37419,0,0,0,0,0,0,0,0,0,0,0,0,0,0
TIC 71094440,G0V,6.38,5969,1.02573,1.0109,1.20329,22.423,HD  88742,50075,1.09695,48.9205,1.05307,46.9636,2.48385,1.36612,1.31633,58.7045,3.10481,1.70765,1.0421,46.4744,2.45798,1.35189,1.8319,81.6972,4.32086,2.37647,0,0,0,0,0,0,0,0,0,0,0,0,0,0
TIC 434237029,F5V,6.3,6701.8,1.70102,1.41521,5.25868,46.849,48 Tau,19877,2.29318,48.9484,2.20145,46.9904,2.48527,1.3669,2.75182,58.738,3.10658,1.70862,2.17852,46.5009,2.45938,1.35266,3.82961,81.7438,4.32333,2.37783,0,0,0,0,0,0,0,0,0,0,0,0,0,0
TIC 184281898,G2.5V,6.39,5795,1.03526,0.941507,1.08895,21.3182,9 Cet,1803,1.04353,48.9502,1.00179,46.9922,2.48536,1.36695,1.25224,58.7402,3.1067,1.70868,0.991353,46.5027,2.45947,1.35271,1.74269,81.7468,4.32349,2.37792,0,0,0,0,0,0,0,0,0,0,0,0,0,0
TIC 119820859,G3/5V,6.44,5548,2.488,1.35639,5.28372,46.9557,HD 170525,90981,2.29863,48.9533,2.20669,46.9952,2.48552,1.36703,2.75836,58.744,3.1069,1.70879,2.1837,46.5056,2.45963,1.35279,3.83872,81.752,4.32376,2.37807,0,0,0,0,0,0,0,0,0,0,0,0,0,0
TIC 154841643,F4V,6.339,6424,1.58086,1.31028,3.83445,39.9383,HD 107113,59879,1.95817,49.03,1.87985,47.0688,2.48941,1.36918,2.34981,58.836,3.11176,1.71147,1.86027,46.5785,2.46348,1.35491,3.27015,81.8801,4.33054,2.3818,0,0,0,0,0,0,0,0,0,0,0,0,0,0
TIC 409374262,F5V,6.306,6474,1.61196,1.33471,4.1124,41.3042,HD 128093,71243,2.02791,49.0969,1.94679,47.133,2.49281,1.37104,2.43349,58.9163,3.11601,1.7138,1.92651,46.642,2.46684,1.35676,3.3866,81.9918,4.33644,2.38504,0,0,0,0,0,0,0,0,0,0,0,0,0,0
TIC 20204058,F8V,6.351,6251,1.24433,1.13984,2.12991,29.912,HD 134044,73941,1.45942,48.7904,1.40104,46.8388,2.47724,1.36248,1.7513,58.5485,3.09656,1.70311,1.38645,46.3509,2.45144,1.34829,2.43723,81.4799,4.30937,2.37016,0,0,0,0,0,0,0,0,0,0,0,0,0,0
TIC 181741837,F9VFe+0.3,6.36,6163,1.24965,1.10249,2.02974,29.0144,HD  75289,43177,1.42469,49.1028,1.3677,47.1387,2.49311,1.37121,1.70963,58.9234,3.11638,1.71401,1.35345,46.6477,2.46714,1.35693,2.37923,82.0017,4.33697,2.38533,0,0,0,0,0,0,0,0,0,0,0,0,0,0
TIC 158111564,F8V,6.35,6178,1.16457,1.11544,1.77999,27.1318,HD  41700,28764,1.33416,49.1733,1.2808,47.2064,2.49669,1.37318,1.601,59.008,3.12086,1.71647,1.26745,46.7147,2.47068,1.35887,2.22805,82.1195,4.3432,2.38876,0,0,0,0,0,0,0,0,0,0,0,0,0,0
TIC 436661956,,6.25,6448,1.7392,1.38,4.71077,44.0816,HD  30869,22607,2.17043,49.2366,2.08361,47.2672,2.4999,1.37495,2.60452,59.084,3.12488,1.71868,2.06191,46.7748,2.47386,1.36062,3.62462,82.2252,4.34879,2.39183,0,0,0,0,0,0,0,0,0,0,0,0,0,0
TIC 286946484,F7.7V,6.32,6171,1.09944,1.09401,1.57929,25.5042,HD 119124,66704,1.2567,49.2741,1.20643,47.3031,2.5018,1.37599,1.50804,59.1289,3.12725,1.71999,1.19386,46.8104,2.47574,1.36166,2.09869,82.2877,4.35209,2.39365,0,0,0,0,0,0,0,0,0,0,0,0,0,0
TIC 278191971,F6V,6.302,6760.7,1.69694,1.41135,5.41997,47.2442,HD 173494,91958,2.32808,49.2776,2.23496,47.3065,2.50198,1.37609,2.7937,59.1332,3.12748,1.72011,2.21168,46.8138,2.47592,1.36176,3.8879,82.2937,4.35241,2.39383,0,0,0,0,0,0,0,0,0,0,0,0,0,0
TIC 1399933,F6V,6.308,6454.8,1.94433,1.43393,5.91245,49.3326,HD  80719,45854,2.43155,49.289,2.33429,47.3174,2.50256,1.37641,2.91786,59.1468,3.1282,1.72051,2.30998,46.8245,2.47649,1.36207,4.06069,82.3126,4.35341,2.39438,0,0,0,0,0,0,0,0,0,0,0,0,0,0
TIC 49831913,G2Va,6.39,5859,1.0473,0.967296,1.16447,21.8846,HD  45184,30503,1.07911,49.3089,1.03594,47.3365,2.50357,1.37696,1.29493,59.1707,3.12946,1.7212,1.02515,46.8434,2.47749,1.36262,1.80211,82.3458,4.35517,2.39534,0,0,0,0,0,0,0,0,0,0,0,0,0,0
TIC 72510218,G5Va,6.43,5597,0.964107,1.01,0.8218,18.5518,HD 120690,67620,0.906532,48.8649,0.870271,46.9103,2.48103,1.36457,1.08784,58.6379,3.10129,1.70571,0.861205,46.4217,2.45518,1.35035,1.51391,81.6044,4.31596,2.37378,0,0,0,0,0,0,0,0,0,0,0,0,0,0
TIC 147757234,F8V,6.36,6109,1.78609,1.19323,4.00296,41.0237,HD 124553,69564,2.00074,48.7704,1.92071,46.8196,2.47623,1.36193,2.40089,58.5245,3.09529,1.70241,1.9007,46.3319,2.45043,1.34774,3.34123,81.4465,4.30761,2.36918,0,0,0,0,0,0,0,0,0,0,0,0,0,0
TIC 153498031,G5V,6.456,5737,0.907655,0.969942,0.804037,18.5876,HD  42807,29525,0.896681,48.2407,0.860814,46.3111,2.44934,1.34714,1.07602,57.8889,3.06167,1.68392,0.851847,45.8287,2.42382,1.3331,1.49746,80.562,4.26083,2.34345,0,0,0,0,0,0,0,0,0,0,0,0,0,0
TIC 213043245,A9V,6.32,7257.2,1.50221,1.51021,5.63941,49.001,HD  32115,23296,2.37474,48.4632,2.27975,46.5247,2.46063,1.35335,2.84969,58.1558,3.07579,1.69168,2.25601,46.04,2.435,1.33925,3.96582,80.9335,4.28047,2.35426,0,0,0,0,0,0,0,0,0,0,0,0,0,0
TIC 309244750,G1V,6.43,6027,1.87282,1.35,4.16957,42.3012,HD 129980,72217,2.04195,48.2718,1.96028,46.3409,2.45091,1.348,2.45034,57.9261,3.06364,1.685,1.93986,45.8582,2.42538,1.33396,3.41006,80.6139,4.26357,2.34496,0,0,0,0,0,0,0,0,0,0,0,0,0,0
TIC 193320650,F3V,6.35,6678,1.63367,1.38325,4.78196,45.249,HD 102990,57819,2.18677,48.3274,2.0993,46.3943,2.45374,1.34956,2.62412,57.9929,3.06717,1.68695,2.07743,45.9111,2.42818,1.3355,3.65191,80.7068,4.26848,2.34767,0,0,0,0,0,0,0,0,0,0,0,0,0,0
TIC 407330598,F5V,6.336,6828,1.4865,1.35207,4.3271,43.0358,HD 179422,94290,2.08017,48.3357,1.99696,46.4023,2.45416,1.34979,2.4962,58.0029,3.0677,1.68723,1.97616,45.9189,2.4286,1.33573,3.47388,80.7207,4.26922,2.34807,0,0,0,0,0,0,0,0,0,0,0,0,0,0
TIC 363549733,G9IV-V,6.46,5457,0.983051,0.95,0.772081,18.1661,83 Leo A,55846,0.878681,48.3692,0.843534,46.4344,2.45586,1.35072,1.05442,58.043,3.06983,1.6884,0.834747,45.9507,2.43028,1.33665,1.4674,80.7766,4.27217,2.3497,0,0,0,0,0,0,0,0,0,0,0,0,0,0
TIC 188692003,F4V,6.411,6430,1.49263,1.29348,3.43117,38.2528,HD 157373,84855,1.85234,48.4237,1.77825,46.4868,2.45863,1.35225,2.22281,58.1085,3.07329,1.69031,1.75973,46.0025,2.43302,1.33816,3.09341,80.8676,4.27699,2.35234,0,0,0,0,0,0,0,0,0,0,0,0,0,0
TIC 85335212,G2,6.405,5876,1.06008,1.02122,1.20699,22.6788,HD  97334,54745,1.09863,48.4429,1.05468,46.5052,2.4596,1.35278,1.31835,58.1315,3.07451,1.69098,1.0437,46.0208,2.43398,1.33869,1.83471,80.8997,4.27869,2.35328,0,0,0,0,0,0,0,0,0,0,0,0,0,0
TIC 345176811,F8V,6.392,6005,1.94188,1.1,4.41765,43.3872,HD 171990,92233,2.10182,48.4434,2.01775,46.5056,2.45963,1.35279,2.52218,58.132,3.07453,1.69099,1.99673,46.0212,2.434,1.3387,3.51004,80.9004,4.27872,2.3533,0,0,0,0,0,0,0,0,0,0,0,0,0,0
TIC 115347503,F9VFe-0.5,6.37,6198,1.06091,1.19,1.49645,25.2231,HD  11262,8514,1.22329,48.4989,1.17436,46.5589,2.46244,1.35434,1.46795,58.1987,3.07806,1.69293,1.16213,46.0739,2.43679,1.34024,2.0429,80.9931,4.28363,2.356,0,0,0,0,0,0,0,0,0,0,0,0,0,0
TIC 468319961,F9V,6.389,5883,1.53977,1.0835,2.55861,32.8333,HD   3440,3132,1.59957,48.7178,1.53558,46.7691,2.47356,1.36046,1.91948,58.4614,3.09195,1.70057,1.51959,46.2819,2.44779,1.34629,2.67127,81.3588,4.30297,2.36663,0,0,0,0,0,0,0,0,0,0,0,0,0,0
TIC 147902364,G0V,6.35,6373,1.57563,1.28,3.68961,39.604,HD  47230,31509,1.92084,48.5011,1.844,46.5611,2.46256,1.35441,2.305,58.2013,3.0782,1.69301,1.82479,46.076,2.43691,1.3403,3.2078,80.9968,4.28382,2.3561,0,0,0,0,0,0,0,0,0,0,0,0,0,0
TIC 305065042,F7V,6.362,6336,1.82954,1.36815,4.86001,45.4469,HD 180134,94858,2.20454,48.5081,2.11636,46.5678,2.46291,1.3546,2.64545,58.2097,3.07864,1.69325,2.09432,46.0827,2.43726,1.34049,3.68159,81.0085,4.28444,2.35644,0,0,0,0,0,0,0,0,0,0,0,0,0,0
TIC 235666667,G8V,6.48,5401,1.94306,0.94,2.89443,35.0148,HD 170829,90729,1.7013,48.5881,1.63325,46.6446,2.46698,1.35684,2.04156,58.3058,3.08372,1.69605,1.61624,46.1587,2.44128,1.3427,2.84117,81.1422,4.29151,2.36033,0,0,0,0,0,0,0,0,0,0,0,0,0,0
TIC 60512365,F0,6.324,7177.8,1.427,1.41598,4.86977,45.3965,HD  31362,22949,2.20676,48.6107,2.11849,46.6663,2.46812,1.35747,2.64811,58.3328,3.08515,1.69683,2.09642,46.1802,2.44241,1.34333,3.68528,81.1799,4.2935,2.36143,0,0,0,0,0,0,0,0,0,0,0,0,0,0
TIC 80535228,F7V,6.331,6395,1.50892,1.273,3.43075,38.1008,HD   8673,6702,1.85223,48.6139,1.77814,46.6693,2.46828,1.35756,2.22267,58.3367,3.08535,1.69694,1.75962,46.1832,2.44257,1.34341,3.09322,81.1852,4.29378,2.36158,0,0,0,0,0,0,0,0,0,0,0,0,0,0
TIC 388170973,F6V,6.346,6359,1.45332,1.24659,3.11151,36.2781,HD 182101,95253,1.76395,48.623,1.69339,46.6781,2.46875,1.35781,2.11674,58.3476,3.08593,1.69726,1.67575,46.1918,2.44303,1.34367,2.94579,81.2004,4.29459,2.36202,0,0,0,0,0,0,0,0,0,0,0,0,0,0
TIC 379558372,F9VFe-0.8CH-0.4,6.4,6136,1.32756,1.13881,2.25084,30.8306,HD 167665,89620,1.50028,48.662,1.44027,46.7155,2.47073,1.3589,1.80034,58.3944,3.08841,1.69862,1.42527,46.2289,2.44499,1.34474,2.50547,81.2655,4.29803,2.36392,0,0,0,0,0,0,0,0,0,0,0,0,0,0
TIC 160010717,G5V,6.29,5635,0.935247,0.912681,0.794554,17.0875,HD 111395,62523,0.891377,52.1655,0.855722,50.0789,2.64861,1.45674,1.06965,62.5986,3.31077,1.82092,0.846808,49.5573,2.62102,1.44156,1.4886,87.1164,4.60748,2.53411,0,0,0,0,0,0,0,0,0,0,0,0,0,0
TIC 141248738,F7V,6.215,6161,2.00377,1.22,5.21191,43.7565,7 CVn,60988,2.28296,52.1742,2.19164,50.0873,2.64905,1.45698,2.73955,62.6091,3.31132,1.82122,2.16881,49.5655,2.62146,1.4418,3.81254,87.131,4.60825,2.53454,0,0,0,0,0,0,0,0,0,0,0,0,0,0
TIC 142976476,F4V+F6V,6.2,6329,1.8282,1.36926,4.83153,42.1149,HD  22262,16628,2.19807,52.1923,2.11015,50.1046,2.64997,1.45748,2.63769,62.6307,3.31246,1.82185,2.08817,49.5827,2.62237,1.4423,3.67078,87.1611,4.60984,2.53541,0,0,0,0,0,0,0,0,0,0,0,0,0,0
TIC 352402781,G2V,6.07,5730,1.03394,0.923981,1.03826,17.9272,HD 189567,98959,1.01895,56.8383,0.978191,54.5648,2.88586,1.58722,1.22274,68.206,3.60733,1.98403,0.968001,53.9964,2.8558,1.57069,1.70164,94.9199,5.0202,2.76111,0,0,0,0,0,0,0,0,0,0,0,0,0,0
TIC 11295159,A9V,5.974,7166.8,1.52245,1.48967,5.5091,41.6183,HD  37594,26624,2.34715,56.397,2.25326,54.1411,2.86346,1.5749,2.81658,67.6764,3.57932,1.96863,2.22979,53.5771,2.83363,1.5585,3.91974,94.183,4.98122,2.73967,0,0,0,0,0,0,0,0,0,0,0,0,0,0
TIC 143900456,F2V,5.987,6723.8,1.43198,1.32753,3.77597,34.4542,HD  71196,41282,1.94319,56.3991,1.86546,54.1431,2.86356,1.57496,2.33182,67.6789,3.57945,1.9687,1.84603,53.5791,2.83373,1.55855,3.24512,94.1864,4.9814,2.73977,0,0,0,0,0,0,0,0,0,0,0,0,0,0
TIC 245368902,F0+VkA5mA5,5.953,7204.6,1.47745,1.50696,5.29857,40.8044,HD 218396,114189,2.30186,56.4121,2.20979,54.1556,2.86422,1.57532,2.76224,67.6945,3.58028,1.96915,2.18677,53.5915,2.83439,1.55891,3.84411,94.2082,4.98255,2.7404,0,0,0,0,0,0,0,0,0,0,0,0,0,0
TIC 355406799,F5V,5.953,6614,1.50215,1.32614,3.89028,34.9047,HD  57852,35564,1.97238,56.5075,1.89348,54.2472,2.86907,1.57799,2.36685,67.809,3.58633,1.97248,1.87376,53.6821,2.83918,1.56155,3.29387,94.3675,4.99098,2.74504,0,0,0,0,0,0,0,0,0,0,0,0,0,0
TIC 158985758,F6IV:,6.023,6288,2.00022,1.42186,5.63508,41.941,HD 181096,94755,2.37383,56.5994,2.27888,54.3354,2.87373,1.58055,2.8486,67.9193,3.59217,1.97569,2.25514,53.7694,2.8438,1.56409,3.9643,94.521,4.9991,2.7495,0,0,0,0,0,0,0,0,0,0,0,0,0,0
TIC 103916828,F3V,6.007,6775,1.62489,1.4,5.01163,39.4358,HD 112935,63490,2.23867,56.7674,2.14912,54.4967,2.88226,1.58524,2.6864,68.1209,3.60283,1.98156,2.12673,53.929,2.85224,1.56873,3.73857,94.8015,5.01394,2.75766,0,0,0,0,0,0,0,0,0,0,0,0,0,0
TIC 140682376,A9IV,5.952,7295.99,1.6888,1.56314,7.28096,47.5205,HD  29678,22361,2.69832,56.7823,2.59039,54.511,2.88302,1.58566,3.23799,68.1387,3.60377,1.98208,2.56341,53.9432,2.85299,1.56914,4.5062,94.8264,5.01525,2.75839,0,0,0,0,0,0,0,0,0,0,0,0,0,0
TIC 291152372,F5V,5.991,6403,1.39884,1.24848,2.96322,30.2693,15 Del,102805,1.7214,56.8696,1.65255,54.5948,2.88745,1.5881,2.06568,68.2435,3.60931,1.98512,1.63533,54.0261,2.85737,1.57156,2.87474,94.9722,5.02296,2.76263,0,0,0,0,0,0,0,0,0,0,0,0,0,0
TIC 135169898,A8V,5.957,7401.1,1.58066,1.55222,6.75391,46.114,V* CN Boo,,2.59883,56.3566,2.49487,54.1023,2.86141,1.57377,3.11859,67.6279,3.57676,1.96722,2.46889,53.5388,2.8316,1.55738,4.34004,94.1155,4.97765,2.73771,0,0,0,0,0,0,0,0,0,0,0,0,0,0
TIC 20926643,K0VFe-1.5CH-1.3,6.14,5376,1.86942,0.93,2.62994,28.5066,HD   3795,3185,1.62171,56.889,1.55684,54.6134,2.88844,1.58864,1.94605,68.2668,3.61055,1.9858,1.54062,54.0445,2.85835,1.57209,2.70825,95.0046,5.02468,2.76357,0,0,0,0,0,0,0,0,0,0,0,0,0,0
TIC 183984086,G0V,6.03,6090,1.44855,1.09611,2.60034,28.342,HD 224022,117880,1.61256,56.8963,1.54805,54.6205,2.88881,1.58884,1.93507,68.2756,3.61101,1.98606,1.53193,54.0515,2.85872,1.57229,2.69297,95.0168,5.02532,2.76393,0,0,0,0,0,0,0,0,0,0,0,0,0,0
TIC 467957174,F5V,5.99,6456,1.70342,1.35704,4.54143,37.4153,HD  98560,55280,2.13106,56.9571,2.04582,54.6788,2.89189,1.59054,2.55728,68.3485,3.61487,1.98818,2.02451,54.1092,2.86177,1.57397,3.55888,95.1183,5.03069,2.76688,0,0,0,0,0,0,0,0,0,0,0,0,0,0
TIC 17388998,F4V,5.965,6720.5,1.96513,1.43,7.09718,46.7682,HD  27901,20614,2.66405,56.9629,2.55749,54.6844,2.89219,1.5907,3.19686,68.3555,3.61524,1.98838,2.53085,54.1148,2.86206,1.57413,4.44897,95.1281,5.03121,2.76716,0,0,0,0,0,0,0,0,0,0,0,0,0,0
TIC 242940550,F4V,5.946,6969.1,1.68361,1.47529,6.02402,43.0395,HD  24357,18170,2.45439,57.0264,2.35621,54.7453,2.89541,1.59248,2.94527,68.4317,3.61927,1.9906,2.33167,54.1751,2.86525,1.57589,4.09883,95.2341,5.03681,2.77025,0,0,0,0,0,0,0,0,0,0,0,0,0,0
TIC 277774779,G1VFe+0.3,6.05,5839,1.48752,1.02459,2.31727,26.6859,rho Ind,113137,1.52226,57.0435,1.46137,54.7617,2.89628,1.59295,1.82671,68.4521,3.62035,1.99119,1.44614,54.1913,2.86611,1.57636,2.54217,95.2626,5.03832,2.77108,0,0,0,0,0,0,0,0,0,0,0,0,0,0
TIC 394647304,G4.5V,6.077,5644,1.25944,1.01,1.45009,21.1082,HD 178428,93966,1.2042,57.0488,1.15603,54.7668,2.89655,1.5931,1.44504,68.4585,3.62069,1.99138,1.14399,54.1963,2.86638,1.57651,2.01101,95.2714,5.03879,2.77133,0,0,0,0,0,0,0,0,0,0,0,0,0,0
TIC 408118468,F3V,5.999,6585.2,2.16339,1.54145,7.92937,49.9596,HD  13456,10215,2.81591,56.3638,2.70328,54.1092,2.86177,1.57397,3.3791,67.6365,3.57721,1.96747,2.67512,53.5456,2.83196,1.55758,4.70258,94.1275,4.97829,2.73806,0,0,0,0,0,0,0,0,0,0,0,0,0,0
TIC 172607904,G1VFe-1,6.12,5805,0.990311,0.95057,1.00334,17.775,39 Ser,77801,1.00167,56.3525,0.961601,54.0984,2.8612,1.57366,1.202,67.623,3.57649,1.96707,0.951584,53.5348,2.83139,1.55727,1.67278,94.1086,4.97729,2.73751,0,0,0,0,0,0,0,0,0,0,0,0,0,0
TIC 161314759,G0V,6.04,5953,1.77884,1.15045,3.58023,33.1032,tau01 Gru,113044,1.89215,57.1592,1.81646,54.8728,2.90215,1.59619,2.27058,68.591,3.62769,1.99523,1.79754,54.3012,2.87192,1.57956,3.15989,95.4558,5.04854,2.7767,0,0,0,0,0,0,0,0,0,0,0,0,0,0
TIC 288468223,F7,5.939,6255,2.11882,1.4404,6.19143,44.5377,40 Dra,88127,2.48826,55.8686,2.38873,53.6339,2.83663,1.56015,2.98591,67.0423,3.54579,1.95018,2.36385,53.0752,2.80708,1.54389,4.15539,93.3006,4.93455,2.714,0,0,0,0,0,0,0,0,0,0,0,0,0,0
TIC 279485093,A9VpSrEuCr,6,7221.13,1.70929,1.63,7.15729,48.1318,V* DO Eri,18339,2.67531,55.583,2.5683,53.3597,2.82213,1.55217,3.21037,66.6997,3.52766,1.94021,2.54155,52.8039,2.79273,1.536,4.46777,92.8237,4.90933,2.70013,0,0,0,0,0,0,0,0,0,0,0,0,0,0
TIC 97673330,F3V,6.031,6581,1.99382,1.37,6.71788,46.6056,HD 187098,97515,2.59189,55.6132,2.48821,53.3887,2.82366,1.55301,3.11026,66.7359,3.52958,1.94127,2.46229,52.8326,2.79425,1.53684,4.32845,92.8741,4.912,2.7016,0,0,0,0,0,0,0,0,0,0,0,0,0,0
TIC 206652823,F3V,6.01,6744.3,1.64538,1.40912,5.04635,40.3531,HD   9896,7387,2.24641,55.6688,2.15655,53.4421,2.82649,1.55457,2.69569,66.8026,3.53311,1.94321,2.13409,52.8854,2.79704,1.53837,3.7515,92.9669,4.91691,2.7043,0,0,0,0,0,0,0,0,0,0,0,0,0,0
TIC 49099038,F8V,6.051,6266,1.45739,1.21158,2.9499,30.8469,HD  95456,53818,1.71753,55.679,1.64883,53.4519,2.827,1.55485,2.06103,66.8149,3.53376,1.94357,1.63165,52.8951,2.79756,1.53866,2.86827,92.984,4.91781,2.7048,0,0,0,0,0,0,0,0,0,0,0,0,0,0
TIC 38271828,G8IV/V,6.163,5621,1.18021,0.98,1.25276,20.0695,HD 217107,113421,1.11927,55.7696,1.0745,53.5388,2.8316,1.55738,1.34312,66.9235,3.5395,1.94672,1.06331,52.9811,2.8021,1.54116,1.86918,93.1351,4.9258,2.70919,0,0,0,0,0,0,0,0,0,0,0,0,0,0
TIC 176941311,F9VFe-1.7CH-0.7,6.11,6181,1.09838,0.99,1.58648,22.553,HD 106516,59750,1.25956,55.8487,1.20917,53.6147,2.83562,1.55959,1.51147,67.0184,3.54452,1.94949,1.19658,53.0563,2.80608,1.54334,2.10346,93.2673,4.93279,2.71304,0,0,0,0,0,0,0,0,0,0,0,0,0,0
TIC 245825957,F1.5Vn,5.998,7043.2,1.7834,1.52662,7.05133,47.5363,85 Tau,21137,2.65543,55.8612,2.54922,53.6267,2.83625,1.55994,3.18652,67.0334,3.54531,1.94992,2.52266,53.0681,2.80671,1.54369,4.43458,93.2881,4.93389,2.71364,0,0,0,0,0,0,0,0,0,0,0,0,0,0
TIC 48622550,F8IV,6.07,6163,1.44281,1.18988,2.70572,29.372,HD  45588,30711,1.64491,56.0026,1.57911,53.7625,2.84343,1.56389,1.97389,67.2031,3.55429,1.95486,1.56266,53.2025,2.81381,1.5476,2.74699,93.5243,4.94639,2.72051,0,0,0,0,0,0,0,0,0,0,0,0,0,0
TIC 343333748,F6IV,6.003,6473,1.48803,1.28442,3.50218,33.2492,HD 197373,102011,1.87141,56.2844,1.79655,54.033,2.85774,1.57176,2.24569,67.5413,3.57217,1.9647,1.77784,53.4702,2.82797,1.55538,3.12526,93.9949,4.97128,2.7342,0,0,0,0,0,0,0,0,0,0,0,0,0,0
TIC 193222805,F6/7V,6.03,6368,1.97841,1.41522,5.79882,42.9536,HD  91280,51551,2.40807,56.0622,2.31175,53.8197,2.84646,1.56555,2.88969,67.2746,3.55807,1.95694,2.28767,53.2591,2.81681,1.54924,4.02148,93.6238,4.95165,2.72341,0,0,0,0,0,0,0,0,0,0,0,0,0,0
TIC 118554656,F2,6.019,6826,1.74411,1.45205,5.94985,43.4812,V* V1116 Tau,21459,2.43923,56.0986,2.34166,53.8546,2.84831,1.56657,2.92708,67.3183,3.56038,1.95821,2.31727,53.2937,2.81864,1.55025,4.07352,93.6846,4.95486,2.72518,0,0,0,0,0,0,0,0,0,0,0,0,0,0
TIC 233503400,F4V,6.015,6573,1.55421,1.33065,4.06227,35.9263,HD 152303,81854,2.01551,56.1012,1.93489,53.8571,2.84844,1.56664,2.41861,67.3214,3.56055,1.9583,1.91473,53.2961,2.81877,1.55032,3.3659,93.689,4.9551,2.7253,0,0,0,0,0,0,0,0,0,0,0,0,0,0
TIC 142350121,F6V,6.021,6669,1.51997,1.34339,4.11726,36.161,HD 113337,63584,2.0291,56.113,1.94794,53.8685,2.84904,1.56697,2.43493,67.3357,3.5613,1.95871,1.92765,53.3074,2.81936,1.55065,3.3886,93.7088,4.95614,2.72588,0,0,0,0,0,0,0,0,0,0,0,0,0,0
TIC 53336409,F6V,6.02,6366,1.38408,1.2185,2.83454,29.976,HD  63332,38325,1.68361,56.1653,1.61627,53.9186,2.85169,1.56843,2.02033,67.3983,3.56461,1.96054,1.59943,53.357,2.82199,1.55209,2.81163,93.796,4.96075,2.72841,0,0,0,0,0,0,0,0,0,0,0,0,0,0
TIC 421472503,F8.5VFe-0.6,6.04,6267,1.32304,1.17083,2.43264,27.7526,HD 128020,71530,1.55969,56.1999,1.49731,53.9519,2.85345,1.5694,1.87163,67.4399,3.56681,1.96175,1.48171,53.3899,2.82373,1.55305,2.60469,93.8539,4.96382,2.7301,0,0,0,0,0,0,0,0,0,0,0,0,0,0
TIC 59846132,F8.5V,6.04,6059,2.05009,1.2683,5.1032,40.1879,HD  43745,29843,2.25903,56.2116,2.16866,53.9631,2.85404,1.56972,2.71083,67.4539,3.56755,1.96215,2.14607,53.401,2.82431,1.55337,3.77257,93.8734,4.96485,2.73067,0,0,0,0,0,0,0,0,0,0,0,0,0,0
TIC 281783940,F3/5V,5.93,6495,2.05101,1.39,6.74448,45.4716,55 Leo,53423,2.59701,57.1129,2.49313,54.8284,2.8998,1.59489,3.11642,68.5354,3.62476,1.99362,2.46716,54.2572,2.8696,1.57828,4.33701,95.3785,5.04445,2.77445,0,0,0,0,0,0,0,0,0,0,0,0,0,0
TIC 441133778,F5V,5.974,6475,2.13017,1.50527,7.18589,46.8552,HD  16825,12562,2.68065,57.2113,2.57342,54.9229,2.9048,1.59764,3.21678,68.6536,3.631,1.99705,2.54662,54.3508,2.87454,1.581,4.47669,95.5429,5.05315,2.77923,0,0,0,0,0,0,0,0,0,0,0,0,0,0
TIC 128703021,F8V,6.07,6290,1.58961,1.2714,3.56351,33.9673,HD 128582,71639,1.88773,55.5748,1.81222,53.3518,2.82171,1.55194,2.26527,66.6898,3.52714,1.93993,1.79334,52.7961,2.79232,1.53578,3.1525,92.81,4.9086,2.69973,0,0,0,0,0,0,0,0,0,0,0,0,0,0
TIC 129489432,F4V,5.901,6638.9,1.89753,1.47376,6.30167,42.6216,HD 216756,113174,2.51031,58.8977,2.4099,56.5417,2.99042,1.64473,3.01238,70.6772,3.73803,2.05592,2.3848,55.9528,2.95927,1.6276,4.19222,98.3591,5.20209,2.86115,0,0,0,0,0,0,0,0,0,0,0,0,0,0
TIC 156157340,F9IV-V,5.979,5993,1.71948,1.1644,3.43612,31.647,HD  29645,21847,1.85368,58.5736,1.77953,56.2307,2.97397,1.63568,2.22441,70.2883,3.71746,2.04461,1.76099,55.6449,2.94299,1.61865,3.09564,97.8179,5.17347,2.84541,0,0,0,0,0,0,0,0,0,0,0,0,0,0
TIC 458520592,F3V:+F3V:,5.916,6567.5,1.95122,1.47445,6.38127,43.0808,39 Her,81729,2.52612,58.6368,2.42507,56.2913,2.97718,1.63745,3.03134,70.3641,3.72147,2.04681,2.39981,55.7049,2.94616,1.62039,4.21862,97.9234,5.17905,2.84848,0,0,0,0,0,0,0,0,0,0,0,0,0,0
TIC 440518695,F3V,5.91,6928.9,2.02358,1.59224,8.50342,49.6737,39 Aur,28823,2.91606,58.7043,2.79942,56.3561,2.98061,1.63933,3.49927,70.4452,3.72576,2.04917,2.77026,55.7691,2.94956,1.62226,4.86982,98.0362,5.18501,2.85176,0,0,0,0,0,0,0,0,0,0,0,0,0,0
TIC 301880196,G0V+,5.977,5939,1.00665,1.02496,1.13581,18.1208,V* HN Peg,107350,1.06574,58.8132,1.02311,56.4607,2.98613,1.64237,1.27889,70.5758,3.73267,2.05297,1.01246,55.8725,2.95503,1.62527,1.77979,98.218,5.19463,2.85705,0,0,0,0,0,0,0,0,0,0,0,0,0,0
TIC 69514163,F5VFe-0.8,5.901,6653.4,1.80261,1.4467,5.73684,40.711,HD 143928,78747,2.39517,58.8334,2.29936,56.4801,2.98716,1.64294,2.8742,70.6001,3.73395,2.05367,2.27541,55.8917,2.95604,1.62582,3.99993,98.2518,5.19642,2.85803,0,0,0,0,0,0,0,0,0,0,0,0,0,0
TIC 338130487,F3IV/V,5.906,6624,1.88469,1.45591,6.16104,42.1797,HD 114371,64390,2.48214,58.847,2.38286,56.4931,2.98785,1.64332,2.97857,70.6163,3.73481,2.05415,2.35804,55.9046,2.95673,1.6262,4.14518,98.2744,5.19761,2.85869,0,0,0,0,0,0,0,0,0,0,0,0,0,0
TIC 468986279,F8V,5.618,6181,1.3355,1.16181,2.34541,26.0066,HD  72945,42172,1.53147,58.8879,1.47021,56.5324,2.98993,1.64446,1.83777,70.6655,3.73741,2.05558,1.4549,55.9435,2.95878,1.62733,2.55756,98.3428,5.20123,2.86068,0,0,0,0,0,0,0,0,0,0,0,0,0,0
TIC 343757899,F5V,5.86,6642,1.87774,1.44594,6.18244,42.1767,HD 165259,89234,2.48645,58.9533,2.38699,56.5952,2.99325,1.64629,2.98374,70.7439,3.74156,2.05786,2.36213,56.0056,2.96207,1.62914,4.15238,98.452,5.207,2.86385,0,0,0,0,0,0,0,0,0,0,0,0,0,0
TIC 62569281,G2V,6,5780,0.982456,0.942653,0.970582,16.8366,HD  76151,43726,0.985181,58.5142,0.945774,56.1736,2.97095,1.63402,1.18222,70.217,3.71369,2.04253,0.935922,55.5885,2.94,1.617,1.64525,97.7187,5.16822,2.84252,0,0,0,0,0,0,0,0,0,0,0,0,0,0
TIC 169396790,G0IV,5.956,5930,2.07114,1.26165,4.77893,37.0187,HD  33093,23831,2.18608,59.0533,2.09863,56.6911,2.99832,1.64908,2.62329,70.8639,3.7479,2.06135,2.07677,56.1006,2.96709,1.6319,3.65075,98.6189,5.21583,2.86871,0,0,0,0,0,0,0,0,0,0,0,0,0,0
TIC 408190069,G0V,5.96,5982,1.35823,1.05585,2.12827,24.6927,HD  34721,24786,1.45886,59.0807,1.40051,56.7175,2.99972,1.64985,1.75063,70.8969,3.74965,2.06231,1.38592,56.1267,2.96847,1.63266,2.4363,98.6648,5.21826,2.87004,0,0,0,0,0,0,0,0,0,0,0,0,0,0
TIC 14255247,F4V,5.865,6984,1.84303,1.54662,7.28075,45.6638,HD  25202,18735,2.69829,59.0903,2.59036,56.7267,3.0002,1.65011,3.23794,70.9083,3.75025,2.06264,2.56337,56.1358,2.96895,1.63292,4.50614,98.6807,5.2191,2.87051,0,0,0,0,0,0,0,0,0,0,0,0,0,0
TIC 355127594,G0IV-V,5.955,5992,1.03955,1.02659,1.25508,18.9371,HD  78366,44897,1.1203,59.1591,1.07549,56.7927,3.0037,1.65203,1.34436,70.9909,3.75462,2.06504,1.06429,56.2011,2.97241,1.63482,1.8709,98.7957,5.22518,2.87385,0,0,0,0,0,0,0,0,0,0,0,0,0,0
TIC 52687259,F6.5V,5.916,6303,1.18885,1.1545,2.00974,23.9273,HD  49095,32366,1.41765,59.2484,1.36095,56.8784,3.00823,1.65453,1.70118,71.0981,3.76029,2.06816,1.34677,56.286,2.9769,1.63729,2.36748,98.9448,5.23307,2.87819,0,0,0,0,0,0,0,0,0,0,0,0,0,0
TIC 27533341,G1.5Vb,5.95,5791,1.24348,0.955584,1.56671,21.1214,16 Cyg A,96895,1.25168,59.2614,1.20162,56.891,3.00889,1.65489,1.50202,71.1137,3.76112,2.06861,1.1891,56.2983,2.97755,1.63765,2.09031,98.9666,5.23422,2.87882,0,0,0,0,0,0,0,0,0,0,0,0,0,0
TIC 81105604,F4V,5.877,6684,1.4209,1.32596,3.63053,32.0948,30 Lyn,40875,1.90539,59.3677,1.82918,56.993,3.01429,1.65786,2.28647,71.2412,3.76786,2.07232,1.81012,56.3993,2.98289,1.64059,3.18201,99.144,5.2436,2.88398,0,0,0,0,0,0,0,0,0,0,0,0,0,0
TIC 408294141,F8V,5.956,6135,2.32358,1.42284,6.89075,44.8433,4 Equ,104101,2.62502,58.5378,2.52002,56.1963,2.97215,1.63468,3.15003,70.2453,3.71519,2.04335,2.49377,55.6109,2.94119,1.61765,4.38379,97.7581,5.1703,2.84367,0,0,0,0,0,0,0,0,0,0,0,0,0,0
TIC 278175826,F6IV,5.95,6349,1.47215,1.24519,3.17262,30.51,HD 139211,76716,1.78118,58.3803,1.70994,56.0451,2.96415,1.63028,2.13742,70.0563,3.70519,2.03786,1.69212,55.4613,2.93328,1.6133,2.97458,97.495,5.15639,2.83602,0,0,0,0,0,0,0,0,0,0,0,0,0,0
TIC 372131402,G3,6.11,5610,2.14049,1.15,4.08858,35.3251,HD 225239,394,2.02202,57.2404,1.94114,54.9508,2.90628,1.59845,2.42643,68.6885,3.63285,1.99807,1.92092,54.3784,2.87601,1.5818,3.37678,95.5915,5.05572,2.78064,0,0,0,0,0,0,0,0,0,0,0,0,0,0
TIC 354318511,F5IV,5.951,6548.5,1.97063,1.46114,6.43387,43.9931,HD  11151,8598,2.53651,57.657,2.43505,55.3507,2.92743,1.61009,3.04381,69.1884,3.65929,2.01261,2.40968,54.7741,2.89694,1.59331,4.23597,96.2872,5.09251,2.80088,0,0,0,0,0,0,0,0,0,0,0,0,0,0
TIC 396255306,F9.5V,6.02,5963,1.57554,1.09769,2.82758,29.2738,HD 122862,69090,1.68154,57.4418,1.61428,55.1442,2.91651,1.60408,2.01785,68.9302,3.64563,2.0051,1.59747,54.5697,2.88613,1.58737,2.80818,95.9279,5.07351,2.79043,0,0,0,0,0,0,0,0,0,0,0,0,0,0
TIC 408817657,F8V,5.988,5984.7,1.56261,1.12564,2.82204,29.2377,29 Ari,11843,1.67989,57.4564,1.6127,55.1581,2.91725,1.60449,2.01587,68.9477,3.64656,2.00561,1.5959,54.5836,2.88686,1.58777,2.80542,95.9522,5.07479,2.79114,0,0,0,0,0,0,0,0,0,0,0,0,0,0
TIC 44577692,F9.5V,6.06,6058,1.24182,1.08685,1.87124,23.8067,HD 214953,112117,1.36793,57.4601,1.31322,55.1617,2.91743,1.60459,1.64152,68.9521,3.64679,2.00574,1.29954,54.5871,2.88704,1.58787,2.28445,95.9583,5.07512,2.79131,0,0,0,0,0,0,0,0,0,0,0,0,0,0
TIC 252795957,F9V,6.035,5898,2.56487,1.42267,7.17205,46.6036,HD  95241,53791,2.67807,57.4648,2.57095,55.1662,2.91767,1.60472,3.21368,68.9578,3.64709,2.0059,2.54416,54.5916,2.88728,1.588,4.47237,95.9662,5.07553,2.79154,0,0,0,0,0,0,0,0,0,0,0,0,0,0
TIC 31799975,F5V,5.946,6688.2,1.69538,1.40435,5.18162,39.6058,HD  21722,15968,2.27632,57.4743,2.18526,55.1754,2.91816,1.60499,2.73158,68.9692,3.6477,2.00623,2.1625,54.6006,2.88776,1.58827,3.80145,95.9821,5.07638,2.79201,0,0,0,0,0,0,0,0,0,0,0,0,0,0
TIC 387541497,F6III-IVs,5.963,6481,1.96741,1.44134,6.15251,43.1358,HD  18262,13679,2.48042,57.5027,2.38121,55.2026,2.91959,1.60578,2.97651,69.0032,3.64949,2.00722,2.3564,54.6275,2.88918,1.58905,4.14231,96.0294,5.07888,2.79338,0,0,0,0,0,0,0,0,0,0,0,0,0,0
TIC 158111591,F5.5V,5.966,6363,1.32504,1.20429,2.59298,27.942,HD  41742,28790,1.61027,57.6292,1.54586,55.324,2.92602,1.60931,1.93233,69.155,3.65752,2.01164,1.52976,54.7477,2.89554,1.59255,2.68916,96.2407,5.09005,2.79953,0,0,0,0,0,0,0,0,0,0,0,0,0,0
TIC 297236135,F8.5IV-V,6.012,6030,1.08766,1.04956,1.40913,20.5737,V* V2213 Oph,83601,1.18707,57.6984,1.13959,55.3904,2.92953,1.61124,1.42448,69.238,3.66191,2.01405,1.12772,54.8134,2.89902,1.59446,1.9824,96.3563,5.09616,2.80289,0,0,0,0,0,0,0,0,0,0,0,0,0,0
TIC 53688090,G5V,6.04,5627,1.57943,1.00582,2.25322,25.7638,HD  50806,33094,1.50107,58.2629,1.44103,55.9324,2.95819,1.62701,1.80129,69.9155,3.69774,2.03376,1.42602,55.3498,2.92738,1.61006,2.50679,97.299,5.14603,2.83031,0,0,0,0,0,0,0,0,0,0,0,0,0,0
TIC 394125166,G8V+,6.12,5338,1.97078,1.07048,2.8411,29.1835,HD 219077,114699,1.68556,57.7572,1.61813,55.4469,2.93252,1.61289,2.02267,69.3087,3.66565,2.01611,1.60128,54.8694,2.90197,1.59608,2.81488,96.4546,5.10136,2.80575,0,0,0,0,0,0,0,0,0,0,0,0,0,0
TIC 209313164,F0V,5.95,6950.8,1.59113,1.43,5.32407,39.9362,HD 213135,111045,2.30739,57.777,2.2151,55.4659,2.93353,1.61344,2.76887,69.3324,3.66691,2.0168,2.19202,54.8882,2.90297,1.59663,3.85335,96.4876,5.10311,2.80671,0,0,0,0,0,0,0,0,0,0,0,0,0,0
TIC 279640088,F5V,5.965,6562,2.23291,1.52,8.32879,49.95,HD  38089,26926,2.88597,57.777,2.77053,55.4659,2.93353,1.61344,3.46316,69.3324,3.66691,2.0168,2.74167,54.8882,2.90297,1.59663,4.81956,96.4876,5.10311,2.80671,0,0,0,0,0,0,0,0,0,0,0,0,0,0
TIC 191721574,F7V,5.978,6157,2.16543,1.43948,6.07097,42.6101,HD   8671,6711,2.46393,57.8251,2.36538,55.5121,2.93596,1.61478,2.95672,69.3901,3.66996,2.01848,2.34074,54.9338,2.90538,1.59796,4.11477,96.5679,5.10735,2.80904,0,0,0,0,0,0,0,0,0,0,0,0,0,0
TIC 189458206,G0V,5.95,6113,1.58304,1.26,3.15281,30.6748,HD 155826,84425,1.77561,57.8851,1.70459,55.5697,2.93901,1.61646,2.13074,69.4621,3.67377,2.02057,1.68683,54.9909,2.9084,1.59962,2.96528,96.6681,5.11266,2.81196,0,0,0,0,0,0,0,0,0,0,0,0,0,0
TIC 368625256,F0Vs,5.922,7073.6,1.60375,1.48258,5.80138,41.544,54 Cet,8588,2.40861,57.9773,2.31226,55.6582,2.94369,1.61903,2.89033,69.5727,3.67962,2.02379,2.28818,55.0784,2.91303,1.60217,4.02237,96.8221,5.1208,2.81644,0,0,0,0,0,0,0,0,0,0,0,0,0,0
TIC 259254485,F6V,5.932,6374,2.09139,1.4596,6.50447,43.8367,HD  20675,15669,2.55039,58.1792,2.44837,55.8521,2.95395,1.62467,3.06046,69.8151,3.69243,2.03084,2.42287,55.2703,2.92318,1.60775,4.25914,97.1593,5.13864,2.82625,0,0,0,0,0,0,0,0,0,0,0,0,0,0
TIC 416187726,,6.026,6674,1.46627,1.31883,3.84295,35.2714,HD  31662A,23380,1.96035,55.5789,1.88193,53.3557,2.82192,1.55206,2.35241,66.6947,3.5274,1.94007,1.86233,52.7999,2.79252,1.53589,3.27378,92.8167,4.90896,2.69993,0,0,0,0,0,0,0,0,0,0,0,0,0,0
TIC 466443343,F5VSr,6.063,6572.8,1.62798,1.35392,4.45652,38.0389,HD   2454,2235,2.11105,55.4971,2.0266,53.2772,2.81776,1.54977,2.53326,66.5965,3.52221,1.93721,2.00549,52.7222,2.78841,1.53363,3.52545,92.6801,4.90174,2.69596,0,0,0,0,0,0,0,0,0,0,0,0,0,0
TIC 468418392,F6V:,6.21,6337,1.21672,1.16455,2.15086,28.0843,HD  31675,23484,1.46658,52.2207,1.40792,50.1318,2.65141,1.45828,1.7599,62.6648,3.31426,1.82285,1.39325,49.6096,2.62379,1.44309,2.44919,87.2085,4.61235,2.53679,0,0,0,0,0,0,0,0,0,0,0,0,0,0
TIC 457880598,G6V,6.268,5511,0.878735,0.847362,0.6417,15.1054,HD 122742,68682,0.801062,53.0316,0.769019,50.9104,2.69259,1.48092,0.961274,63.638,3.36573,1.85115,0.761009,50.3801,2.66454,1.4655,1.33777,88.5628,4.68398,2.57619,0,0,0,0,0,0,0,0,0,0,0,0,0,0
TIC 22295632,F9VFe-0.7CH-0.4,6.2,6091,1.51104,1.12465,2.8314,31.8788,HD 162396,87523,1.68268,52.7835,1.61537,50.6722,2.67999,1.47399,2.01921,63.3402,3.34999,1.84249,1.59854,50.1443,2.65207,1.45864,2.81007,88.1485,4.66206,2.56413,0,0,0,0,0,0,0,0,0,0,0,0,0,0
TIC 435915513,DA3+F6V,6.141,6549,1.94365,1.4506,6.2608,47.3165,HD  27483,20284,2.50216,52.8813,2.40207,50.766,2.68495,1.47672,3.00259,63.4576,3.35619,1.84591,2.37705,50.2372,2.65699,1.46134,4.17861,88.3118,4.6707,2.56889,0,0,0,0,0,0,0,0,0,0,0,0,0,0
TIC 27533327,G3V,6.2,5748,1.12676,0.928007,1.2486,21.1187,16 Cyg B,96901,1.11741,52.9107,1.07271,50.7943,2.68645,1.47755,1.34089,63.4929,3.35806,1.84693,1.06154,50.2652,2.65846,1.46216,1.86607,88.3609,4.6733,2.57031,0,0,0,0,0,0,0,0,0,0,0,0,0,0
TIC 248854510,G1V,6.192,5911,1.36217,1.02214,2.04079,26.993,11 Aqr,103682,1.42856,52.9235,1.37142,50.8066,2.6871,1.4779,1.71427,63.5082,3.35887,1.84738,1.35713,50.2773,2.65911,1.46251,2.3857,88.3822,4.67443,2.57094,0,0,0,0,0,0,0,0,0,0,0,0,0,0
GAIA DR3 3215139851235339904,F2/3V,6.154,6555,1.81602,1.42,5.48563,44.238,HD  34180,24493,2.34214,52.9441,2.24846,50.8263,2.68814,1.47848,2.81057,63.5329,3.36018,1.8481,2.22503,50.2969,2.66014,1.46308,3.91138,88.4166,4.67624,2.57193,0,0,0,0,0,0,0,0,0,0,0,0,0,0
TIC 410540533,A2Ib/II,6.117,7313.6,1.64858,1.56677,7.00551,49.9542,V* HR Lib,78078,2.64679,52.9844,2.54092,50.865,2.69019,1.4796,3.17615,63.5813,3.36274,1.8495,2.51445,50.3352,2.66217,1.46419,4.42014,88.4839,4.67981,2.57389,0,0,0,0,0,0,0,0,0,0,0,0,0,0
TIC 1715686794,F0V,6.062,7141.49,1.69161,1.35,6.70585,48.8319,eps01 Lyr B,,2.58957,53.0303,2.48598,50.909,2.69252,1.48088,3.10748,63.6363,3.36565,1.85111,2.46009,50.3787,2.66447,1.46546,4.32458,88.5605,4.68386,2.57612,0,0,0,0,0,0,0,0,0,0,0,0,0,0
TIC 278614418,G2V,6.23,5757,1.16107,0.934719,1.33413,21.7796,HD 210918,109821,1.15504,53.0333,1.10884,50.9119,2.69267,1.48097,1.38605,63.6399,3.36584,1.85121,1.09729,50.3816,2.66462,1.46554,1.92892,88.5656,4.68412,2.57627,0,0,0,0,0,0,0,0,0,0,0,0,0,0
TIC 394274870,F5/6IV/V,6.146,6489.2,1.70163,1.36213,4.62583,40.7787,sig Hyi,8991,2.15078,52.7426,2.06474,50.6329,2.67791,1.47285,2.58093,63.2912,3.34739,1.84107,2.04324,50.1055,2.65002,1.45751,3.59179,88.0802,4.65845,2.56215,0,0,0,0,0,0,0,0,0,0,0,0,0,0
TIC 9899967,F5VFe-0.7CH-0.5,6.143,6625.4,1.51026,1.33,3.95954,37.4135,14 Eri,15244,1.98986,53.1856,1.91027,51.0581,2.7004,1.48522,2.38783,63.8227,3.3755,1.85653,1.89037,50.5263,2.67227,1.46975,3.32307,88.8199,4.69757,2.58367,0,0,0,0,0,0,0,0,0,0,0,0,0,0
TIC 365725318,F9.5V,6.25,6068,1.12968,1.0488,1.55878,23.4693,HD 167425,89805,1.24851,53.1976,1.19857,51.0697,2.70101,1.48556,1.49822,63.8372,3.37627,1.85695,1.18609,50.5377,2.67288,1.47008,2.08502,88.84,4.69864,2.58425,0,0,0,0,0,0,0,0,0,0,0,0,0,0
TIC 251091413,F3V,6.11,6464,1.23765,1.23078,2.40933,29.1677,37 Lyn,45836,1.5522,53.2164,1.49011,51.0878,2.70197,1.48608,1.86264,63.8597,3.37746,1.8576,1.47459,50.5556,2.67382,1.4706,2.59218,88.8714,4.7003,2.58517,0,0,0,0,0,0,0,0,0,0,0,0,0,0
TIC 456398764,F7V,6.152,6253,1.17992,1.15092,1.91758,26.0204,HD 194012,100511,1.38477,53.2184,1.32938,51.0897,2.70207,1.48614,1.66172,63.8621,3.37759,1.85767,1.31553,50.5575,2.67392,1.47066,2.31256,88.8747,4.70048,2.58526,0,0,0,0,0,0,0,0,0,0,0,0,0,0
TIC 78272071,F8V,6.15,6293,1.50577,1.23878,3.20361,33.6126,HD 102634,57629,1.78986,53.2498,1.71827,51.1198,2.70366,1.48701,2.14784,63.8997,3.37958,1.85877,1.70037,50.5873,2.6755,1.47152,2.98907,88.9271,4.70325,2.58678,0,0,0,0,0,0,0,0,0,0,0,0,0,0
TIC 129782156,G1V,6.18,5854,1.65623,1.16,2.90233,31.9787,HD  15064,11231,1.70362,53.2736,1.63548,51.1427,2.70487,1.48768,2.04435,63.9284,3.38109,1.8596,1.61844,50.61,2.6767,1.47218,2.84505,88.967,4.70535,2.58794,0,0,0,0,0,0,0,0,0,0,0,0,0,0
TIC 98077296,A8III/IV,6.076,7355.86,1.55821,1.5368,6.40447,47.4384,HD  55568,34782,2.53071,53.3473,2.42948,51.2134,2.70861,1.48974,3.03685,64.0167,3.38576,1.86217,2.40417,50.6799,2.6804,1.47422,4.22628,89.0899,4.71186,2.59152,0,0,0,0,0,0,0,0,0,0,0,0,0,0
TIC 28238963,F2V,6.166,6724,1.60611,1.39521,4.75068,41.3055,HD 130817,72469,2.17961,52.7679,2.09242,50.6572,2.6792,1.47356,2.61553,63.3215,3.349,1.84195,2.07063,50.1295,2.65129,1.45821,3.63994,88.1224,4.66069,2.56338,0,0,0,0,0,0,0,0,0,0,0,0,0,0
TIC 141327580,G0V,6.194,6093,1.55397,1.11516,2.9985,32.8414,HD  18894,14124,1.73162,52.7266,1.66235,50.6176,2.6771,1.4724,2.07794,63.2719,3.34637,1.84051,1.64504,50.0903,2.64921,1.45707,2.8918,88.0534,4.65704,2.56137,0,0,0,0,0,0,0,0,0,0,0,0,0,0
TIC 178650755,G0V,6.177,5961,1.9062,1.19783,4.1334,38.0291,HD  70110,40858,2.03308,53.4611,1.95175,51.3227,2.71439,1.49292,2.43969,64.1533,3.39299,1.86615,1.93142,50.7881,2.68612,1.47737,3.39524,89.2801,4.72191,2.59705,0,0,0,0,0,0,0,0,0,0,0,0,0,0
TIC 375034557,G1/2V,6.182,5913,1.09617,1.08,1.32336,21.9018,HD  48189,31711,1.15037,52.5243,1.10436,50.4233,2.66683,1.46675,1.38045,63.0291,3.33353,1.83344,1.09286,49.8981,2.63905,1.45148,1.92113,87.7156,4.63917,2.55154,0,0,0,0,0,0,0,0,0,0,0,0,0,0
TIC 456905162,G3Va,6.279,5621,1.8254,1.09003,2.99685,33.1211,109 Psc,8159,1.73114,52.267,1.66189,50.1763,2.65376,1.45957,2.07737,62.7204,3.31721,1.82446,1.64458,49.6537,2.62612,1.44437,2.891,87.2859,4.61644,2.53904,0,0,0,0,0,0,0,0,0,0,0,0,0,0
TIC 415846785,F5V,6.163,6429,1.32604,1.34,2.70635,31.3655,HD 211976,110341,1.6451,52.4493,1.57929,50.3514,2.66302,1.46466,1.97412,62.9392,3.32878,1.83083,1.56284,49.8269,2.63528,1.4494,2.74731,87.5904,4.63255,2.5479,0,0,0,0,0,0,0,0,0,0,0,0,0,0
TIC 21113446,G2V,6.26,5763,1.41285,0.983802,1.98373,26.85,HD 108309,60729,1.40845,52.4561,1.35211,50.3579,2.66337,1.46485,1.69014,62.9473,3.32921,1.83106,1.33803,49.8333,2.63562,1.44959,2.35211,87.6017,4.63315,2.54823,0,0,0,0,0,0,0,0,0,0,0,0,0,0
TIC 289813241,G5IV,6.28,5553,2.57795,1.36497,5.69319,45.4776,HD 164507,88217,2.38604,52.4662,2.2906,50.3676,2.66388,1.46513,2.86325,62.9595,3.32985,1.83142,2.26674,49.8429,2.63613,1.44987,3.98469,87.6186,4.63404,2.54872,0,0,0,0,0,0,0,0,0,0,0,0,0,0
TIC 141249230,F9V,6.208,6038,1.06918,1.06055,1.36889,22.2923,HD 108954,61053,1.17,52.4842,1.1232,50.3849,2.66479,1.46564,1.404,62.9811,3.33099,1.83205,1.1115,49.86,2.63703,1.45037,1.95389,87.6487,4.63563,2.5496,0,0,0,0,0,0,0,0,0,0,0,0,0,0
TIC 446436963,G1.5V,6.27,5676,0.947227,0.920851,0.83902,17.4497,HD 126053,70319,0.91598,52.4927,0.879341,50.393,2.66522,1.46587,1.09918,62.9912,3.33153,1.83234,0.870181,49.868,2.63746,1.4506,1.52969,87.6628,4.63638,2.55001,0,0,0,0,0,0,0,0,0,0,0,0,0,0
TIC 72290819,G3V,6.552,5648,1.19142,0.892873,1.30137,21.7219,HD  24409,18413,1.14078,52.5172,1.09514,50.4165,2.66647,1.46656,1.36893,63.0206,3.33308,1.8332,1.08374,49.8913,2.63869,1.45128,1.90509,87.7037,4.63854,2.5512,0,0,0,0,0,0,0,0,0,0,0,0,0,0
TIC 348503219,F7V,6.181,6320,1.28753,1.17777,2.38273,29.3884,HD 174160,92270,1.54361,52.5245,1.48187,50.4235,2.66684,1.46676,1.85233,63.0294,3.33355,1.83345,1.46643,49.8983,2.63906,1.45148,2.57783,87.7159,4.63919,2.55155,0,0,0,0,0,0,0,0,0,0,0,0,0,0
TIC 254893790,A9III,6.117,7272.15,1.55702,1.52141,6.1085,46.8939,HD 141296,77574,2.47154,52.7049,2.37268,50.5967,2.676,1.4718,2.96585,63.2459,3.345,1.83975,2.34796,50.0697,2.64812,1.45647,4.12747,88.0172,4.65512,2.56032,0,0,0,0,0,0,0,0,0,0,0,0,0,0
TIC 194303203,F8IV,6.213,6169,1.49998,1.21404,2.93579,32.607,HD    400,699,1.71342,52.5475,1.64488,50.4456,2.668,1.4674,2.0561,63.057,3.335,1.83425,1.62774,49.9201,2.64021,1.45212,2.8614,87.7543,4.64121,2.55267,0,0,0,0,0,0,0,0,0,0,0,0,0,0
TIC 406507334,G0V,6.197,6135,2.00247,1.26818,5.11781,43.0287,HD 114630,64478,2.26226,52.5756,2.17177,50.4726,2.66943,1.46819,2.71471,63.0907,3.33679,1.83523,2.14914,49.9468,2.64162,1.45289,3.77797,87.8012,4.6437,2.55403,0,0,0,0,0,0,0,0,0,0,0,0,0,0
TIC 91359060,F7V,6.215,6057,2.17475,1.15,5.73515,45.5317,39 Gem,33595,2.39482,52.5966,2.29902,50.4928,2.6705,1.46878,2.87378,63.116,3.33813,1.83597,2.27508,49.9668,2.64268,1.45348,3.99934,87.8364,4.64556,2.55506,0,0,0,0,0,0,0,0,0,0,0,0,0,0
TIC 379098932,F2V,6.162,6645.4,1.41053,1.30491,3.4958,35.5256,HD 119288,66860,1.86971,52.6298,1.79492,50.5246,2.67219,1.4697,2.24365,63.1558,3.34023,1.83713,1.77622,49.9983,2.64435,1.45439,3.12241,87.8918,4.64849,2.55667,0,0,0,0,0,0,0,0,0,0,0,0,0,0
TIC 110541820,F8,6.184,6114,1.32661,1.13939,2.21557,28.2725,3 Cyg,95492,1.48848,52.6476,1.42894,50.5417,2.67309,1.4702,1.78617,63.1771,3.34136,1.83775,1.41405,50.0152,2.64524,1.45488,2.48576,87.9214,4.65006,2.55753,0,0,0,0,0,0,0,0,0,0,0,0,0,0
TIC 245351151,F6Vs,6.157,6546.4,1.70215,1.3652,4.794,41.568,HD 218235,114081,2.18952,52.6732,2.10194,50.5663,2.67439,1.47091,2.62742,63.2079,3.34299,1.83864,2.08004,50.0396,2.64653,1.45559,3.6565,87.9643,4.65232,2.55878,0,0,0,0,0,0,0,0,0,0,0,0,0,0
TIC 423637423,F2/3V,6.131,6795.8,1.61715,1.40648,5.02526,42.5337,HD   2630,2337,2.24171,52.7043,2.15204,50.5961,2.67597,1.47178,2.69005,63.2452,3.34496,1.83973,2.12962,50.0691,2.64809,1.45645,3.74365,88.0162,4.65507,2.56029,0,0,0,0,0,0,0,0,0,0,0,0,0,0
TIC 458457378,F6V,6.17,6108,1.16738,1.09821,1.70888,24.4878,HD 121560,68030,1.30724,53.3833,1.25495,51.248,2.71044,1.49074,1.56869,64.06,3.38805,1.86343,1.24188,50.7142,2.68221,1.47522,2.18309,89.1502,4.71504,2.59327,0,0,0,0,0,0,0,0,0,0,0,0,0,0
TIC 156084350,F7V,6.15,6233,2.13976,1.43678,6.22604,46.6539,HD   4304,3527,2.4952,53.4833,2.3954,51.3439,2.71552,1.49353,2.99425,64.1799,3.3944,1.86692,2.37044,50.8091,2.68723,1.47798,4.16699,89.3171,4.72387,2.59813,0,0,0,0,0,0,0,0,0,0,0,0,0,0
TIC 437695779,F0V,6.043,6783,1.77097,1.45574,5.98144,44.1045,39 Aqr,109624,2.4457,55.4523,2.34787,53.2342,2.81549,1.54852,2.93484,66.5428,3.51937,1.93565,2.32341,52.6797,2.78617,1.53239,4.08432,92.6054,4.89779,2.69378,0,0,0,0,0,0,0,0,0,0,0,0,0,0
TIC 229159785,F8.5Fe-0.7,6.1,6216,1.26077,1.15662,2.13801,26.6895,HD  12042,9085,1.46219,54.7852,1.4037,52.5938,2.78162,1.52989,1.75463,65.7423,3.47703,1.91237,1.38908,52.046,2.75265,1.51396,2.44186,91.4914,4.83886,2.66138,0,0,0,0,0,0,0,0,0,0,0,0,0,0
TIC 9967949,G5/6V,6.23,5444,2.28683,0.96,4.13844,37.273,HD  21019,15776,2.03432,54.5788,1.95294,52.3957,2.77114,1.52413,2.44118,65.4946,3.46393,1.90516,1.9326,51.8499,2.74228,1.50825,3.39731,91.1466,4.82063,2.65135,0,0,0,0,0,0,0,0,0,0,0,0,0,0
TIC 231861257,F0IV/V,6.058,6882.1,1.85854,1.51839,6.98105,48.3997,HD  11995,8983,2.64217,54.5906,2.53648,52.407,2.77174,1.52446,3.1706,65.5087,3.46468,1.90557,2.51006,51.8611,2.74287,1.50858,4.41242,91.1663,4.82167,2.65192,0,0,0,0,0,0,0,0,0,0,0,0,0,0
TIC 92226990,G0V,6.15,5821,1.73882,1.10769,3.12747,32.3559,18 Cet,3559,1.76847,54.6567,1.69773,52.4705,2.7751,1.5263,2.12216,65.5881,3.46887,1.90788,1.68004,51.9239,2.74619,1.51041,2.95334,91.2768,4.82752,2.65513,0,0,0,0,0,0,0,0,0,0,0,0,0,0
TIC 151897383,F5.5V,6.12,6296,1.44363,1.22929,2.95031,31.4119,HD 155974,84489,1.71765,54.6814,1.64894,52.4942,2.77635,1.52699,2.06117,65.6177,3.47044,1.90874,1.63176,51.9474,2.74743,1.51109,2.86847,91.318,4.8297,2.65633,0,0,0,0,0,0,0,0,0,0,0,0,0,0
TIC 281360699,G0V,6.159,5715,1.50713,1.00611,2.18304,27.0025,HD 187923,97767,1.47751,54.7175,1.41841,52.5288,2.77818,1.528,1.77301,65.661,3.47273,1.91,1.40363,51.9816,2.74924,1.51208,2.46744,91.3782,4.83288,2.65808,0,0,0,0,0,0,0,0,0,0,0,0,0,0
TIC 318837103,kA8hA9mF0III,6.031,7071,1.78625,1.57,7.18624,48.9902,HD  17163,12862,2.68072,54.7195,2.57349,52.5307,2.77828,1.52806,3.21686,65.6634,3.47286,1.91007,2.54668,51.9835,2.74934,1.51214,4.4768,91.3816,4.83306,2.65818,0,0,0,0,0,0,0,0,0,0,0,0,0,0
TIC 77371530,F2/3V,6.055,6795,1.94826,1.52606,7.29034,49.3142,nu. Cae,22488,2.70006,54.7523,2.59206,52.5622,2.77995,1.52897,3.24008,65.7027,3.47494,1.91121,2.56506,52.0147,2.75099,1.51304,4.50911,91.4363,4.83595,2.65977,0,0,0,0,0,0,0,0,0,0,0,0,0,0
TIC 159880447,F0IV,6.032,7244,1.69505,1.54711,7.12812,48.6956,HD 143584,78286,2.66985,54.8274,2.56306,52.6344,2.78377,1.53107,3.20383,65.7929,3.47971,1.91384,2.53636,52.0861,2.75477,1.51512,4.45866,91.5618,4.84259,2.66343,0,0,0,0,0,0,0,0,0,0,0,0,0,0
TIC 152972531,A8V+F3V,5.93,6586,1.77792,1.45,5.35805,42.4989,HD  20121,14913,2.31475,54.466,2.22216,52.2874,2.76541,1.52098,2.7777,65.3592,3.45677,1.90122,2.19901,51.7427,2.73661,1.50513,3.86563,90.9582,4.81067,2.64587,0,0,0,0,0,0,0,0,0,0,0,0,0,0
TIC 317021841,G0V,6.119,5922,1.2217,1.05135,1.65387,23.3997,HD 212168,110712,1.28603,54.9591,1.23459,52.7607,2.79045,1.53475,1.54323,65.9509,3.48806,1.91843,1.22173,52.2112,2.76138,1.51876,2.14767,91.7817,4.85422,2.66982,0,0,0,0,0,0,0,0,0,0,0,0,0,0
TIC 175838533,F7V,6.08,6294,1.58359,1.19,3.54559,34.256,HD 132375,73309,1.88297,54.9677,1.80765,52.769,2.79089,1.53499,2.25957,65.9613,3.48861,1.91874,1.78882,52.2194,2.76182,1.519,3.14456,91.7961,4.85498,2.67024,0,0,0,0,0,0,0,0,0,0,0,0,0,0
TIC 10839729,F5V,5.749,6508,1.61691,1.39,4.22528,37.2717,HD  10453,7916,2.05555,55.1503,1.97333,52.9443,2.80016,1.54009,2.46666,66.1804,3.5002,1.92511,1.95277,52.3928,2.77099,1.52405,3.43276,92.1011,4.87111,2.67911,0,0,0,0,0,0,0,0,0,0,0,0,0,0
TIC 400316888,G0V,6.135,5890,1.35758,1.01503,1.99843,25.6284,HD  41330,28908,1.41366,55.1599,1.35711,52.9535,2.80065,1.54036,1.69639,66.1919,3.50081,1.92544,1.34298,52.4019,2.77147,1.52431,2.36081,92.1171,4.87196,2.67958,0,0,0,0,0,0,0,0,0,0,0,0,0,0
TIC 443299918,F4V,6.08,6504,1.75342,1.38803,4.95666,40.2901,HD 115149,64790,2.22636,55.2581,2.1373,53.0478,2.80563,1.5431,2.67163,66.3097,3.50704,1.92887,2.11504,52.4952,2.77641,1.52702,3.71801,92.281,4.88063,2.68435,0,0,0,0,0,0,0,0,0,0,0,0,0,0
TIC 254147274,G6V,6.16,5633,0.98514,1,0.880338,16.9396,HD 177565,93858,0.938263,55.3886,0.900733,53.1731,2.81226,1.54674,1.12592,66.4664,3.51532,1.93343,0.89135,52.6192,2.78296,1.53063,1.5669,92.499,4.89216,2.69069,0,0,0,0,0,0,0,0,0,0,0,0,0,0
TIC 122983034,F5IV,5.765,6744,1.70973,1.48,5.4478,42.1025,HD  64235,38474,2.33405,55.4374,2.24069,53.2199,2.81473,1.5481,2.80086,66.5248,3.51842,1.93513,2.21735,52.6655,2.78541,1.53198,3.89787,92.5804,4.89646,2.69305,0,0,0,0,0,0,0,0,0,0,0,0,0,0
TIC 347364053,F4V,5.985,6701.87,1.98809,1.51086,7.18374,49.1852,39 Com,63948,2.68025,54.493,2.57304,52.3133,2.76679,1.52173,3.2163,65.3916,3.45848,1.90217,2.54624,51.7684,2.73797,1.50588,4.47602,91.0034,4.81305,2.64718,0,0,0,0,0,0,0,0,0,0,0,0,0,0
TIC 348664155,F3V,6.07,6816.7,1.70447,1.44466,5.65157,43.7071,HD  26015,19261,2.3773,54.3916,2.28221,52.216,2.76164,1.5189,2.85276,65.27,3.45205,1.89863,2.25844,51.672,2.73287,1.50308,3.9701,90.834,4.8041,2.64225,0,0,0,0,0,0,0,0,0,0,0,0,0,0
TIC 129479892,F5V,6.13,6468.4,1.3475,1.2282,2.86378,31.5525,HD 192886,100184,1.69227,53.6335,1.62458,51.4881,2.72314,1.49773,2.03073,64.3602,3.40393,1.87216,1.60766,50.9518,2.69478,1.48213,2.82609,89.5679,4.73713,2.60542,0,0,0,0,0,0,0,0,0,0,0,0,0,0
TIC 167656187,F5VFe+0.4,6.098,6597,1.40062,1.26914,3.34752,33.9191,HD  50571,32775,1.82962,53.9408,1.75644,51.7832,2.73875,1.50631,2.19555,64.729,3.42344,1.88289,1.73814,51.2438,2.71022,1.49062,3.05547,90.0812,4.76428,2.62036,0,0,0,0,0,0,0,0,0,0,0,0,0,0
TIC 352568874,F5V,6.133,6485,1.99504,1.45184,6.34218,46.9202,HD 204121,105864,2.51837,53.6735,2.41763,51.5266,2.72518,1.49885,3.02204,64.4082,3.40647,1.87356,2.39245,50.9898,2.69679,1.48323,4.20568,89.6347,4.74067,2.60737,0,0,0,0,0,0,0,0,0,0,0,0,0,0
TIC 17233245,F2Vn,6.094,6831,1.7558,1.46236,6.0476,45.7968,HD  27429,20255,2.45919,53.6977,2.36082,51.5498,2.72641,1.49952,2.95102,64.4373,3.40801,1.8744,2.33623,51.0128,2.69801,1.4839,4.10684,89.6752,4.74281,2.60855,0,0,0,0,0,0,0,0,0,0,0,0,0,0
TIC 250957244,F8V,6.16,5975.6,1.27828,1.12,1.87705,25.5116,HD 213429,111170,1.37005,53.7032,1.31525,51.555,2.72668,1.49967,1.64406,64.4438,3.40835,1.87459,1.30155,51.018,2.69828,1.48405,2.28799,89.6843,4.74329,2.60881,0,0,0,0,0,0,0,0,0,0,0,0,0,0
TIC 801604587,A4V,6.09,6431.28,1.77363,1.37251,4.84856,40.9639,38 Lyn B,,2.20194,53.7533,2.11387,51.6032,2.72923,1.50108,2.64233,64.504,3.41154,1.87634,2.09185,51.0656,2.7008,1.48544,3.67725,89.768,4.74772,2.61125,0,0,0,0,0,0,0,0,0,0,0,0,0,0
TIC 180172954,G3III,6.22,5543.81,2.76792,1.43667,6.51984,47.4481,HD 109492,61443,2.5534,53.8146,2.45126,51.662,2.73234,1.50279,3.06408,64.5775,3.41542,1.87848,2.42573,51.1238,2.70388,1.48713,4.26418,89.8703,4.75313,2.61422,0,0,0,0,0,0,0,0,0,0,0,0,0,0
TIC 220436223,F5V,6.107,6561.8,1.26701,1.24188,2.6813,30.4001,HD  31746,22844,1.63747,53.8639,1.57197,51.7094,2.73484,1.50416,1.96496,64.6367,3.41856,1.88021,1.55559,51.1707,2.70636,1.4885,2.73457,89.9527,4.75749,2.61662,0,0,0,0,0,0,0,0,0,0,0,0,0,0
TIC 114916975,F2V,6.096,6737.8,1.64116,1.39889,5.00116,41.4969,HD 199684,103646,2.23633,53.8915,2.14687,51.7358,2.73624,1.50493,2.68359,64.6698,3.4203,1.88117,2.12451,51.1969,2.70774,1.48926,3.73467,89.9987,4.75992,2.61796,0,0,0,0,0,0,0,0,0,0,0,0,0,0
TIC 323283392,F7V,6.112,6488.5,1.48287,1.26951,3.5114,34.7136,HD  21899,16310,1.87387,53.9809,1.79892,51.8217,2.74078,1.50743,2.24865,64.7771,3.42598,1.88429,1.78018,51.2819,2.71224,1.49173,3.12937,90.1481,4.76782,2.6223,0,0,0,0,0,0,0,0,0,0,0,0,0,0
TIC 70829383,G0V,6.13,5812,1.70117,1.06,2.97504,31.7131,HD  88218,49769,1.72483,54.3886,1.65584,52.2131,2.76149,1.51882,2.0698,65.2664,3.45186,1.89852,1.63859,51.6692,2.73272,1.503,2.88047,90.829,4.80383,2.64211,0,0,0,0,0,0,0,0,0,0,0,0,0,0
TIC 53304943,F6V,6.11,6459,1.4398,1.2535,3.2506,33.3947,38 Vir,62875,1.80294,53.9888,1.73082,51.8293,2.74119,1.50765,2.16353,64.7866,3.42648,1.88457,1.71279,51.2894,2.71263,1.49195,3.01091,90.1613,4.76852,2.62269,0,0,0,0,0,0,0,0,0,0,0,0,0,0
TIC 6994727,F5IIIm?,6.13,6479,1.94895,1.4538,6.03015,45.4348,d02 Cnc,41319,2.45564,54.0475,2.35741,51.8856,2.74417,1.50929,2.94676,64.857,3.43021,1.88662,2.33285,51.3452,2.71558,1.49357,4.10091,90.2594,4.77371,2.62554,0,0,0,0,0,0,0,0,0,0,0,0,0,0
TIC 166178883,F4IV,6.11,6588,1.31468,1.27688,2.93326,31.6614,HD 127821,70952,1.71268,54.0936,1.64417,51.9299,2.74651,1.51058,2.05521,64.9123,3.43313,1.88822,1.62704,51.3889,2.7179,1.49484,2.86017,90.3363,4.77778,2.62778,0,0,0,0,0,0,0,0,0,0,0,0,0,0
TIC 153797277,F5.5V,6.1,6457.5,1.41454,1.25751,3.13462,32.6645,HD  28454,20781,1.77049,54.2021,1.69967,52.034,2.75202,1.51361,2.12458,65.0425,3.44002,1.89201,1.68196,51.492,2.72335,1.49784,2.95671,90.5175,4.78736,2.63305,0,0,0,0,0,0,0,0,0,0,0,0,0,0
TIC 429251484,F9VFe-0.6CH-0.3,6.116,6147,1.60673,1.2487,3.32071,33.5612,HD 195838,101507,1.82228,54.2973,1.74939,52.1254,2.75685,1.51627,2.18674,65.1567,3.44606,1.89533,1.73117,51.5824,2.72813,1.50047,3.04321,90.6764,4.79576,2.63767,0,0,0,0,0,0,0,0,0,0,0,0,0,0
TIC 284794221,G3,6.177,5792,1.48799,1.01955,2.24495,27.5605,13 Ori,23852,1.49831,54.3646,1.43838,52.19,2.76026,1.51815,1.79798,65.2375,3.45033,1.89768,1.4234,51.6463,2.73151,1.50233,2.50219,90.7888,4.80171,2.64094,0,0,0,0,0,0,0,0,0,0,0,0,0,0
TIC 274764311,G2V,6.166,5797,1.02555,0.946466,1.07009,19.0224,HD 190771,98921,1.03445,54.3808,0.993074,52.2056,2.76109,1.5186,1.24134,65.2569,3.45136,1.89825,0.982729,51.6617,2.73233,1.50278,1.72753,90.8159,4.80314,2.64173,0,0,0,0,0,0,0,0,0,0,0,0,0,0
TIC 230085290,F8,7.1,5898,1.19618,0.991864,1.55994,35.3149,HD 148941,80467,1.24898,35.3669,1.19902,33.9522,1.79569,0.987629,1.49877,42.4402,2.24461,1.23454,1.18653,33.5985,1.77698,0.977341,2.08579,59.0627,3.12375,1.71806,0,0,0,0,0,0,0,0,0,0,0,0,0,0
